MedInc,HouseAge,AveRooms,Latitude,Longitude,target
5.4322,35.0,6.903465346534653,37.51,-122.3,3.91
4.4444,16.0,6.2555555555555555,38.35,-122.69,1.918
2.9479,22.0,5.222493887530562,34.6,-120.14,2.431
4.425,26.0,5.123134328358209,32.85,-117.27,4.75
1.1985,39.0,3.879021879021879,33.99,-118.41,2.15
2.1414,46.0,2.8577319587628867,34.05,-118.3,1.577
2.2348,33.0,3.6658259773013873,34.09,-118.17,1.466
3.2093,32.0,4.788405797101449,33.98,-118.07,1.678
4.2324,9.0,6.118727050183598,38.34,-121.95,1.421
1.7813,29.0,4.648578811369509,36.43,-119.69,0.579
3.0149,52.0,4.276639344262295,37.8,-122.25,2.184
1.7038,28.0,4.598774885145483,41.73,-124.22,0.783
5.2174,5.0,7.306956521739131,33.95,-117.21,1.555
2.3567,26.0,2.2928286852589643,34.07,-118.29,2.531
2.5192,28.0,4.345360824742268,34.04,-117.97,1.573
4.1312,35.0,5.091787439613527,34.08,-117.92,1.852
3.8235,10.0,5.34593837535014,36.32,-119.35,0.946
3.5357,22.0,4.859504132231405,34.05,-118.09,1.99
2.6902,17.0,6.035294117647059,36.8,-119.24,0.944
1.808,26.0,3.92512077294686,33.76,-118.09,0.585
3.375,24.0,5.58203125,40.76,-124.15,1.006
4.6674,16.0,5.722154222766218,32.84,-116.92,1.78
2.4583,31.0,5.325925925925926,34.65,-120.47,1.281
0.8054,52.0,2.903225806451613,35.38,-119.02,0.6
3.1579,22.0,3.673186119873817,34.0,-118.44,2.431
5.8855,18.0,6.535809018567639,33.87,-118.05,3.138
2.2442,42.0,4.795258620689655,34.14,-117.91,1.667
3.2574,30.0,4.186335403726708,33.88,-118.3,1.953
6.2073,5.0,7.184633027522936,38.0,-122.26,2.729
6.5704,26.0,6.239221140472879,33.76,-118.31,4.147
4.5701,5.0,5.965317919075145,37.65,-121.05,1.464
7.8193,33.0,6.881533101045296,34.28,-118.52,3.796
5.5787,42.0,6.306451612903226,33.93,-118.31,1.42
3.6917,35.0,6.047808764940239,33.91,-118.12,1.975
3.0,5.0,5.484725050916497,36.08,-119.07,0.71
4.4583,30.0,5.784070796460177,38.0,-121.82,1.31
3.7988,14.0,4.180473372781065,33.69,-117.77,1.841
0.8836,30.0,2.662280701754386,37.8,-122.41,4.5
4.0433,13.0,6.996116504854369,33.73,-116.93,1.323
5.6013,35.0,5.771428571428571,33.83,-118.36,3.502
7.598,21.0,6.562162162162162,37.27,-121.99,3.478
2.375,26.0,6.0,35.87,-120.13,0.713
5.2145,28.0,6.807407407407408,37.96,-121.96,2.292
2.8672,30.0,4.635616438356164,34.06,-118.13,1.985
6.9343,2.0,8.091954022988507,33.56,-117.7,2.985
4.7019,35.0,4.991769547325103,37.63,-122.09,1.741
1.775,40.0,2.6875,37.82,-122.27,1.125
2.9965,20.0,5.839160839160839,39.49,-121.49,0.889
5.5,30.0,6.004651162790697,33.79,-118.26,1.815
5.0346,16.0,6.342696629213483,33.15,-117.14,1.746
4.3375,31.0,6.240121580547113,37.7,-122.09,2.418
2.3221,44.0,4.743362831858407,33.96,-118.2,1.616
2.2402,34.0,3.1626187961985215,34.02,-118.42,4.5
3.0391,20.0,5.59877800407332,36.41,-118.86,1.397
3.5455,31.0,5.084615384615384,33.92,-118.09,1.683
4.0223,33.0,5.047520661157025,34.3,-118.43,1.46
3.94,31.0,5.0903846153846155,34.1,-118.03,2.239
3.1563,22.0,8.420689655172414,36.85,-121.91,3.0
3.2344,14.0,5.248730964467005,34.08,-117.69,1.282
3.6806,35.0,6.701657458563536,32.81,-117.16,1.724
4.9618,7.0,6.153905645784996,38.0,-121.72,1.565
5.0839,36.0,6.221719457013575,33.89,-118.02,1.982
6.0891,5.0,5.469594594594595,32.91,-117.16,2.146
1.6559,48.0,5.161662817551963,33.99,-118.31,1.014
2.5909,17.0,4.871478873239437,38.66,-121.33,1.254
2.4167,37.0,5.121359223300971,34.09,-117.89,1.813
3.3393,45.0,4.256997455470738,37.76,-122.5,2.723
6.8088,20.0,6.737878787878788,37.26,-121.9,2.833
6.3298,16.0,5.618491921005386,33.7,-117.79,2.471
3.9338,36.0,4.9125,37.64,-122.08,1.827
4.2,35.0,4.49820788530466,33.86,-118.11,2.269
4.2708,24.0,4.882943143812709,34.31,-118.46,2.182
2.2813,29.0,3.4463971880492092,32.75,-117.14,1.181
3.4875,31.0,5.199186991869919,32.69,-117.08,1.17
3.8056,36.0,4.651488616462347,33.76,-117.89,1.772
3.79,52.0,4.643867924528302,32.74,-117.12,1.634
3.9728,28.0,4.433806146572104,37.57,-122.34,3.0
3.7206,12.0,6.469302809573361,38.04,-121.35,1.46
6.4001,16.0,6.131661442006269,34.14,-118.83,3.218
4.7708,36.0,5.106280193236715,34.07,-117.92,1.917
4.9833,32.0,6.461077844311378,34.26,-118.28,2.13
1.6168,14.0,4.413314840499306,36.74,-120.04,0.718
4.0132,26.0,5.904109589041096,38.33,-122.31,1.747
4.1739,40.0,4.51063829787234,37.79,-122.2,1.696
3.1702,25.0,4.316570486397362,37.34,-121.95,2.561
2.8194,33.0,6.275401069518717,34.71,-118.14,0.93
4.8667,14.0,6.925742574257426,34.51,-118.07,2.399
4.3833,6.0,7.562753036437247,33.56,-117.1,3.076
3.9323,5.0,6.017738359201774,38.15,-121.32,1.301
4.1406,44.0,5.289817232375979,37.29,-121.88,2.741
5.4872,7.0,6.774685222001326,33.91,-117.59,2.034
4.2132,37.0,4.964285714285714,33.9,-118.09,1.646
3.1217,37.0,5.179906542056075,38.4,-122.83,1.785
6.174,52.0,7.639830508474576,37.9,-122.27,3.588
2.502,33.0,4.686274509803922,39.51,-121.54,0.621
6.2631,19.0,7.03690036900369,37.74,-121.95,2.66
3.1543,29.0,4.933949801849406,36.61,-121.92,2.538
2.8194,8.0,5.759776536312849,33.85,-117.24,1.363
3.4279,25.0,5.6909090909090905,36.81,-119.77,0.847
2.474,17.0,5.729681978798586,37.97,-120.3,1.201
2.3917,30.0,3.5786516853932584,33.97,-118.2,1.546
6.4524,25.0,6.925925925925926,37.67,-121.88,2.969
5.0754,44.0,5.196280991735537,34.15,-118.4,3.745
3.395,17.0,3.701399688958009,37.69,-122.13,2.713
2.5268,19.0,4.48488241881299,37.94,-122.06,2.357
4.4063,35.0,5.126506024096385,37.24,-121.97,4.361
1.8801,38.0,4.6502732240437155,35.37,-119.01,0.578
6.5268,30.0,6.034246575342466,34.23,-118.48,2.731
5.7763,14.0,6.847746650426309,33.99,-117.72,2.067
3.8047,13.0,4.079741379310345,37.26,-121.88,2.047
2.0724,35.0,4.494915254237288,37.96,-122.35,0.977
1.2292,52.0,2.3401360544217686,32.72,-117.15,1.375
5.4333,29.0,7.233766233766234,32.78,-116.99,2.228
6.5645,31.0,6.607973421926911,32.76,-117.0,1.891
1.9327,10.0,5.7894736842105265,38.57,-121.92,1.938
3.9185,12.0,6.625441696113074,39.05,-121.03,1.952
2.6823,28.0,5.427184466019417,39.78,-121.63,0.934
3.4107,29.0,4.256756756756757,34.13,-117.86,1.708
1.875,18.0,4.285198555956678,35.96,-119.04,0.517
2.0651,14.0,3.4905008635578585,38.46,-122.73,1.354
3.0352,41.0,5.400900900900901,37.97,-121.26,0.698
4.0268,44.0,5.657718120805369,32.74,-117.24,2.986
4.25,10.0,5.301397205588822,35.61,-117.64,0.832
3.9844,43.0,5.961988304093567,37.66,-121.0,1.52
4.375,33.0,5.439897698209719,34.18,-118.44,2.861
3.9107,27.0,5.572815533980583,34.04,-117.68,1.865
4.2212,52.0,4.506696428571429,37.74,-122.42,2.713
4.7794,26.0,6.003597122302159,37.44,-121.91,2.258
2.0817,41.0,2.2724137931034485,34.04,-118.29,1.325
4.8611,29.0,5.950177935943061,33.8,-117.93,2.319
2.6172,21.0,5.2719665271966525,32.8,-115.48,0.885
5.8914,26.0,5.938616071428571,33.79,-118.03,2.376
0.8941,33.0,4.964285714285714,34.06,-118.18,0.982
1.8403,47.0,4.723463687150838,35.42,-119.04,0.547
2.5089,52.0,4.989730423620026,37.65,-121.0,1.19
3.7109,35.0,4.912332838038633,33.95,-117.39,1.091
2.5197,35.0,3.4686868686868686,34.2,-118.44,2.256
4.5,35.0,5.450757575757576,37.71,-122.43,2.669
1.625,38.0,4.616766467065868,36.97,-120.06,0.528
3.0357,23.0,4.470219435736677,34.09,-117.66,1.515
3.8616,8.0,6.19,38.55,-122.82,1.951
3.0227,16.0,4.5152542372881355,33.87,-117.87,2.971
3.6859,52.0,5.415011037527594,37.74,-122.48,3.118
3.3036,26.0,5.45303867403315,38.36,-121.82,2.1
5.1896,14.0,6.170984455958549,36.31,-119.29,1.019
4.5461,42.0,5.629032258064516,34.16,-118.08,2.424
4.0061,30.0,5.3241525423728815,33.85,-117.97,1.829
3.7933,25.0,4.648183556405353,33.93,-117.93,1.844
3.5345,52.0,4.513207547169811,40.47,-124.1,0.55
1.9286,26.0,4.212643678160919,34.29,-119.3,1.605
3.1645,37.0,6.345794392523365,37.52,-121.14,1.708
2.9312,25.0,4.5,33.79,-117.83,2.201
3.2303,17.0,4.783613445378151,39.17,-121.02,1.495
4.4375,26.0,6.442724458204334,38.45,-122.66,2.935
2.8784,36.0,3.7278797996661104,34.18,-118.36,1.949
3.3438,31.0,5.40418118466899,36.59,-119.73,0.926
3.1667,22.0,3.8038379530916844,33.66,-117.9,1.61
1.9107,15.0,5.951923076923077,40.79,-123.48,0.792
2.3224,29.0,5.186915887850467,39.36,-121.69,0.562
3.292,28.0,4.444891980959356,34.13,-118.06,2.273
3.2464,26.0,5.496774193548387,35.26,-120.68,2.08
4.0057,37.0,5.489270386266094,34.24,-118.43,1.727
3.8162,36.0,5.274406332453826,33.82,-118.11,2.219
4.9792,26.0,5.663316582914573,37.13,-122.07,2.4
3.6583,13.0,6.309711286089239,38.52,-122.85,1.832
7.6526,29.0,7.01432664756447,33.84,-118.15,4.813
6.0889,22.0,6.494103773584905,37.23,-121.83,2.452
5.7817,26.0,7.1002178649237475,33.82,-117.83,2.676
4.0313,31.0,5.108387096774194,33.42,-117.61,2.82
1.625,19.0,6.8545454545454545,32.75,-115.64,1.125
1.9698,12.0,4.286624203821656,38.0,-121.29,1.123
2.2679,32.0,3.549019607843137,34.22,-118.38,1.5
2.8594,45.0,3.455072463768116,37.33,-121.88,2.059
4.0294,41.0,7.472527472527473,38.61,-122.82,2.017
2.1696,36.0,4.1675,34.09,-118.16,1.708
3.851,10.0,4.936789449749886,33.97,-117.71,1.372
2.1389,35.0,3.09727626459144,34.44,-119.83,2.6
6.5372,52.0,7.166666666666667,37.75,-122.46,3.94
3.625,36.0,6.569060773480663,38.18,-122.8,2.531
4.0526,36.0,5.639506172839506,33.95,-117.43,1.045
1.0,45.0,4.0,39.2,-121.07,0.906
4.1947,26.0,4.974960876369327,37.53,-121.98,2.227
4.2672,47.0,4.650793650793651,37.72,-122.4,2.194
1.7701,26.0,2.666082383873795,33.78,-118.18,1.462
4.6944,26.0,5.375438596491228,38.55,-121.38,1.309
5.0106,36.0,5.529220779220779,33.86,-118.14,2.108
3.2813,45.0,5.934579439252336,36.8,-119.99,1.054
4.7071,27.0,5.163398692810458,36.95,-121.75,2.027
4.0781,26.0,6.367924528301887,38.64,-122.94,2.878
3.4427,30.0,4.68760907504363,34.09,-117.96,1.608
2.4167,26.0,5.0,36.07,-119.03,0.776
3.5517,42.0,4.884272997032641,34.05,-118.32,2.915
2.1513,8.0,8.117845117845118,40.61,-121.67,0.804
7.3445,13.0,7.8977272727272725,37.89,-121.93,3.667
0.9437,52.0,2.611111111111111,38.44,-122.72,1.292
5.0853,26.0,5.916496945010183,33.68,-117.89,2.603
5.6159,28.0,6.34965034965035,34.18,-118.58,3.405
4.1652,37.0,5.205673758865248,37.64,-122.06,1.582
3.1667,44.0,4.716374269005848,33.93,-118.19,1.457
1.6513,37.0,4.5,33.95,-118.24,0.902
6.2242,13.0,6.121320890165111,33.65,-117.66,2.379
4.8264,36.0,5.059259259259259,34.18,-118.56,2.51
4.25,40.0,4.691747572815534,33.71,-118.29,3.328
2.3882,47.0,4.364085667215815,33.98,-118.34,1.377
4.9125,38.0,6.501766784452297,32.73,-117.25,3.836
3.5052,26.0,4.835457705677868,33.9,-118.11,1.96
3.8684,38.0,4.515951595159516,37.49,-122.24,2.656
4.4637,31.0,5.88735632183908,34.11,-117.62,1.928
5.5284,37.0,5.46360153256705,34.0,-118.41,3.31
3.5333,36.0,5.185483870967742,34.21,-118.56,1.968
2.2326,36.0,3.933712121212121,34.18,-118.44,2.21
3.6607,22.0,5.744493392070485,36.85,-121.73,2.063
6.0961,16.0,6.967213114754099,33.69,-117.78,2.955
1.8914,25.0,4.944320712694878,39.93,-120.98,0.878
1.3571,26.0,4.492647058823529,40.39,-122.27,0.59
3.7125,8.0,6.1395348837209305,39.23,-121.18,1.75
5.375,16.0,4.76,33.76,-117.84,2.157
4.375,27.0,5.205741626794258,33.8,-117.9,2.125
3.8125,19.0,4.7554945054945055,33.84,-118.25,2.081
2.1157,41.0,5.1995708154506435,32.8,-117.14,1.569
3.6118,48.0,4.387323943661972,37.35,-121.95,2.355
2.3355,18.0,5.711722488038277,33.97,-117.01,1.188
3.9844,18.0,6.131004366812227,36.6,-119.46,1.181
2.3571,18.0,6.15606936416185,39.8,-123.47,0.792
3.4835,17.0,3.825242718446602,33.7,-117.88,1.167
2.7757,17.0,5.267948717948718,34.11,-117.43,1.098
1.6036,39.0,3.2510822510822512,34.01,-118.29,1.375
2.5952,19.0,5.2384615384615385,39.1,-121.48,0.924
4.744,10.0,6.310258548790659,37.66,-120.93,1.481
3.8611,32.0,5.132978723404255,38.7,-121.46,0.939
4.515,15.0,6.379061371841155,38.92,-121.07,1.64
4.0524,52.0,5.291666666666667,34.17,-118.14,1.731
1.6607,52.0,2.3333333333333335,32.71,-117.15,1.375
3.0625,37.0,5.275,32.8,-117.16,1.597
2.2946,18.0,6.100271002710027,39.17,-123.54,1.01
2.575,40.0,4.329596412556054,34.08,-118.13,2.284
6.0,36.0,6.196581196581197,37.92,-122.29,3.114
5.3681,26.0,6.048421052631579,34.28,-118.77,1.877
1.7639,21.0,5.417607223476298,41.81,-122.53,0.554
1.6875,19.0,5.279176201372998,33.92,-116.77,0.63
3.463,8.0,6.363636363636363,39.08,-121.04,2.017
3.625,52.0,2.2222222222222223,38.51,-121.47,0.8
3.2564,19.0,4.04102096627165,34.23,-118.6,2.303
5.1194,18.0,6.477037037037037,33.12,-117.2,2.478
3.8529,12.0,5.95326278659612,34.0,-117.48,1.455
1.8242,37.0,5.273076923076923,40.78,-124.19,0.7
6.7061,23.0,7.4969939879759515,37.94,-122.01,3.223
3.185,30.0,4.7633262260127935,34.04,-117.99,1.683
3.0833,34.0,5.764383561643836,34.11,-117.35,0.884
2.3583,26.0,4.881987577639752,39.23,-123.2,1.054
1.2545,41.0,4.306010928961749,36.75,-119.76,0.455
2.2467,46.0,5.940677966101695,37.74,-122.18,0.889
5.2661,37.0,6.7018867924528305,34.26,-118.34,3.149
1.4911,18.0,6.215859030837004,40.75,-122.31,0.758
2.19,35.0,4.206806282722513,36.75,-119.76,0.534
2.2794,23.0,5.763414634146342,36.99,-120.64,0.757
6.6324,22.0,7.129098360655738,33.73,-117.96,3.476
0.716,39.0,4.730769230769231,37.96,-122.36,1.042
1.583,19.0,3.1481481481481484,34.07,-118.45,3.5
2.0313,18.0,5.44,36.09,-119.45,1.125
3.4773,47.0,4.922580645161291,37.71,-122.41,2.263
5.04,22.0,7.160944206008583,33.2,-117.21,2.537
4.1406,39.0,5.041284403669724,33.82,-118.31,3.237
3.233,33.0,5.166841552990556,34.08,-117.34,0.994
3.5972,52.0,6.215258855585831,36.78,-119.81,0.899
7.6084,20.0,7.202517162471396,33.81,-118.08,4.025
3.4083,36.0,5.43298969072165,38.53,-121.42,0.718
4.8667,34.0,5.712418300653595,33.84,-117.97,1.868
4.0708,28.0,4.6428134556574925,33.82,-118.35,3.289
3.766,33.0,4.947890818858561,34.14,-117.96,1.639
1.9583,41.0,3.719367588932806,33.9,-118.21,1.023
6.8553,33.0,6.760695187165775,33.81,-118.37,4.822
3.175,25.0,4.173913043478261,33.83,-118.03,1.328
1.25,39.0,4.548223350253807,35.36,-119.0,0.425
3.5652,27.0,4.357522123893805,37.31,-121.95,3.295
2.4805,11.0,6.5949895615866385,41.75,-124.23,0.732
4.5,18.0,6.343465045592705,32.96,-116.95,2.226
4.2098,35.0,5.673151750972763,32.79,-117.13,1.741
4.0583,17.0,6.404255319148936,38.13,-120.26,0.875
5.6058,19.0,6.033998920669185,37.31,-121.83,2.327
4.81,15.0,6.54059405940594,36.82,-119.69,0.936
2.59,45.0,5.471111111111111,37.74,-122.4,2.118
5.368,18.0,7.858356940509915,36.89,-121.89,3.52
5.2017,24.0,6.21978021978022,33.91,-117.93,3.646
4.1473,22.0,4.826086956521739,37.35,-122.02,3.544
4.8382,52.0,5.2639593908629445,37.74,-122.44,2.949
2.3382,38.0,4.8352941176470585,33.9,-118.24,1.03
4.2404,52.0,4.442477876106195,34.05,-118.38,3.51
2.6159,19.0,3.292091836734694,34.21,-118.6,1.823
4.5224,24.0,5.450268817204301,32.79,-116.92,1.42
7.0875,41.0,6.593457943925234,37.79,-122.18,2.407
3.5851,7.0,5.414443988510464,33.94,-117.23,1.42
6.3303,16.0,8.287610619469026,34.17,-118.94,2.994
4.125,18.0,5.583815028901734,34.97,-120.42,1.398
4.1406,6.0,4.566510172143975,37.54,-122.03,1.782
3.7917,27.0,4.8352272727272725,34.01,-117.9,1.311
0.9518,27.0,3.0179640718562872,33.95,-118.23,0.914
6.3809,18.0,7.113013698630137,37.94,-122.01,2.736
2.7472,22.0,4.265415549597855,34.31,-118.44,1.601
3.2583,37.0,3.7880597014925375,34.26,-118.43,1.472
2.7,14.0,4.097744360902255,36.31,-119.34,0.889
2.6711,24.0,5.383419689119171,36.43,-119.1,0.713
6.1576,12.0,6.832618025751073,38.0,-122.27,2.487
3.8839,35.0,6.931547619047619,34.19,-118.58,2.249
4.5179,15.0,6.862884160756501,38.04,-121.33,1.456
4.3214,37.0,5.151394422310757,37.46,-122.22,3.427
2.6705,32.0,5.592833876221499,37.56,-121.09,0.919
3.3942,36.0,3.8119658119658117,33.98,-118.11,1.472
1.8704,20.0,6.26984126984127,39.0,-122.85,0.885
4.9115,31.0,5.231578947368421,33.84,-117.99,2.555
4.6452,27.0,5.048598130841121,37.65,-122.47,2.362
2.9943,41.0,3.828828828828829,33.8,-118.19,1.906
5.8269,16.0,7.136986301369863,38.35,-121.95,1.502
3.0,13.0,6.317596566523605,38.45,-120.59,1.19
1.5026,38.0,3.1928166351606806,38.43,-122.71,1.24
1.9615,52.0,4.882086167800454,37.84,-122.28,1.152
2.4219,24.0,3.7145969498910674,33.99,-118.12,1.375
5.5,16.0,6.8991031390134525,37.99,-121.8,1.795
1.5284,31.0,2.7400881057268722,34.1,-118.32,2.0
1.3194,14.0,3.4556962025316458,32.7,-117.12,0.905
1.9132,31.0,2.899755501222494,33.99,-118.2,1.546
2.7644,24.0,6.204166666666667,40.55,-124.09,0.973
3.3176,14.0,4.012886597938144,32.89,-117.21,1.561
3.2663,37.0,4.104868913857678,32.8,-117.25,2.706
3.5288,11.0,5.016260162601626,38.78,-121.24,1.411
5.0634,52.0,4.732558139534884,37.73,-122.45,2.642
2.9074,16.0,3.492905937992643,37.55,-121.99,2.138
4.0893,16.0,4.6104651162790695,34.15,-118.34,4.5
4.5294,18.0,5.348457350272232,33.82,-118.0,2.248
6.46,36.0,5.59581881533101,37.43,-122.12,4.255
3.449,15.0,5.151515151515151,34.03,-117.65,1.491
2.7143,34.0,3.55,33.79,-118.25,1.381
5.3416,31.0,5.444759206798867,33.85,-118.02,2.13
1.5156,52.0,2.75,34.15,-118.14,1.875
3.3438,17.0,4.409214092140921,33.86,-117.93,1.866
1.7106,24.0,5.718987341772152,36.13,-119.03,0.955
2.3214,36.0,3.7256944444444446,33.9,-118.19,1.048
3.1842,42.0,4.6923076923076925,37.54,-122.31,3.528
5.3107,35.0,6.252199413489736,34.28,-118.48,2.271
7.0808,4.0,6.423324150596878,34.29,-118.57,3.412
5.0782,28.0,5.747983870967742,33.94,-117.95,2.641
3.4073,52.0,5.302521008403361,37.75,-122.41,2.547
2.3393,19.0,3.6954022988505746,34.07,-118.11,2.023
3.0625,14.0,5.48695652173913,33.66,-117.99,2.688
3.4837,35.0,4.672316384180791,33.78,-117.92,1.865
4.1042,35.0,5.001865671641791,37.69,-122.12,1.791
2.5395,25.0,4.970588235294118,34.05,-117.68,1.875
3.8047,35.0,5.015037593984962,37.75,-122.16,0.943
3.4598,11.0,5.588410104011887,37.0,-120.09,0.746
3.0729,37.0,5.396491228070175,32.62,-117.09,1.287
1.0467,33.0,3.8062200956937797,38.61,-121.44,0.701
2.5564,6.0,3.650756693830035,33.83,-117.92,1.713
4.4861,46.0,5.76530612244898,33.93,-118.37,2.463
3.2865,52.0,4.8839590443686,36.62,-121.91,2.401
2.3713,18.0,3.526605504587156,37.35,-121.94,2.44
3.1667,23.0,5.225531914893617,32.8,-115.64,1.25
2.3594,16.0,7.384615384615385,39.32,-120.19,1.557
5.0492,35.0,6.6525423728813555,38.61,-121.36,1.441
4.375,16.0,4.909090909090909,37.91,-120.32,1.0
5.27,26.0,5.721100917431193,34.12,-117.82,2.094
5.1145,34.0,5.1469194312796205,34.28,-118.31,2.199
4.2019,46.0,5.427230046948357,34.11,-118.28,3.521
3.375,39.0,6.027027027027027,37.71,-121.07,2.125
1.4028,46.0,4.047970479704797,36.76,-119.82,0.685
5.0864,4.0,6.964285714285714,36.83,-119.67,1.137
3.5469,15.0,5.829411764705882,38.03,-118.98,0.825
4.821,16.0,5.12133072407045,33.72,-117.8,2.014
2.2024,5.0,4.098984771573604,32.72,-117.1,1.372
6.0604,20.0,6.219409282700422,37.67,-121.89,2.479
2.6742,27.0,3.87515299877601,32.75,-117.15,1.714
3.6118,24.0,7.536796536796537,38.53,-122.4,2.484
2.5417,45.0,5.009404388714733,34.14,-117.29,0.829
1.425,43.0,4.066666666666666,37.63,-120.94,0.694
3.4911,6.0,7.593360995850622,35.08,-118.61,1.372
1.8529,46.0,5.356037151702786,36.34,-119.65,0.672
2.6065,19.0,5.648175182481752,38.74,-121.27,1.549
2.4464,33.0,3.52,34.06,-117.78,1.287
3.7738,18.0,7.545253863134658,35.42,-120.94,2.794
3.1654,34.0,3.8379310344827586,34.05,-118.22,1.55
3.0257,52.0,4.046948356807512,37.78,-122.23,0.808
1.9044,52.0,4.478947368421053,34.11,-117.31,0.649
1.65,47.0,4.90187891440501,37.97,-121.28,0.66
1.4444,32.0,2.225563909774436,33.78,-118.25,1.821
5.3755,20.0,7.09375,38.13,-122.59,2.909
2.3654,49.0,4.686046511627907,34.15,-118.15,1.375
2.7333,38.0,3.9209621993127146,37.36,-121.9,1.825
5.7309,36.0,4.938053097345133,37.64,-122.08,1.779
4.2019,25.0,3.625441696113074,33.85,-117.93,1.639
3.5208,49.0,4.697368421052632,34.43,-119.68,2.512
4.5333,21.0,4.95970695970696,37.25,-121.93,2.342
2.7813,19.0,5.310476190476191,36.74,-119.67,1.203
6.6897,22.0,7.408783783783784,33.89,-117.86,2.898
2.9083,14.0,3.6482084690553744,33.76,-118.0,1.792
2.2917,37.0,4.921875,37.76,-122.18,1.07
2.1793,39.0,3.932098765432099,33.99,-118.25,1.079
7.1035,52.0,7.269565217391304,38.55,-121.48,2.287
2.0524,31.0,3.602094240837696,33.97,-118.14,1.608
3.692,34.0,5.033088235294118,33.99,-118.09,1.726
5.1806,9.0,4.41635687732342,33.8,-118.16,1.75
3.1875,46.0,5.360655737704918,34.08,-117.32,0.84
6.8462,32.0,6.273764258555133,37.38,-121.82,3.209
5.0698,25.0,6.61,36.81,-119.82,1.509
3.0217,9.0,5.006324110671937,37.69,-121.04,1.609
5.2835,33.0,5.928057553956834,32.75,-117.02,2.171
3.5547,31.0,5.552238805970149,35.95,-121.32,2.0
2.345,38.0,2.3833333333333333,34.06,-118.26,2.25
3.9625,36.0,5.070135746606335,37.29,-121.93,2.882
4.2813,33.0,6.340425531914893,38.13,-121.84,0.813
1.8606,32.0,4.717703349282297,36.34,-119.64,0.567
3.8056,30.0,4.435530085959885,33.97,-118.35,3.238
3.5072,29.0,5.154135338345864,34.1,-117.74,1.219
3.2312,34.0,3.40990990990991,32.79,-117.2,1.922
3.1497,26.0,4.404384896467723,33.83,-118.02,2.176
5.6427,26.0,7.020560747663551,37.28,-121.9,3.2
2.2544,24.0,3.9936974789915967,32.6,-117.08,1.219
3.2976,41.0,5.282208588957055,33.92,-118.21,1.512
2.774,22.0,5.114023591087811,38.61,-121.32,1.902
3.5341,25.0,6.012953367875648,32.7,-117.01,1.208
1.2254,42.0,2.0966921119592876,34.06,-118.28,1.625
6.3191,36.0,6.680327868852459,37.35,-121.97,2.583
2.3603,27.0,4.07183908045977,32.58,-117.13,1.953
3.2984,21.0,4.357601713062098,33.07,-117.31,3.694
3.1912,42.0,4.8514588859416445,33.93,-118.19,1.464
6.4328,24.0,6.333333333333333,37.23,-121.81,2.572
4.008,33.0,5.1911764705882355,34.26,-118.29,1.911
3.4482,35.0,4.420743639921722,32.83,-117.21,1.625
2.3611,41.0,4.561001042752868,38.74,-121.3,0.879
4.2972,34.0,4.133458646616542,37.44,-122.16,4.059
3.0546,33.0,2.922576447625244,37.7,-122.48,2.979
4.6053,30.0,4.467954345917471,37.76,-122.44,3.861
4.7195,6.0,6.745067497403946,33.74,-116.29,1.993
5.2692,4.0,5.756238003838772,34.02,-117.58,1.748
2.6875,45.0,4.212765957446808,34.02,-118.21,1.297
2.9097,8.0,3.817014446227929,32.81,-116.96,1.525
1.75,35.0,4.218446601941747,38.13,-121.27,0.829
5.7268,23.0,6.009009009009009,33.99,-117.97,3.003
3.3831,30.0,4.785834738617201,33.83,-117.96,1.974
5.3446,35.0,5.553752535496957,37.66,-122.45,2.633
3.6523,28.0,5.551546391752577,38.02,-122.1,1.597
3.125,11.0,6.100502512562814,38.01,-120.24,1.486
3.3333,42.0,4.68976897689769,37.35,-121.95,2.379
3.1812,22.0,4.346590909090909,37.38,-121.95,0.875
3.8654,27.0,5.500881834215168,33.88,-118.09,1.953
6.3215,4.0,7.2110091743119265,37.33,-120.46,1.382
7.3267,27.0,7.208037825059102,37.85,-122.14,3.899
6.53,10.0,7.06027397260274,33.04,-117.08,2.641
0.8478,39.0,3.8598130841121496,33.93,-118.23,1.049
3.148,22.0,5.170542635658915,37.64,-121.03,1.023
1.4241,16.0,4.285285285285285,39.23,-121.02,1.25
5.2261,36.0,6.065217391304348,34.28,-119.25,3.032
4.625,13.0,4.671711292200233,33.7,-117.99,2.488
3.2277,4.0,6.541910331384016,34.47,-117.54,1.265
4.1716,11.0,5.472144063027574,32.85,-116.96,1.661
6.8109,35.0,6.71830985915493,33.95,-118.0,4.01
3.7831,38.0,5.595394736842105,32.83,-116.94,1.478
4.5764,18.0,6.777777777777778,33.19,-117.25,2.07
7.875,30.0,7.550925925925926,33.89,-117.91,3.519
5.7251,28.0,5.948387096774193,37.28,-121.98,2.726
1.8958,35.0,5.240663900414938,32.81,-115.38,0.675
2.0162,28.0,3.6154639175257732,33.96,-118.19,1.42
3.7286,26.0,7.101449275362318,34.13,-117.35,1.32
2.1083,20.0,4.2041467304625195,37.96,-122.03,1.625
3.5,14.0,6.191082802547771,38.0,-120.33,1.707
3.3594,45.0,3.82312591866732,34.07,-118.35,2.875
3.3988,48.0,4.697585768742059,34.08,-118.15,1.992
3.1592,33.0,5.495103373231774,35.15,-119.45,0.754
5.4592,27.0,6.800884955752212,35.39,-118.94,1.391
3.8125,30.0,4.7706766917293235,37.37,-122.03,3.25
3.9808,20.0,5.678688524590164,38.28,-121.2,1.602
4.875,35.0,5.791176470588235,34.22,-118.58,2.304
1.6111,26.0,3.6561338289962824,33.76,-118.08,0.543
3.22,52.0,5.956639566395664,37.78,-122.19,1.565
4.375,38.0,4.8977272727272725,33.99,-118.06,1.862
3.6429,33.0,6.253731343283582,39.65,-122.14,0.875
2.3798,32.0,4.768067226890756,33.96,-117.41,1.188
6.0666,30.0,6.446064139941691,37.84,-122.2,3.115
1.9722,34.0,4.28695652173913,37.36,-118.4,1.161
2.4398,11.0,4.20440251572327,36.29,-120.27,0.875
2.9973,19.0,4.914330218068536,34.07,-117.46,1.134
2.2542,43.0,4.554621848739496,37.79,-122.24,1.122
4.475,47.0,5.628571428571429,37.72,-122.45,2.212
3.4861,32.0,5.11139896373057,34.01,-118.08,1.581
6.2177,16.0,6.3915094339622645,33.62,-117.66,2.566
3.3009,36.0,4.371428571428571,33.79,-118.28,1.68
2.2261,23.0,3.63914373088685,34.06,-118.12,2.118
1.3417,7.0,4.793785310734464,33.78,-117.18,1.693
2.8981,26.0,3.0994318181818183,37.31,-121.93,2.298
5.7395,24.0,6.26685393258427,33.65,-117.96,2.898
3.4679,18.0,3.8483935742971886,33.73,-117.98,2.197
4.1444,14.0,5.116279069767442,37.29,-121.86,1.784
4.4821,42.0,5.481684981684982,37.69,-122.48,2.524
4.3571,51.0,2.813813813813814,34.11,-118.34,4.688
5.4663,25.0,7.498806682577565,33.12,-117.03,2.483
2.4559,28.0,4.681528662420382,40.89,-124.01,0.756
2.4537,10.0,5.583333333333333,39.8,-121.6,1.179
3.7813,41.0,6.003787878787879,37.9,-122.54,3.892
1.7222,15.0,5.7489539748953975,38.83,-120.79,1.185
5.3806,17.0,7.6970610399397135,34.24,-119.09,4.521
3.0673,22.0,4.425742574257426,33.75,-116.21,0.682
3.57,28.0,5.488033298647243,32.71,-117.04,1.098
2.7409,41.0,4.513978494623656,34.05,-118.34,1.671
2.0958,52.0,4.735955056179775,34.0,-118.3,1.164
3.5711,32.0,4.707964601769912,34.18,-118.4,3.127
2.2278,13.0,5.906110283159464,36.69,-119.12,0.905
4.5163,34.0,5.319923371647509,34.0,-117.96,1.838
1.8287,52.0,4.516908212560386,38.3,-122.29,1.469
1.9028,47.0,3.7849264705882355,34.07,-118.25,2.179
4.0368,33.0,5.308457711442786,34.08,-117.75,1.391
3.2059,47.0,4.558139534883721,37.72,-122.47,3.5
3.1765,52.0,4.119791666666667,34.08,-118.36,2.25
3.9617,6.0,6.910372608257805,33.57,-117.23,1.83
2.5962,45.0,4.442424242424242,34.05,-118.17,1.241
2.5536,25.0,4.510791366906475,34.06,-117.69,1.44
2.1591,52.0,6.122137404580153,34.06,-117.32,0.635
1.8906,32.0,3.460348162475822,34.02,-118.12,2.245
5.4122,52.0,6.132530120481928,34.11,-118.28,3.975
4.7333,33.0,6.796143250688705,34.28,-119.22,2.575
2.8085,16.0,5.648760330578512,40.46,-122.45,1.057
2.7708,30.0,3.619389587073609,34.17,-118.38,1.923
3.3,30.0,5.086206896551724,34.15,-117.25,0.976
5.806,16.0,6.872516556291391,33.85,-117.8,3.049
4.8286,17.0,6.518672199170124,32.87,-116.96,1.585
2.7969,38.0,4.626707132018209,37.79,-122.22,1.417
5.2608,19.0,7.0928571428571425,36.73,-119.71,1.514
5.1647,5.0,5.942942942942943,34.04,-117.5,1.547
4.0833,41.0,6.598591549295775,36.06,-119.0,0.813
2.7827,9.0,4.764444444444444,34.1,-117.45,1.058
3.9338,17.0,5.602179836512262,36.8,-119.71,0.847
1.6103,44.0,4.822834645669292,36.07,-119.01,0.509
3.9167,52.0,5.634743875278397,34.05,-118.34,3.216
3.6025,15.0,5.121304791029561,34.08,-117.44,1.164
5.2971,34.0,6.386430678466077,37.37,-122.09,4.421
3.6731,35.0,5.350253807106599,33.92,-118.03,1.67
2.2431,47.0,6.371165644171779,37.85,-122.27,1.727
3.1932,17.0,3.7431781701444624,37.25,-121.83,1.234
4.6477,38.0,5.03728813559322,32.64,-117.07,1.504
3.7414,29.0,6.631067961165049,38.5,-121.5,0.985
4.8693,45.0,5.986754966887418,33.83,-118.17,2.777
2.5553,16.0,3.717870257037944,32.74,-117.14,1.781
2.2054,21.0,4.120253164556962,32.98,-115.52,0.664
2.4792,26.0,6.1291208791208796,40.71,-122.95,0.888
2.726,16.0,4.46218487394958,34.17,-119.14,0.675
4.0938,5.0,6.28125,33.92,-117.22,1.309
4.1,30.0,4.576687116564417,33.73,-117.9,1.664
3.5775,33.0,5.767857142857143,37.68,-121.01,1.097
3.886,17.0,4.70197486535009,34.2,-118.93,2.813
3.1212,39.0,4.535897435897436,34.29,-118.43,1.535
3.3929,39.0,4.2740112994350286,33.79,-118.27,1.846
4.0156,34.0,5.471590909090909,38.14,-122.26,1.347
4.0625,48.0,5.375,38.13,-121.28,1.432
1.7813,30.0,5.955882352941177,34.01,-118.24,1.275
3.35,18.0,5.7106382978723405,40.49,-122.31,1.184
5.2118,35.0,5.49009900990099,34.2,-118.49,2.158
5.1084,25.0,6.487025948103793,33.94,-117.94,3.038
2.1107,16.0,5.9106529209622,36.21,-121.12,0.762
4.6488,16.0,6.350847457627118,38.7,-121.27,1.453
4.2348,25.0,6.020351526364477,37.99,-122.31,1.578
5.4031,4.0,5.445977011494253,33.45,-117.6,2.438
3.512,16.0,3.7622873345935726,33.67,-117.91,2.184
3.3844,6.0,5.420807453416149,37.67,-120.93,1.385
2.6442,34.0,3.1272727272727274,38.61,-121.44,0.55
6.1968,18.0,6.310880829015544,33.88,-118.07,3.447
4.7583,35.0,6.609427609427609,34.23,-118.48,2.586
1.0714,31.0,3.012323943661972,33.77,-118.19,1.5
2.95,35.0,4.370535714285714,37.68,-122.12,1.489
5.1391,9.0,6.3099337748344375,38.27,-122.65,2.345
6.7785,19.0,7.801052631578948,34.2,-118.63,3.361
4.4375,52.0,5.4363636363636365,37.76,-122.4,3.2
2.7452,33.0,4.9564270152505445,33.96,-117.42,0.981
2.6316,46.0,6.229508196721311,38.5,-122.94,1.17
2.2262,25.0,6.457013574660634,36.2,-119.32,0.645
3.6369,10.0,5.646564885496184,35.3,-119.02,0.816
2.4667,30.0,4.234782608695652,34.1,-117.65,1.06
3.9688,35.0,4.981981981981982,34.01,-118.39,3.551
4.5417,21.0,5.9035087719298245,34.25,-118.47,2.389
4.6957,13.0,6.189751801441153,38.42,-122.61,2.598
4.4844,31.0,5.945205479452055,33.2,-117.22,2.055
3.7102,34.0,5.729508196721311,32.8,-117.21,2.896
2.3687,31.0,4.815561959654179,36.7,-119.55,0.639
5.8686,15.0,5.017114914425428,37.38,-121.86,1.811
1.6125,52.0,3.135135135135135,37.78,-122.4,1.125
4.4028,33.0,5.924083769633508,34.02,-118.37,2.468
2.1771,40.0,4.94238683127572,38.13,-121.27,0.982
1.91,46.0,5.0,39.36,-121.7,0.639
5.7398,42.0,6.2823529411764705,37.61,-122.41,3.364
2.3523,34.0,3.697802197802198,36.86,-120.45,0.66
2.0564,38.0,4.904,36.77,-119.77,0.647
1.0278,15.0,3.6932515337423313,32.76,-117.02,1.542
2.293,49.0,5.365296803652968,37.79,-122.23,1.063
2.6689,12.0,2.9295154185022025,33.91,-118.34,1.923
3.2862,37.0,4.7497584541062805,33.93,-118.33,1.523
1.983,42.0,4.555147058823529,35.35,-119.02,0.633
3.1393,14.0,6.31079478054567,33.97,-116.95,1.163
2.0455,52.0,3.8979591836734695,35.39,-119.02,0.725
3.1629,33.0,3.658,34.18,-118.37,1.989
2.983,45.0,5.633064516129032,37.72,-122.14,2.027
5.2384,35.0,5.543269230769231,33.81,-117.96,1.774
4.5156,19.0,5.354466858789626,37.25,-121.96,3.393
3.625,31.0,5.443243243243243,38.7,-121.47,0.913
3.65,22.0,5.531481481481482,37.96,-121.98,2.041
5.592,35.0,6.700374531835206,34.21,-118.41,2.399
3.2307,25.0,3.757716049382716,34.09,-118.12,1.884
3.9028,28.0,4.853277835587929,34.16,-118.42,3.679
5.5228,14.0,7.104627766599598,37.76,-120.79,2.753
2.7431,51.0,3.857142857142857,37.78,-122.47,3.071
5.395,34.0,5.45272206303725,33.81,-118.13,2.419
2.0577,52.0,3.8627450980392157,37.75,-122.4,2.146
1.3278,32.0,4.408510638297872,36.76,-119.75,0.445
5.9539,39.0,6.27027027027027,37.53,-122.31,3.791
4.25,18.0,5.6019736842105265,33.87,-118.25,1.692
3.2619,25.0,6.193251533742331,38.04,-121.63,1.838
2.2708,18.0,2.5711354309165526,34.07,-118.3,1.75
2.3071,41.0,4.444253859348199,34.12,-118.19,1.464
3.5129,25.0,5.7254901960784315,38.71,-121.44,1.012
2.1711,45.0,4.713432835820895,34.04,-118.35,1.792
4.0167,5.0,4.875,35.65,-117.69,0.875
5.1439,21.0,7.276243093922652,33.43,-117.6,4.14
7.2478,25.0,7.855392156862745,33.9,-117.86,2.992
3.0156,36.0,5.581081081081081,38.59,-121.38,1.03
3.35,35.0,4.688372093023256,34.29,-118.41,1.476
3.5714,11.0,5.575418994413408,36.84,-121.37,2.43
1.1479,29.0,4.023529411764706,40.87,-124.08,1.011
4.775,24.0,5.560457516339869,37.29,-121.84,1.919
1.7321,45.0,4.525179856115108,35.37,-119.01,0.844
2.9526,24.0,4.725085910652921,37.9,-122.05,2.71
2.0882,20.0,5.9655172413793105,39.76,-121.57,1.049
6.4588,35.0,5.586605080831409,37.41,-122.14,4.371
3.8062,25.0,4.5576923076923075,37.06,-121.37,3.409
2.2625,17.0,4.9800399201596806,35.11,-120.6,1.53
3.3322,35.0,4.330316742081448,34.12,-117.9,1.514
3.1333,34.0,4.35374149659864,37.75,-121.43,1.32
4.3429,33.0,5.4012066365007545,37.07,-122.09,2.143
4.1397,52.0,5.474777448071217,37.76,-122.48,3.313
2.0308,6.0,4.827556325823224,34.1,-117.45,0.911
3.8534,32.0,5.599009900990099,37.77,-120.96,1.576
4.3625,29.0,6.247126436781609,38.67,-121.28,1.588
6.4789,15.0,7.909230769230769,38.77,-121.14,2.878
7.8528,17.0,6.4,37.31,-122.08,3.689
2.8036,18.0,3.2740088105726874,34.1,-118.35,2.25
5.3799,4.0,7.944629014396456,34.63,-118.22,2.224
3.6039,45.0,4.601217656012176,38.3,-122.31,1.26
2.4044,34.0,5.478632478632479,35.5,-119.28,0.658
3.407,33.0,4.401854714064915,33.89,-118.15,1.908
4.6477,52.0,4.625396825396826,37.76,-122.45,4.5
1.75,30.0,3.727272727272727,33.98,-118.24,1.154
2.1736,29.0,5.485835694050992,38.52,-121.46,0.721
3.375,8.0,5.671232876712328,37.1,-119.85,0.807
5.1805,37.0,5.469733656174334,33.86,-118.13,2.016
2.8348,8.0,3.7813370473537606,36.91,-121.77,1.62
2.212,19.0,4.47953216374269,34.96,-120.42,1.32
4.5052,32.0,4.636363636363637,33.77,-117.94,1.708
3.1736,39.0,5.364116094986807,35.43,-119.02,0.707
2.825,27.0,5.339882121807466,34.91,-117.03,0.766
6.5249,34.0,6.667844522968198,38.03,-122.56,3.248
2.5365,10.0,4.873517786561265,32.86,-116.91,1.395
5.6754,5.0,6.682702149437052,37.03,-121.61,2.985
2.3575,44.0,3.7475728155339807,34.02,-118.19,1.448
3.1607,31.0,3.598944591029024,37.78,-122.44,2.938
3.5417,38.0,3.45679012345679,33.9,-118.31,1.984
2.9524,31.0,3.933793103448276,34.06,-118.1,1.788
1.9152,48.0,4.443624868282402,34.01,-118.3,1.223
5.3292,34.0,5.540322580645161,33.92,-118.29,1.555
1.4167,20.0,4.066666666666666,33.96,-118.18,1.375
2.433,33.0,5.334975369458128,38.36,-121.98,1.017
7.5975,16.0,7.11614730878187,33.0,-117.24,3.691
3.2067,36.0,5.6413690476190474,34.0,-117.51,1.247
2.2148,38.0,3.5160965794768613,34.11,-118.33,4.383
3.2308,34.0,4.595907928388747,33.05,-117.3,3.313
7.3081,27.0,7.290393013100437,37.53,-122.34,4.646
4.925,27.0,5.5,34.18,-118.65,2.403
3.4299,28.0,5.030120481927711,38.62,-121.35,1.64
3.9833,35.0,5.13986013986014,37.55,-122.3,3.428
2.9422,32.0,4.931608133086876,34.1,-118.03,2.331
4.0473,36.0,5.223367697594502,33.9,-118.32,2.121
4.6406,20.0,6.109979633401222,38.07,-122.19,2.175
3.6597,29.0,6.140319715808171,36.95,-121.92,2.523
3.5066,24.0,5.648471615720524,32.66,-117.06,1.334
2.1447,26.0,3.4859504132231405,33.79,-118.27,1.587
2.7628,39.0,4.332844574780059,37.91,-122.31,1.678
3.1287,29.0,5.383399209486166,34.1,-117.41,1.02
2.2599,20.0,4.367307692307692,32.75,-117.13,1.576
5.155,31.0,5.03074433656958,37.63,-122.49,2.639
2.725,23.0,5.633738601823708,34.01,-117.35,0.953
5.9359,24.0,6.786307053941909,32.81,-117.23,4.222
1.5909,24.0,7.329787234042553,33.09,-116.66,2.219
5.0,15.0,6.557312252964427,34.45,-119.27,3.579
2.485,20.0,5.147058823529412,40.51,-122.4,1.006
2.8333,35.0,5.302040816326531,38.68,-121.46,1.03
7.6012,4.0,7.265682656826568,33.47,-117.63,3.108
2.1875,34.0,4.453947368421052,35.35,-119.01,0.58
3.1453,23.0,5.483582089552239,36.2,-119.31,0.745
6.5945,21.0,8.132992327365729,33.9,-117.88,2.773
2.8542,52.0,4.497237569060774,38.56,-121.48,1.25
6.4517,23.0,7.176470588235294,37.1,-121.9,3.566
2.5326,20.0,6.292490118577075,39.05,-122.86,1.368
1.5268,30.0,3.8555555555555556,33.94,-118.27,0.916
2.1979,16.0,6.166666666666667,34.77,-118.19,1.464
3.3015,33.0,4.334728033472803,37.48,-122.23,2.677
7.5118,11.0,7.337962962962963,34.22,-118.84,3.619
4.2171,32.0,4.1243432574430825,33.89,-118.29,2.182
2.25,7.0,4.855450236966824,35.99,-120.12,0.562
2.6932,30.0,6.058282208588957,37.68,-120.99,0.949
3.1025,28.0,4.854460093896714,38.12,-122.26,1.037
1.9655,40.0,4.478468899521531,33.95,-118.29,1.023
3.1118,29.0,4.493372606774669,34.2,-118.43,2.381
3.3542,38.0,3.7884615384615383,33.94,-118.22,1.538
5.2124,9.0,5.329931972789115,33.67,-117.81,1.996
3.5057,36.0,5.544117647058823,37.94,-122.07,2.051
4.5833,25.0,6.354216867469879,33.82,-118.06,1.909
2.5574,32.0,5.830927835051546,38.52,-121.42,0.726
3.2981,52.0,3.9532908704883227,37.77,-122.43,2.227
1.2813,26.0,3.182108626198083,33.76,-118.08,0.467
2.7857,43.0,5.21505376344086,40.58,-122.4,1.042
6.0281,18.0,6.538065843621399,36.96,-121.88,3.211
5.2319,23.0,5.950173812282735,37.37,-122.04,4.301
3.2216,39.0,4.48132183908046,37.62,-122.41,2.427
2.7457,37.0,5.632727272727273,38.16,-122.41,2.547
2.3946,35.0,3.636963696369637,37.9,-122.3,1.417
1.625,26.0,5.6,37.75,-120.85,0.85
3.2794,16.0,5.405405405405405,32.86,-117.21,1.486
2.825,41.0,4.185185185185185,34.22,-118.44,1.686
4.2222,24.0,5.323308270676692,33.74,-117.94,2.072
3.1484,52.0,5.354748603351955,38.57,-121.46,1.589
4.4625,37.0,5.042553191489362,34.09,-117.93,1.542
2.6354,40.0,3.3527397260273974,33.96,-118.19,1.518
6.0,26.0,5.442666666666667,34.15,-117.24,1.402
7.9887,15.0,6.837133550488599,33.69,-117.8,3.28
6.6013,39.0,6.550600343053174,32.72,-117.24,3.964
2.5893,18.0,4.766949152542373,40.95,-124.09,0.996
2.6763,16.0,3.9530102790014685,37.3,-121.88,1.911
3.9063,15.0,4.74306269270298,34.22,-119.18,1.987
2.9605,37.0,4.48,34.13,-117.99,1.294
3.3281,40.0,5.847908745247148,38.26,-122.13,1.702
3.6522,8.0,5.217785843920145,36.79,-119.87,0.802
4.1301,52.0,5.696230598669623,33.83,-118.18,2.684
2.2375,20.0,3.0476190476190474,37.58,-122.51,4.5
4.6277,21.0,3.983092638252906,33.99,-118.38,2.283
4.6364,17.0,6.16986301369863,32.57,-117.06,1.411
3.9929,19.0,5.968660968660969,35.14,-119.47,0.883
3.6204,18.0,6.182608695652174,36.77,-119.92,1.198
3.7031,42.0,5.010025062656641,33.86,-118.19,1.671
2.2132,22.0,6.009009009009009,40.17,-120.94,0.892
6.6779,5.0,7.507177033492823,38.3,-122.03,2.239
3.3398,19.0,5.409944751381215,38.1,-121.7,0.897
2.2356,39.0,3.06140350877193,34.02,-118.26,1.195
2.5437,43.0,4.6626139817629175,33.99,-118.3,0.945
4.175,47.0,5.344594594594595,37.98,-121.3,0.983
2.395,25.0,4.798722044728435,33.61,-117.71,0.803
2.0469,10.0,4.786290322580645,40.45,-122.31,0.668
3.8875,40.0,5.6103896103896105,37.64,-122.12,2.281
4.9643,34.0,5.059183673469388,33.63,-117.92,3.179
1.2857,36.0,3.7245762711864407,34.01,-118.25,0.993
4.3977,31.0,7.441520467836257,32.76,-117.0,2.268
3.6832,20.0,4.231794871794872,37.58,-121.98,2.169
3.191,30.0,4.034090909090909,34.0,-118.41,2.712
2.2865,38.0,4.784386617100372,34.13,-117.31,0.655
3.3281,32.0,5.067901234567901,36.79,-119.76,0.751
2.1108,44.0,3.8101604278074865,34.08,-118.25,2.0
2.2401,24.0,4.873345935727788,33.83,-118.0,2.125
4.055,34.0,5.131436314363143,34.27,-118.51,2.225
4.4,45.0,5.15625,33.86,-118.13,2.095
4.1375,28.0,6.105162523900574,34.09,-117.42,1.283
4.9091,33.0,5.146341463414634,37.36,-121.99,2.703
1.1458,48.0,3.2470238095238093,38.55,-121.47,0.654
2.93,23.0,3.8818737270875765,32.8,-117.22,1.833
2.3958,15.0,5.081818181818182,39.68,-121.6,1.112
1.1915,45.0,5.594377510040161,41.31,-122.32,0.719
5.3701,36.0,5.957345971563981,33.8,-118.12,2.514
3.3611,46.0,5.701421800947867,33.99,-118.06,1.744
5.1045,14.0,7.395498392282958,33.87,-117.33,1.613
3.0938,32.0,4.7176470588235295,38.25,-122.04,1.104
4.5486,32.0,5.525525525525525,34.63,-120.45,1.724
5.0965,19.0,5.973996175908222,38.06,-122.56,2.953
2.1484,19.0,5.235973597359736,33.75,-117.31,1.292
5.5647,31.0,5.435658914728682,37.68,-122.48,2.687
3.6923,18.0,3.652037617554859,37.59,-122.02,2.132
2.6016,14.0,4.6989733059548255,38.68,-121.28,1.212
3.2337,28.0,5.415238095238095,39.21,-121.03,1.231
6.3955,25.0,7.367595818815331,32.85,-117.23,3.167
4.5246,4.0,6.940845070422535,38.66,-121.02,1.989
2.5707,38.0,5.511494252873563,38.35,-122.0,1.26
4.0071,37.0,5.063339731285988,37.72,-122.42,2.447
1.9871,35.0,5.1248073959938365,38.62,-121.46,0.609
1.9707,12.0,5.213774597495528,33.77,-116.98,1.079
3.2355,30.0,5.00668449197861,36.66,-121.65,2.142
3.6308,21.0,5.022079116835327,34.0,-117.88,1.921
1.7375,52.0,4.81203007518797,38.9,-121.07,1.222
2.8833,29.0,5.793911007025761,40.79,-124.13,0.83
2.0984,44.0,3.9573560767590616,34.05,-118.35,1.58
4.9615,52.0,5.98984771573604,37.98,-122.58,2.922
2.9551,41.0,4.11854103343465,33.9,-118.36,2.05
5.766,30.0,6.608823529411764,32.64,-117.06,1.861
2.0673,24.0,4.409313725490196,34.96,-120.43,1.369
3.1792,31.0,3.712328767123288,33.79,-117.86,1.464
2.6145,10.0,5.116991643454039,36.35,-119.62,0.803
3.5323,34.0,5.762903225806451,38.49,-121.45,1.098
5.422,13.0,6.287610619469026,33.69,-117.9,3.166
1.3047,41.0,5.6389891696750905,36.72,-119.79,0.441
2.181,52.0,3.6887052341597797,37.79,-122.25,1.388
1.375,16.0,3.9508196721311477,40.51,-123.21,0.488
2.0878,16.0,5.277064220183486,33.77,-117.27,1.013
2.9286,51.0,5.353233830845771,36.98,-122.04,2.583
3.756,31.0,4.977622377622378,34.05,-118.1,1.833
7.5,8.0,6.564885496183206,36.85,-119.88,2.562
5.0,34.0,6.474708171206226,34.35,-119.74,3.294
6.2781,17.0,6.787798408488063,37.75,-121.94,2.698
1.6009,39.0,5.12183908045977,35.39,-118.99,0.488
2.9334,22.0,4.334478021978022,34.07,-118.01,1.826
4.3836,18.0,6.057575757575758,38.71,-121.31,1.02
3.3182,35.0,3.9047619047619047,33.91,-118.15,1.333
6.3236,24.0,7.829396325459317,34.29,-118.71,3.02
3.875,31.0,7.1158940397351,33.85,-117.93,1.839
4.6528,47.0,4.335820895522388,34.13,-118.23,2.444
4.1875,35.0,5.474666666666667,34.12,-118.06,2.754
1.1296,34.0,4.356502242152466,34.7,-118.13,0.938
1.8432,28.0,4.302788844621514,34.44,-119.75,3.273
7.3718,26.0,5.486111111111111,37.81,-121.2,2.125
3.5089,31.0,4.458885941644563,34.05,-118.15,3.058
2.8833,19.0,6.75,39.31,-123.15,1.542
5.6194,32.0,6.746594005449591,37.72,-122.08,2.747
3.0804,35.0,4.528239202657807,37.75,-122.45,3.134
4.6069,7.0,5.609195402298851,38.26,-122.63,2.023
1.554,32.0,4.181168057210965,33.96,-118.29,1.0
3.025,41.0,4.992,34.0,-117.37,0.906
1.875,30.0,5.668949771689498,34.17,-117.3,0.897
4.0417,44.0,4.322695035460993,34.12,-118.19,1.706
1.6164,17.0,4.672297297297297,38.98,-122.83,0.778
4.1708,33.0,4.664179104477612,33.89,-118.14,1.75
1.2065,39.0,4.585754451733833,36.74,-119.74,0.556
2.6406,27.0,5.505952380952381,37.57,-120.98,1.297
4.6875,36.0,5.108504398826979,33.82,-118.11,2.182
3.6346,39.0,5.17799352750809,37.76,-122.47,3.38
3.0089,40.0,5.246543778801843,37.34,-121.86,1.852
1.0349,6.0,4.165217391304348,36.19,-119.35,0.678
2.8281,14.0,6.108108108108108,34.03,-117.33,1.063
1.7276,50.0,4.036363636363636,37.78,-122.22,1.023
3.2792,40.0,4.452975047984645,37.76,-122.51,2.608
2.0685,19.0,3.9893162393162394,32.8,-116.93,1.3
3.3472,37.0,6.625,36.87,-121.77,2.938
1.4615,20.0,4.210982658959537,37.35,-120.62,0.692
1.2813,31.0,3.627906976744186,36.75,-119.78,0.564
5.8683,26.0,7.172862453531598,32.79,-117.03,2.205
5.228,16.0,6.569451309935739,33.97,-117.72,1.878
3.2383,18.0,4.4557926829268295,34.11,-117.88,1.57
1.5625,17.0,2.9915254237288136,33.19,-117.38,1.625
4.7308,44.0,5.950617283950617,34.14,-118.03,3.522
3.4231,15.0,5.442508710801394,36.2,-119.32,0.833
2.9474,37.0,4.869047619047619,34.07,-117.66,1.396
3.1944,40.0,4.43859649122807,34.07,-118.23,1.438
5.5425,12.0,7.181585677749361,34.02,-117.66,2.023
2.767,42.0,4.7356020942408374,34.04,-118.37,1.43
2.3496,26.0,5.539366515837104,38.47,-121.49,0.68
6.1076,26.0,6.134907251264756,33.98,-117.84,2.212
1.4042,46.0,4.4015748031496065,33.98,-118.29,1.1
3.0938,35.0,5.597911227154047,32.75,-117.05,1.373
3.4028,27.0,3.7062068965517243,37.37,-122.05,3.242
1.2188,37.0,2.8823529411764706,34.13,-118.26,2.188
2.593,22.0,3.6056105610561056,33.97,-118.03,1.92
4.6354,16.0,5.485074626865671,32.74,-117.23,1.792
3.6731,16.0,3.9663526244952894,37.93,-122.48,3.18
3.1364,25.0,7.626822157434402,33.76,-116.57,3.016
2.4091,24.0,4.081534772182255,34.94,-120.45,1.155
1.75,50.0,4.096385542168675,40.81,-124.15,0.675
2.0938,39.0,5.260330578512397,32.72,-117.09,1.025
3.5313,36.0,6.219424460431655,36.1,-119.57,0.688
7.2013,12.0,7.355691056910569,33.5,-117.63,3.536
4.1771,44.0,4.920720720720721,33.84,-118.19,2.191
2.2201,29.0,4.525252525252525,32.68,-117.09,1.0
5.0849,18.0,6.6207674943566595,38.24,-122.61,1.885
5.1752,16.0,6.04578313253012,34.26,-119.19,2.18
5.5422,32.0,5.123595505617978,33.66,-117.89,2.531
2.2813,22.0,3.8558823529411765,37.38,-120.72,0.673
3.3155,21.0,4.503787878787879,33.81,-118.08,2.375
3.6304,22.0,4.850409836065574,34.42,-119.88,3.122
3.1058,32.0,3.936333699231614,37.62,-122.4,2.53
2.4423,21.0,5.7795275590551185,39.07,-122.91,1.023
0.4999,10.0,6.74,34.69,-116.9,0.55
4.6696,32.0,4.743243243243243,33.92,-117.94,1.655
5.8418,15.0,6.831460674157303,38.0,-122.27,2.403
3.25,36.0,3.9972677595628414,34.06,-118.1,1.792
3.3431,20.0,6.383720930232558,39.32,-123.11,1.375
5.9062,35.0,6.535934291581109,37.47,-122.25,3.832
3.226,52.0,5.372469635627531,37.96,-121.31,1.076
2.8676,30.0,6.205882352941177,37.95,-121.22,0.769
5.1741,16.0,5.80327868852459,33.7,-117.79,2.277
3.1848,27.0,5.579387186629527,37.68,-120.98,1.128
2.6053,33.0,4.786632390745501,37.8,-121.21,0.992
3.0721,37.0,5.579775280898876,37.67,-121.01,1.081
1.8456,32.0,3.456730769230769,32.71,-117.14,1.031
1.3657,50.0,3.9583333333333335,32.7,-117.15,1.625
2.7356,22.0,5.237076648841355,38.61,-121.28,0.961
6.3302,39.0,7.54,37.82,-122.2,3.628
3.8776,11.0,6.131555555555556,38.69,-121.32,1.245
3.2727,52.0,4.442982456140351,37.81,-122.24,2.685
2.8042,35.0,3.895017793594306,37.34,-121.91,2.409
4.4792,15.0,4.981627296587926,37.31,-121.81,2.125
3.8179,24.0,5.115768463073852,37.56,-122.01,2.161
5.9114,46.0,6.079470198675497,37.72,-122.47,3.99
1.1868,47.0,3.9124579124579126,34.06,-118.19,0.938
2.8795,44.0,5.802816901408451,36.33,-119.3,0.77
2.0536,42.0,4.735632183908046,36.73,-119.74,0.5
4.5,46.0,5.594795539033457,34.2,-118.15,1.842
4.1591,27.0,5.381834215167548,37.55,-122.0,3.324
2.4539,28.0,2.519327731092437,33.73,-117.85,1.15
5.575,10.0,6.247572815533981,35.39,-119.08,1.322
2.3171,7.0,4.399752475247524,33.14,-117.1,1.595
1.9509,35.0,3.5727272727272728,32.7,-117.13,0.702
3.9922,32.0,5.738317757009346,37.96,-121.36,2.474
4.2054,23.0,5.3094059405940595,33.2,-117.27,1.507
2.0521,45.0,4.506142506142506,37.31,-120.49,0.724
3.1389,31.0,5.374631268436578,38.02,-121.87,1.178
3.3011,52.0,4.616702355460386,38.23,-122.64,2.523
2.1496,16.0,5.398176291793313,40.47,-122.43,0.977
5.678,28.0,5.859259259259259,37.35,-122.04,3.701
2.8056,26.0,4.673684210526316,40.76,-124.17,0.828
0.9751,48.0,4.204761904761905,33.95,-118.25,0.955
1.9306,22.0,4.176470588235294,33.66,-116.17,0.475
5.4819,12.0,5.759345794392523,33.17,-117.1,1.838
3.6579,48.0,4.557726465364121,34.1,-118.26,3.186
2.3182,38.0,3.365432098765432,34.21,-118.38,1.712
1.5078,36.0,4.544529262086514,33.95,-118.3,0.996
2.9219,28.0,4.15347721822542,34.2,-118.44,2.413
4.9103,4.0,5.502212389380531,38.25,-121.98,1.404
2.3108,28.0,5.134357005758157,36.76,-119.71,0.72
3.8,42.0,4.525316455696203,34.21,-118.38,1.695
4.9018,17.0,6.2,37.81,-121.99,1.885
3.8643,46.0,4.63490099009901,34.02,-118.36,1.958
0.8185,13.0,2.4988713318284423,34.15,-118.25,1.875
6.6238,17.0,6.238993710691824,38.61,-121.31,3.267
3.6823,30.0,4.3,34.14,-118.36,2.952
6.8429,15.0,6.13855421686747,33.9,-117.95,3.726
3.2031,36.0,3.8282208588957056,34.01,-118.08,1.476
4.1696,18.0,6.1661016949152545,36.82,-121.64,2.225
3.6875,47.0,5.97741935483871,34.18,-118.23,4.22
2.3812,21.0,3.725,33.88,-118.31,2.375
2.3625,40.0,6.2727272727272725,39.67,-120.24,0.625
3.5781,49.0,4.419437340153452,37.35,-121.88,1.93
5.4625,9.0,6.999071494893222,33.85,-117.4,2.236
1.747,43.0,4.236,33.96,-118.31,1.21
2.4952,32.0,4.001234567901235,34.1,-117.72,1.818
3.1724,41.0,5.0625,34.03,-118.16,1.416
2.3261,38.0,4.578282828282828,37.36,-118.39,0.984
3.7039,39.0,4.9070967741935485,32.74,-117.17,3.615
3.625,36.0,5.108527131782946,33.17,-117.35,1.98
4.25,18.0,6.222360248447205,37.32,-120.61,1.463
4.6333,35.0,5.729166666666667,33.97,-118.08,1.612
1.7206,21.0,3.4833333333333334,34.07,-117.27,0.821
3.0967,35.0,3.8228882833787465,33.91,-118.16,1.44
3.0789,23.0,3.82122905027933,33.8,-117.9,3.5
3.4531,26.0,4.983935742971887,36.61,-121.83,1.331
4.0905,13.0,6.197026022304833,38.25,-122.03,1.348
5.048,26.0,5.0,37.6,-122.37,3.5
4.0693,16.0,5.536585365853658,32.86,-116.98,1.464
4.6875,33.0,4.239726027397261,33.74,-117.89,1.544
2.125,8.0,4.827586206896552,39.71,-121.78,1.792
5.5,46.0,5.443956043956044,34.1,-117.72,2.897
2.8594,20.0,4.151458137347131,33.76,-117.91,2.151
3.2109,34.0,4.02676399026764,32.84,-117.27,3.76
2.7348,52.0,4.071278825995807,34.12,-118.26,2.091
6.2917,39.0,5.312803889789303,34.02,-118.44,4.657
3.8472,52.0,4.916666666666667,34.08,-118.35,3.957
6.7694,9.0,7.675675675675675,34.88,-120.44,2.751
5.1733,28.0,6.519630484988452,33.19,-117.35,1.981
3.2292,44.0,5.291814946619217,34.14,-117.31,0.861
5.1442,6.0,6.147197839297772,38.49,-121.54,1.745
1.6509,17.0,6.153846153846154,33.69,-114.56,0.857
5.9878,26.0,8.22742474916388,32.76,-116.97,2.707
2.9605,12.0,4.915341440598691,38.55,-121.78,2.043
4.7361,44.0,5.518987341772152,33.88,-118.18,1.677
3.2545,27.0,4.962472406181015,36.61,-121.83,1.312
2.6181,9.0,5.077477477477477,32.75,-117.15,2.042
5.8752,20.0,6.157667386609071,33.66,-117.81,2.742
2.9583,35.0,3.8633540372670807,33.84,-117.91,1.754
4.0962,33.0,6.1308016877637135,38.25,-122.62,1.702
3.9464,35.0,5.135021097046414,32.82,-117.2,1.716
1.8158,33.0,5.690721649484536,34.75,-117.14,1.0
5.5385,36.0,5.048780487804878,37.39,-122.09,3.59
3.9265,18.0,4.31994459833795,38.0,-122.55,3.011
4.105,42.0,5.475935828877005,33.79,-117.86,1.945
4.8603,16.0,6.790155440414508,38.24,-122.6,1.984
4.3203,37.0,5.140625,33.97,-118.06,1.592
3.6625,38.0,5.612612612612613,37.69,-122.15,1.846
4.0909,36.0,6.043478260869565,33.79,-117.93,1.908
3.5056,23.0,3.720532319391635,33.75,-118.3,2.031
4.6071,52.0,6.030188679245283,37.75,-122.47,3.374
2.4545,36.0,4.045662100456621,33.77,-118.26,1.642
1.7083,44.0,6.839357429718875,33.99,-118.31,1.0
3.5804,30.0,5.583638583638583,33.78,-118.31,3.838
5.9806,15.0,6.094594594594595,32.94,-117.25,3.705
6.4664,17.0,6.8609467455621305,37.23,-121.81,2.783
2.0547,13.0,4.867783985102421,34.58,-118.12,1.026
2.5625,52.0,6.268817204301075,37.96,-121.27,0.542
3.1478,22.0,4.16583850931677,34.17,-118.46,2.737
2.8056,32.0,3.512019230769231,36.91,-121.75,1.732
2.4,52.0,5.490566037735849,38.25,-122.04,1.25
4.636,33.0,5.660332541567696,34.13,-117.86,2.455
5.8691,21.0,6.232142857142857,37.28,-122.12,3.6
5.7794,35.0,5.4935543278084715,34.13,-118.22,2.724
2.9135,27.0,5.349282296650718,37.48,-120.89,1.594
4.3227,16.0,5.711703958691911,37.01,-121.59,2.515
5.4683,26.0,5.395017793594306,37.24,-121.96,4.309
2.7188,14.0,7.972746331236897,38.05,-120.22,1.37
3.0349,35.0,3.41109709962169,34.09,-118.35,2.667
3.1944,35.0,6.026315789473684,38.53,-121.41,0.79
2.8021,33.0,6.2356020942408374,38.55,-121.36,1.188
1.6384,42.0,3.7673860911270984,33.79,-118.18,1.28
3.3125,49.0,4.698581560283688,37.74,-122.15,1.18
3.0125,37.0,6.0814814814814815,32.74,-117.03,1.304
4.9107,19.0,5.58,36.84,-121.7,2.319
5.0958,18.0,5.291044776119403,37.22,-121.78,2.171
3.3269,22.0,7.677083333333333,37.09,-119.4,1.027
2.4137,21.0,5.386075949367089,36.73,-119.83,0.621
2.5391,33.0,4.324324324324325,34.05,-117.66,1.086
2.7885,34.0,4.384068278805121,38.26,-122.04,1.059
1.725,52.0,5.096234309623431,37.84,-122.27,1.139
5.6091,21.0,5.6997885835095135,33.89,-118.37,3.568
4.6042,20.0,5.106481481481482,37.82,-122.0,2.564
2.5469,38.0,5.1440677966101696,34.0,-117.35,0.878
3.775,14.0,5.519572953736655,38.1,-121.29,1.633
2.2328,46.0,4.890350877192983,34.18,-118.15,1.421
3.0509,30.0,5.598130841121495,33.94,-117.4,0.827
4.125,12.0,4.37219730941704,32.98,-117.26,2.269
3.0972,34.0,6.452914798206278,36.31,-119.29,0.828
2.83,13.0,5.977777777777778,33.46,-116.99,0.43
3.6275,23.0,4.876344086021505,34.01,-117.89,1.541
3.1406,43.0,4.715883668903803,37.76,-122.5,3.162
2.3787,21.0,4.565340909090909,38.29,-122.32,1.779
3.3793,18.0,6.322834645669292,39.11,-121.64,0.929
4.1146,28.0,4.842271293375394,37.33,-121.84,1.601
2.8345,31.0,3.8949152542372882,37.82,-122.26,1.838
5.1014,15.0,6.578947368421052,38.12,-122.22,1.795
2.8233,31.0,4.0607476635514015,34.06,-118.38,3.1
3.875,49.0,4.933701657458563,37.78,-122.17,1.406
1.4617,25.0,3.341708542713568,33.76,-118.08,0.469
4.1369,34.0,6.25,37.36,-122.05,3.169
3.0735,23.0,5.334589299171062,34.11,-117.78,2.123
2.15,15.0,4.060975609756097,32.8,-117.09,1.313
1.3485,26.0,4.717391304347826,34.06,-117.18,0.851
3.1738,31.0,5.510028653295129,37.25,-121.0,0.976
4.087,23.0,5.641176470588236,32.58,-117.05,1.348
5.5519,35.0,6.416256157635468,36.6,-121.91,3.295
1.372,47.0,4.030674846625767,36.73,-119.81,0.496
3.703,22.0,3.8816067653276956,33.84,-118.36,3.613
1.825,37.0,3.777089783281734,32.71,-117.13,0.815
3.3875,23.0,5.536163522012578,36.32,-119.3,0.925
3.2158,18.0,4.105263157894737,33.92,-117.96,2.15
2.6833,8.0,5.439024390243903,38.57,-120.72,1.188
3.8681,31.0,4.977777777777778,33.8,-117.83,1.96
3.274,30.0,4.805646036916396,33.89,-118.15,1.483
2.165,34.0,5.304950495049505,39.53,-122.19,0.587
1.9943,21.0,4.6743421052631575,40.43,-122.29,0.598
2.7321,33.0,5.467637540453074,36.3,-119.13,0.765
2.9154,35.0,4.244628099173553,34.12,-118.17,1.692
4.4437,16.0,5.9326599326599325,38.37,-122.85,3.05
2.7268,30.0,4.1969072164948455,33.85,-118.15,2.181
2.35,40.0,3.971830985915493,35.24,-118.99,0.917
7.1463,31.0,6.534632034632034,34.24,-118.24,3.941
1.8611,42.0,4.751381215469613,38.64,-121.42,0.605
3.5227,19.0,5.40122199592668,32.61,-116.79,2.061
6.1949,26.0,6.844978165938865,34.19,-118.86,2.435
3.7784,32.0,5.975206611570248,37.43,-120.84,1.645
4.2386,34.0,6.072,37.67,-122.14,1.923
4.976,3.0,6.57201646090535,38.33,-121.96,1.583
4.9271,21.0,5.1117117117117115,33.99,-117.87,2.097
3.4408,32.0,5.3201133144475925,40.59,-124.05,0.952
4.1685,20.0,6.7006369426751595,38.8,-121.15,2.175
4.2937,35.0,6.092178770949721,33.86,-117.96,1.832
3.125,25.0,3.9573643410852712,33.84,-117.91,1.681
4.3971,18.0,3.6659528907922914,37.35,-121.99,2.389
2.5792,16.0,4.9147058823529415,35.12,-120.61,1.638
3.6111,44.0,4.864022662889519,34.16,-118.34,2.545
4.2625,37.0,5.925795053003534,37.89,-122.05,3.106
2.4792,21.0,3.7529411764705882,37.63,-120.99,0.6
5.9359,16.0,5.756024096385542,37.26,-121.81,2.495
4.2054,10.0,5.515837104072398,34.04,-117.66,1.599
4.7179,13.0,5.020175438596492,33.02,-117.27,3.767
1.4036,31.0,3.4924433249370277,35.28,-120.66,2.096
5.5208,33.0,6.833723653395785,38.51,-121.51,1.713
6.4265,16.0,6.909565217391305,33.87,-117.76,2.637
3.1,29.0,7.5423728813559325,38.44,-122.98,1.621
3.3625,31.0,5.077868852459017,34.1,-117.94,1.534
5.8722,34.0,5.734939759036145,34.05,-117.95,2.048
2.5417,22.0,3.103448275862069,34.13,-118.25,2.175
1.5272,41.0,4.614583333333333,33.99,-118.25,1.003
7.7932,29.0,6.573170731707317,37.45,-122.23,4.699
1.6509,45.0,5.332541567695962,41.43,-122.38,0.462
2.9118,38.0,4.376358695652174,34.18,-119.17,1.724
5.8374,36.0,5.438202247191011,33.91,-118.38,2.896
3.0972,40.0,5.463157894736842,33.88,-118.26,1.085
1.2813,42.0,3.896103896103896,38.56,-121.49,0.875
5.9684,25.0,6.413101604278075,33.85,-118.24,1.933
3.5326,13.0,3.1783625730994154,33.71,-117.87,2.625
3.2135,37.0,5.541322314049586,38.31,-120.8,1.236
3.2132,39.0,5.517543859649122,34.06,-118.04,1.761
6.8317,31.0,6.438515081206496,34.16,-118.2,4.461
3.3333,27.0,6.541666666666667,37.92,-120.84,2.083
3.8398,32.0,6.23046875,34.12,-117.37,1.182
5.4299,26.0,6.172413793103448,37.53,-121.97,2.364
3.8125,27.0,5.044692737430168,33.61,-117.93,3.667
3.9038,35.0,4.535830618892508,34.18,-118.41,2.761
3.8929,19.0,4.974293059125964,34.1,-117.81,1.446
2.2841,52.0,4.35064935064935,37.85,-122.27,1.063
3.1597,29.0,6.4,32.78,-115.56,0.762
4.7773,37.0,3.5354609929078014,33.74,-118.1,4.0
2.1518,35.0,3.303030303030303,34.04,-118.3,1.528
1.2396,28.0,3.7578125,34.01,-118.25,0.903
2.0952,27.0,3.412903225806452,33.76,-118.08,0.713
2.7401,24.0,4.08816120906801,32.82,-117.17,1.981
2.7399,15.0,6.218905472636816,38.39,-120.62,1.348
5.0764,24.0,5.4550691244239635,33.82,-117.94,2.286
5.8673,16.0,7.211111111111111,36.36,-119.25,1.548
6.5858,32.0,6.086956521739131,37.29,-121.92,3.467
3.0972,31.0,5.359882005899705,38.63,-121.3,1.5
3.6006,34.0,4.617710583153348,33.86,-117.97,1.617
2.9808,38.0,5.670588235294118,36.79,-120.08,0.896
3.2705,52.0,4.772479564032698,37.85,-122.26,2.418
2.8903,31.0,4.477459016393443,37.98,-122.52,3.242
2.7361,21.0,4.277978339350181,34.86,-118.17,0.833
4.0446,36.0,5.726224783861672,38.43,-122.87,1.722
2.4032,18.0,5.07981220657277,36.21,-119.36,0.6
2.4635,41.0,4.312,34.04,-118.35,1.694
2.3152,16.0,5.174934725848564,37.59,-120.94,1.113
4.25,4.0,5.593189964157706,33.0,-117.07,2.816
3.6312,48.0,8.130434782608695,38.11,-121.23,2.028
1.3281,40.0,5.054347826086956,37.79,-122.23,1.133
4.072,24.0,4.781065088757397,37.38,-122.05,3.642
3.9702,27.0,4.823886639676114,34.01,-117.9,1.414
1.654,17.0,3.5343065693430655,33.53,-116.12,1.0
5.6147,16.0,7.411111111111111,38.05,-121.34,2.447
2.0134,35.0,3.81728045325779,33.91,-118.19,1.324
4.8125,18.0,5.992405063291139,32.81,-116.83,2.105
3.125,12.0,5.786377708978328,33.66,-117.22,1.172
3.7162,16.0,4.91651865008881,33.74,-117.95,2.012
5.5632,24.0,6.343355965082444,38.64,-121.36,1.752
1.625,38.0,6.304347826086956,40.01,-121.23,0.75
6.4321,5.0,7.17981072555205,32.98,-117.13,2.719
1.9784,37.0,4.988584474885845,36.78,-119.78,0.707
3.0926,6.0,3.67351598173516,34.24,-118.52,4.185
3.3177,46.0,4.45982905982906,34.16,-118.38,3.094
5.8718,6.0,6.505962521294719,38.77,-121.28,2.014
6.1943,13.0,6.532467532467533,38.68,-121.25,2.761
4.6065,22.0,5.3895348837209305,37.23,-121.97,4.459
3.5625,52.0,5.348082595870206,37.87,-122.28,1.917
3.5833,52.0,5.15819209039548,37.77,-122.5,3.229
1.4091,38.0,5.7,40.57,-122.39,0.844
2.1955,34.0,4.136482939632546,32.62,-117.09,1.297
3.1364,38.0,4.377215189873418,34.44,-119.73,3.575
5.0309,29.0,6.239690721649485,34.2,-118.62,2.448
3.8125,15.0,4.590570719602978,37.95,-121.69,1.254
2.6937,45.0,5.060640732265446,38.12,-122.27,1.118
2.5476,25.0,4.770833333333333,38.45,-120.88,0.979
4.0227,26.0,5.889655172413793,38.72,-121.47,0.998
3.2943,32.0,4.907788719785139,34.08,-117.9,2.044
3.4306,24.0,5.7407407407407405,36.23,-119.25,1.392
4.35,44.0,5.17948717948718,39.17,-122.91,0.683
1.4886,50.0,4.0251572327044025,37.78,-122.22,1.288
2.8021,47.0,3.7656903765690375,34.09,-118.35,2.806
4.1719,27.0,6.8106575963718825,34.71,-118.16,1.172
2.2532,46.0,5.085011185682327,38.01,-121.8,1.094
2.625,36.0,5.3355263157894735,37.95,-121.23,0.892
7.2315,35.0,7.158607350096712,37.88,-122.1,3.671
5.979,19.0,6.860557768924303,33.91,-118.0,2.852
2.5583,31.0,4.606334841628959,32.75,-117.07,1.207
1.5313,20.0,4.18974358974359,39.23,-121.05,1.549
3.1726,29.0,4.190692395005676,33.79,-117.92,1.987
1.5321,32.0,4.961904761904762,36.29,-119.14,0.483
2.2125,52.0,5.124293785310734,38.56,-121.46,1.04
3.4868,27.0,3.139963167587477,37.4,-122.1,1.656
2.5819,44.0,4.58641975308642,38.34,-122.73,2.096
2.0062,19.0,5.65,38.51,-121.39,0.92
2.6736,52.0,4.0,37.84,-122.26,1.913
4.4722,44.0,5.485380116959064,33.92,-118.37,2.183
2.3152,25.0,5.412844036697248,36.21,-119.32,0.631
2.7344,18.0,7.085158150851582,38.42,-120.42,0.919
3.1613,36.0,4.208728652751423,33.79,-118.27,1.823
2.2423,17.0,5.800457404230989,33.67,-117.38,1.326
5.2657,35.0,5.983870967741935,33.83,-117.99,1.914
4.0909,34.0,6.151869158878505,34.22,-118.62,2.329
2.4375,49.0,4.024390243902439,34.08,-118.2,1.14
1.6731,14.0,4.741322314049587,37.62,-121.02,0.958
2.3851,25.0,5.001733102253033,33.92,-117.39,1.137
4.1471,32.0,4.702702702702703,33.96,-118.41,2.844
1.8571,16.0,6.424924924924925,38.99,-122.65,0.759
4.9861,26.0,6.623655913978495,38.04,-121.25,2.018
2.8301,49.0,4.412987012987013,37.73,-122.16,1.716
3.0625,12.0,5.351162790697674,38.48,-121.43,0.905
1.9138,29.0,4.36468330134357,36.32,-119.28,0.669
3.3438,50.0,5.102787456445993,34.13,-118.2,1.736
2.4375,23.0,4.947368421052632,34.38,-119.31,2.25
4.0536,37.0,4.741847826086956,33.96,-118.03,1.714
3.5588,50.0,5.177458033573141,37.78,-122.48,3.464
6.4459,51.0,6.174509803921569,34.1,-118.27,4.216
4.2917,37.0,5.868421052631579,37.96,-122.06,1.896
3.4868,36.0,5.227665706051873,33.9,-118.13,2.084
3.7359,16.0,4.598079561042524,37.4,-122.07,2.625
1.2096,49.0,4.397058823529412,34.03,-118.26,1.0
4.9773,12.0,7.302180685358255,38.44,-122.01,2.812
5.5931,23.0,5.876325088339223,34.28,-118.46,2.176
1.8214,34.0,2.664516129032258,34.09,-118.31,2.111
1.9013,35.0,3.342857142857143,38.56,-121.49,0.869
3.2373,32.0,4.340096618357488,34.07,-118.05,1.831
1.3365,26.0,4.556213017751479,37.94,-122.36,0.729
2.4667,37.0,4.241106719367589,34.19,-118.45,1.922
1.7656,42.0,4.144702842377261,33.96,-118.28,0.967
5.1781,3.0,7.107116104868914,38.39,-121.98,1.919
5.7422,37.0,5.836448598130841,33.86,-118.36,3.307
4.1699,47.0,5.309278350515464,33.54,-117.77,3.737
1.6875,42.0,4.322033898305085,33.87,-117.58,1.135
4.7941,16.0,6.543123543123543,38.75,-121.18,2.476
2.5927,33.0,4.595419847328245,34.04,-118.33,1.615
4.0742,46.0,5.305439330543933,34.17,-118.36,2.291
2.7083,19.0,6.475,40.34,-123.48,0.645
1.55,36.0,3.1495016611295683,33.79,-118.17,1.0
1.577,51.0,4.813765182186235,40.17,-122.24,0.519
4.0469,45.0,4.125,37.75,-122.18,0.807
4.625,21.0,6.589164785553048,32.78,-117.08,2.228
4.2672,23.0,5.251252086811352,37.74,-122.44,3.919
2.7656,36.0,5.286407766990291,34.11,-118.06,2.395
2.375,52.0,4.8,37.94,-121.3,0.675
1.5474,44.0,4.674931129476584,32.71,-117.13,0.833
2.5181,12.0,5.283815480844409,34.11,-117.41,1.055
2.8125,24.0,3.5046728971962615,34.15,-118.13,1.417
2.0976,29.0,4.987938596491228,33.93,-116.89,0.726
2.7875,49.0,3.571608040201005,34.1,-118.28,2.173
3.3304,16.0,4.462321792260693,34.28,-118.4,1.549
1.8281,29.0,3.963740458015267,34.13,-117.28,0.768
1.3668,52.0,2.673635307781649,37.79,-122.41,0.55
4.0357,30.0,4.897097625329815,32.73,-116.99,1.538
2.963,25.0,5.32013201320132,39.77,-121.61,0.895
1.7958,17.0,4.146449704142012,32.56,-117.06,1.404
2.3958,37.0,6.095238095238095,38.67,-121.38,0.784
1.9191,9.0,4.984615384615385,39.93,-122.2,0.544
3.5822,18.0,5.449317738791423,34.42,-119.3,2.199
2.9896,33.0,4.406741573033708,34.43,-119.68,2.36
4.0642,41.0,5.794520547945205,37.73,-122.41,2.725
4.1875,45.0,4.6414342629482075,37.57,-122.31,2.673
3.9219,35.0,4.76948051948052,34.03,-117.92,1.595
2.3942,16.0,3.2981651376146788,34.07,-118.25,1.333
1.901,32.0,3.667779632721202,32.72,-117.13,1.203
4.7132,50.0,5.055023923444976,34.1,-118.27,3.046
4.43,25.0,5.344660194174757,34.15,-119.14,2.077
2.4394,37.0,4.569200779727096,32.75,-117.12,1.183
3.0989,21.0,4.0133414190418435,33.87,-118.14,1.714
2.875,37.0,4.400749063670412,37.96,-121.24,0.577
4.25,27.0,4.775665399239544,37.34,-121.84,1.629
5.5601,36.0,5.673708920187793,33.9,-118.02,2.052
5.0508,32.0,7.575688073394495,38.59,-121.36,2.257
1.8289,29.0,4.343675417661098,35.39,-119.01,0.594
1.8319,36.0,4.217008797653959,35.39,-118.99,0.554
3.1442,21.0,4.709163346613546,34.65,-120.45,1.316
2.3468,43.0,4.6095471236230114,38.68,-121.78,1.194
2.5495,15.0,4.36556927297668,38.0,-121.83,1.036
6.1244,20.0,6.3304347826086955,34.42,-118.88,3.75
6.2152,13.0,5.546052631578948,32.79,-116.66,2.406
4.5766,18.0,6.088541666666667,38.56,-121.32,1.087
3.2841,24.0,5.137176938369781,34.13,-118.0,1.67
5.0828,14.0,6.7910750507099396,36.83,-119.73,1.114
7.6129,50.0,4.666666666666667,37.45,-122.16,4.125
7.1937,36.0,5.7784615384615385,33.81,-118.09,2.544
3.4762,52.0,5.305084745762712,37.76,-122.24,2.44
2.121,45.0,3.4336,34.05,-118.21,1.44
3.3669,23.0,5.091603053435114,32.81,-116.92,1.589
2.1522,39.0,3.7813021702838063,33.96,-118.21,1.553
2.7325,25.0,4.93687374749499,38.31,-122.29,1.629
1.8875,34.0,4.247126436781609,34.02,-118.19,1.367
4.0122,20.0,5.437284234752589,34.35,-119.09,2.148
4.3229,18.0,5.398601398601398,37.75,-121.52,3.273
3.915,28.0,5.652941176470589,34.08,-117.48,1.174
4.1458,35.0,5.141486810551559,33.89,-118.31,2.315
2.9891,18.0,5.96,34.83,-118.95,1.165
3.9792,15.0,3.0072992700729926,33.96,-118.41,2.667
5.0391,28.0,5.867796610169491,37.91,-122.07,2.598
3.6042,52.0,5.167235494880546,33.83,-117.92,1.664
2.9375,30.0,4.463327370304114,34.14,-117.87,2.092
2.6607,19.0,2.872340425531915,34.41,-119.7,2.265
2.8295,38.0,4.506887052341598,34.05,-118.18,1.265
3.5673,52.0,5.1940298507462686,34.11,-118.26,2.707
3.1917,14.0,6.6415929203539825,33.64,-114.57,0.734
4.0631,9.0,5.677859391395593,35.3,-119.05,0.882
2.3824,27.0,4.533795493934142,32.58,-117.1,1.276
1.6597,36.0,3.89010989010989,33.96,-118.23,1.091
4.3667,36.0,4.913654618473895,33.92,-118.17,1.718
3.6618,14.0,7.312138728323699,33.83,-117.2,1.613
3.1981,24.0,4.197947214076247,38.11,-122.57,2.153
2.9628,36.0,5.66553480475382,34.13,-117.27,0.878
1.6389,44.0,4.43859649122807,33.95,-118.26,0.967
3.75,16.0,3.9819494584837547,34.43,-119.88,2.231
7.3715,17.0,5.0060975609756095,34.15,-118.16,2.63
2.7663,29.0,7.787162162162162,34.25,-117.31,0.979
1.425,17.0,4.716049382716049,33.83,-117.92,2.125
4.9219,35.0,6.930232558139535,37.98,-122.0,1.82
2.9413,23.0,4.129221732745962,37.68,-122.46,2.294
2.0208,43.0,3.2962962962962963,39.18,-122.91,0.725
6.7957,10.0,6.575989782886334,33.13,-116.97,2.875
4.4167,41.0,5.125,37.37,-121.82,2.152
2.5673,48.0,3.6839622641509435,37.35,-121.89,1.775
3.9205,4.0,5.876190476190477,33.13,-117.29,1.83
6.0873,19.0,6.586142322097379,33.46,-117.65,2.773
4.2396,4.0,5.197530864197531,36.35,-119.63,0.906
3.4133,16.0,4.052173913043478,33.71,-117.95,2.909
1.8214,23.0,3.4574557708508844,33.19,-117.37,1.738
1.023,20.0,4.194762684124386,39.92,-122.19,0.542
4.6467,23.0,5.629757785467128,34.08,-118.0,1.851
5.0679,30.0,6.18849840255591,34.27,-119.22,2.343
5.3889,33.0,6.078880407124682,33.86,-118.11,2.349
5.5102,7.0,7.3541543901001765,33.0,-116.78,2.21
5.5696,17.0,5.984375,33.15,-117.14,1.684
2.1281,33.0,3.8342175066313,32.63,-117.08,1.398
6.276,17.0,6.433333333333334,33.67,-117.82,2.907
2.5043,49.0,4.547272727272727,37.98,-121.29,0.767
2.5326,42.0,3.9302788844621515,34.01,-118.14,1.565
3.6354,22.0,4.235294117647059,34.17,-118.28,2.563
2.7101,25.0,4.837320574162679,38.5,-121.45,0.995
1.0,34.0,4.878787878787879,34.2,-118.42,1.875
5.25,35.0,5.788321167883212,33.84,-117.97,1.902
0.696,52.0,5.333333333333333,37.95,-121.29,0.425
2.7022,37.0,3.8426229508196723,34.02,-118.15,1.519
2.5284,44.0,3.896039603960396,34.05,-118.33,2.263
2.4053,17.0,5.477022058823529,34.12,-117.38,1.052
3.0139,35.0,3.606060606060606,37.34,-121.92,2.042
2.6333,33.0,3.743529411764706,32.76,-117.13,1.4
5.2815,30.0,6.392434988179669,33.69,-117.91,2.295
4.1406,23.0,4.561151079136691,33.87,-118.08,2.008
2.2024,33.0,4.766968325791855,36.32,-119.29,0.672
5.2088,28.0,6.701357466063349,37.27,-121.89,2.409
2.1903,34.0,2.6158357771260996,33.94,-118.21,1.625
2.2188,50.0,4.925133689839572,40.88,-124.09,1.058
2.4574,17.0,4.724271844660194,38.66,-121.37,1.033
6.0678,52.0,6.420454545454546,34.14,-118.4,3.993
4.4861,35.0,7.033149171270718,38.28,-122.21,2.693
4.2361,19.0,7.132471728594507,34.03,-117.02,1.916
2.4318,5.0,4.33609958506224,34.97,-120.64,0.861
3.8307,33.0,5.728440366972477,35.38,-118.92,0.706
3.6301,7.0,5.766690091356289,33.25,-117.32,1.709
2.5223,35.0,5.011204481792717,36.78,-119.83,0.662
5.457,13.0,4.716332378223496,33.92,-117.88,3.088
2.3917,30.0,4.763713080168777,34.09,-117.32,0.786
3.3447,20.0,5.219810040705563,37.0,-121.96,3.052
3.1429,32.0,5.989510489510489,33.11,-117.09,1.716
2.8306,29.0,4.713798977853492,32.75,-117.05,1.429
1.8917,43.0,3.5139664804469275,34.0,-118.27,1.069
0.9393,17.0,4.518469656992084,39.73,-121.85,0.889
5.0923,16.0,7.176351351351351,33.91,-117.98,2.572
1.9583,25.0,4.718354430379747,32.72,-117.11,0.886
3.0714,31.0,4.231378763866878,34.04,-118.44,3.478
6.1426,17.0,6.304964539007092,34.23,-117.41,1.55
3.0298,52.0,5.183673469387755,37.8,-122.22,1.996
2.625,34.0,5.597402597402597,38.67,-121.63,2.25
2.9018,22.0,4.753346080305928,34.23,-119.29,2.75
4.7159,9.0,6.402298850574713,37.68,-120.97,1.637
3.7125,31.0,5.336349924585218,34.16,-117.26,0.98
5.4089,16.0,4.728026533996683,33.86,-118.05,2.656
5.2101,18.0,5.8173076923076925,37.08,-122.14,3.34
2.4333,38.0,4.983050847457627,37.76,-122.17,0.982
2.7038,26.0,3.237424547283702,34.08,-118.31,2.271
2.0216,18.0,5.463291139240506,36.38,-119.21,0.58
5.3509,52.0,5.65067178502879,37.81,-122.22,3.021
3.5484,23.0,4.144694533762058,32.79,-117.23,2.38
5.6818,17.0,6.331606217616581,33.86,-118.07,3.389
3.5772,36.0,5.486590038314176,33.91,-118.12,2.074
3.0417,18.0,4.730769230769231,34.11,-117.97,1.375
3.1786,52.0,4.15,37.73,-122.43,2.226
6.4468,43.0,5.948198198198198,33.83,-118.19,4.442
4.1,36.0,6.487179487179487,34.14,-117.27,0.964
2.0804,42.0,4.294117647058823,37.84,-122.26,2.267
2.4412,30.0,5.441025641025641,37.92,-121.28,0.616
3.4506,10.0,5.356715141146279,38.68,-121.22,1.39
3.5646,40.0,4.593283582089552,33.87,-118.17,1.626
0.9705,42.0,3.8,33.94,-118.24,0.9
5.4741,24.0,6.587798845836768,37.24,-121.84,2.388
1.65,52.0,2.5322033898305083,37.76,-122.42,2.65
2.5488,42.0,4.775811209439528,37.96,-121.33,0.803
3.0903,10.0,5.988235294117647,38.72,-121.42,0.919
4.0556,38.0,6.408695652173913,38.67,-121.78,1.469
2.8235,32.0,5.101321585903084,39.03,-121.37,0.655
4.5,24.0,5.6282306163021865,38.28,-122.26,1.583
2.575,20.0,4.788018433179723,35.35,-119.06,0.699
3.2015,42.0,4.949781659388647,34.16,-118.35,2.5
5.3294,25.0,5.527665317139001,37.29,-121.97,3.003
5.6112,20.0,5.417536534446764,34.03,-118.12,3.08
3.4926,30.0,5.360230547550432,36.44,-119.57,0.942
4.0,38.0,4.56140350877193,33.96,-118.13,2.547
1.375,49.0,5.0303951367781155,37.83,-122.27,1.049
3.0,18.0,4.542615140285865,36.68,-121.8,1.622
2.8871,22.0,7.232736572890025,39.61,-121.39,0.947
3.6629,30.0,6.3625,37.58,-120.83,1.714
3.6393,30.0,5.612813370473537,37.97,-122.3,1.84
3.6641,17.0,5.577142857142857,40.85,-121.07,0.808
2.7273,42.0,4.926640926640927,38.73,-120.81,1.286
2.75,52.0,3.485,37.8,-122.41,1.688
3.1964,13.0,4.751334044823906,37.82,-121.22,1.415
6.5772,20.0,8.26923076923077,32.67,-117.02,2.452
1.5208,19.0,4.517799352750809,39.15,-121.6,0.703
2.0943,28.0,5.51980198019802,39.12,-121.39,1.083
2.6111,13.0,6.372469635627531,34.15,-116.09,0.656
5.152,35.0,5.571428571428571,33.81,-117.98,2.156
1.4511,46.0,5.230769230769231,34.06,-117.32,0.731
3.024,17.0,6.4734513274336285,38.33,-120.41,1.009
3.1071,18.0,5.657534246575342,39.32,-123.7,2.132
2.4387,7.0,4.088939566704675,33.88,-117.59,1.17
5.7812,27.0,6.376130198915009,37.28,-121.98,2.75
2.5562,27.0,3.454945054945055,34.2,-118.45,1.905
1.4097,37.0,4.017991004497751,37.76,-122.2,0.846
2.5568,18.0,6.114035087719298,39.49,-121.21,0.771
2.85,38.0,5.0893470790378,32.68,-117.06,1.258
4.8015,30.0,5.549295774647887,34.27,-118.46,1.797
4.0694,16.0,5.651408450704225,37.36,-120.63,1.102
2.1435,52.0,2.8095238095238093,34.06,-118.31,3.289
2.3287,16.0,5.705,40.63,-122.23,1.307
6.0471,17.0,6.535849056603774,33.61,-117.66,2.484
2.6311,42.0,4.968421052631579,33.97,-118.3,1.241
1.7961,35.0,4.081850533807829,34.01,-118.3,1.117
2.7813,36.0,4.65034965034965,39.44,-123.79,1.058
1.7325,36.0,2.6145339652448656,34.1,-118.32,2.219
2.3043,28.0,3.590909090909091,33.91,-118.29,1.775
4.3419,22.0,5.688679245283019,37.32,-121.84,1.763
1.8523,23.0,4.808695652173913,35.37,-118.94,0.597
4.375,35.0,5.961672473867596,34.23,-118.54,2.329
5.6276,35.0,6.558241758241758,33.83,-117.89,2.008
5.1695,36.0,6.207692307692308,33.99,-118.37,3.97
5.0166,21.0,5.329457364341085,34.42,-118.48,2.29
2.8306,25.0,5.464019851116626,39.64,-121.8,0.875
3.4375,34.0,4.409001956947162,34.1,-118.07,2.598
4.835,28.0,5.941908713692946,34.44,-119.78,3.534
2.5644,31.0,5.234527687296417,35.35,-119.04,0.73
4.475,13.0,5.970893970893971,36.97,-119.85,1.024
1.6346,18.0,5.467532467532467,39.5,-121.62,0.633
3.9718,13.0,5.035478547854786,34.18,-119.21,2.152
4.0775,10.0,6.140900195694717,39.14,-121.03,1.645
1.9219,52.0,3.8197879858657244,34.12,-118.18,1.651
2.5556,24.0,4.864904552129222,38.66,-121.35,1.057
4.0625,10.0,5.916859122401847,38.7,-121.42,0.962
2.5033,9.0,5.012987012987013,36.51,-119.56,0.701
3.6667,7.0,5.8154869933454325,35.52,-120.76,2.506
4.2992,31.0,6.113695090439276,32.79,-117.03,1.744
3.212,13.0,5.660194174757281,33.04,-117.24,1.476
2.7545,24.0,3.5313351498637604,33.43,-117.62,2.313
3.9128,30.0,5.90138067061144,33.94,-117.44,1.269
3.6406,39.0,3.9328859060402683,34.11,-118.17,2.789
5.7192,15.0,6.395348837209302,37.58,-121.96,2.835
6.7027,8.0,6.601410934744268,37.76,-121.97,3.819
4.2813,45.0,4.209606986899563,33.89,-118.32,2.101
4.3187,32.0,4.1708542713567835,33.91,-118.35,2.697
3.5172,35.0,5.023880597014926,33.8,-117.86,1.904
4.1325,13.0,5.064,33.85,-117.95,2.035
5.1121,19.0,5.618852459016393,37.06,-122.01,3.081
3.9792,45.0,5.457777777777777,33.8,-118.2,2.102
1.4868,36.0,4.665760869565218,33.96,-118.29,1.132
4.4896,35.0,5.540425531914893,33.9,-118.11,1.846
2.4659,32.0,5.356415478615071,33.86,-118.15,2.09
4.375,34.0,4.532051282051282,37.6,-122.39,3.409
3.1875,30.0,4.171487603305785,34.06,-118.04,1.542
4.7237,6.0,5.10752688172043,33.45,-117.61,2.207
2.4,31.0,5.605442176870748,37.67,-120.97,1.215
2.7019,44.0,4.054373522458629,34.02,-118.14,1.533
5.3559,26.0,5.741496598639456,33.74,-118.04,2.358
2.3882,42.0,3.786697247706422,33.95,-118.19,1.481
3.8571,52.0,5.044943820224719,37.77,-122.47,3.667
4.1518,22.0,5.663072776280323,32.58,-117.05,1.369
4.6375,15.0,4.350393700787402,34.15,-118.44,3.591
0.536,26.0,7.846153846153846,38.7,-122.52,0.875
2.5068,26.0,4.2406931964056485,33.86,-118.16,1.563
3.4312,18.0,5.188916876574307,36.36,-119.32,0.684
6.8722,16.0,6.682274247491639,33.68,-117.79,3.261
1.9107,13.0,6.631284916201118,33.5,-116.69,1.557
1.9362,33.0,4.210216110019647,35.6,-119.34,0.59
5.7382,17.0,6.444043321299639,33.04,-117.06,2.78
2.6094,34.0,6.367088607594937,40.45,-124.03,0.713
1.8929,41.0,6.74,34.21,-118.36,1.529
2.2419,16.0,5.653940886699507,39.83,-121.58,0.932
1.7393,29.0,3.7823834196891193,33.78,-118.17,1.402
1.4722,4.0,3.769647696476965,34.06,-117.74,1.375
3.2481,34.0,5.528225806451613,34.08,-117.72,1.288
2.2612,12.0,5.235714285714286,34.45,-116.14,1.375
1.0,52.0,3.9270833333333335,36.75,-119.79,0.45
1.9408,42.0,4.707259953161593,34.04,-118.34,1.346
4.2875,16.0,5.900462962962963,34.65,-120.47,1.507
3.1667,34.0,4.644628099173554,33.83,-118.27,1.869
5.2043,15.0,5.551194539249146,35.64,-117.68,0.957
2.2262,4.0,4.012165450121654,33.65,-117.84,2.25
3.7139,9.0,5.714093959731543,33.62,-117.63,1.967
2.9389,18.0,4.308965517241379,34.21,-118.53,2.132
3.8899,52.0,4.5,37.77,-122.48,3.485
4.1099,10.0,6.834909716251075,40.57,-122.42,1.201
2.069,43.0,4.863849765258216,37.75,-122.18,0.846
3.9464,42.0,5.024856596558317,34.11,-118.08,2.572
3.4917,35.0,5.065068493150685,33.91,-118.25,1.095
3.5568,52.0,6.090909090909091,34.15,-118.09,2.05
1.8672,18.0,5.329512893982808,39.43,-121.32,0.847
1.7778,30.0,3.447058823529412,37.87,-122.27,2.688
5.2937,17.0,5.32890365448505,37.41,-121.96,2.38
2.9688,42.0,4.536931818181818,34.08,-118.03,1.628
1.9355,10.0,5.13655462184874,36.22,-119.36,0.683
6.7064,16.0,7.796690307328605,37.27,-121.87,3.056
1.6186,17.0,4.320441988950276,36.19,-119.1,0.771
4.285,34.0,5.208469055374593,33.87,-117.95,1.849
3.8954,27.0,5.5548523206751055,38.67,-121.23,1.33
1.9741,26.0,4.4135135135135135,41.04,-124.1,0.979
2.225,26.0,5.742718446601942,40.97,-121.89,0.52
3.5746,52.0,3.9454297407912686,37.8,-122.41,3.5
7.3658,14.0,7.010324483775811,33.88,-117.85,2.885
6.6813,13.0,6.140206185567011,37.33,-121.79,2.778
3.0613,34.0,4.521444695259594,32.58,-117.12,1.367
1.6759,20.0,4.2817955112219455,37.77,-120.83,1.167
2.0804,34.0,4.24,33.91,-118.23,0.847
3.1111,43.0,4.196369636963697,37.57,-122.33,3.184
1.9615,43.0,3.844884488448845,34.05,-118.2,1.417
1.5227,22.0,5.746268656716418,33.89,-116.63,0.71
2.4286,36.0,4.442896935933148,34.02,-118.12,2.056
4.983,30.0,4.916943521594685,37.47,-122.13,1.667
6.1824,36.0,6.9,34.21,-118.13,2.741
2.9161,19.0,4.86080586080586,32.82,-116.95,1.357
3.0446,32.0,4.895074946466809,32.72,-117.08,1.019
3.0294,42.0,4.919449901768173,34.07,-117.74,1.357
3.1442,50.0,4.708708708708708,34.09,-118.16,1.621
4.8988,13.0,5.113243761996161,34.32,-118.47,3.252
3.4167,35.0,4.583333333333333,34.15,-118.12,1.982
2.2336,28.0,5.298217179902755,37.68,-120.99,1.127
3.3824,48.0,5.027548209366391,34.05,-118.36,3.226
4.7663,38.0,5.566037735849057,33.9,-118.13,1.916
5.0096,34.0,5.936026936026936,33.91,-117.91,2.217
3.4643,30.0,4.441441441441442,36.6,-121.84,1.918
2.8056,35.0,5.262295081967213,33.93,-116.61,0.681
4.35,21.0,5.93687707641196,38.47,-121.43,0.962
2.5392,17.0,3.7939481268011526,32.65,-117.08,1.47
2.2903,13.0,4.0175,32.6,-117.07,1.063
1.449,30.0,4.87292817679558,33.94,-118.27,0.931
2.712,38.0,4.5895196506550215,34.1,-118.23,1.438
3.495,49.0,4.143176733780761,37.71,-122.41,2.178
3.0461,16.0,5.336734693877551,33.6,-117.7,2.169
3.4706,16.0,3.5176908752327747,33.62,-117.74,2.417
4.0114,5.0,6.053072625698324,34.1,-117.19,0.977
3.5139,14.0,5.569832402234637,34.04,-117.35,1.468
2.125,21.0,5.146067415730337,40.01,-122.13,0.633
4.7337,22.0,5.76008064516129,32.57,-117.05,1.276
4.0076,22.0,4.933021806853582,33.4,-117.59,2.521
2.6033,22.0,4.055194805194805,38.34,-122.71,1.216
3.2875,26.0,3.3381742738589213,37.4,-122.09,1.827
4.6563,52.0,3.4814814814814814,37.79,-122.39,3.5
3.2645,52.0,4.0866477272727275,34.08,-118.35,1.75
2.2604,17.0,6.016,38.35,-120.57,0.848
1.9702,39.0,4.138686131386861,33.95,-118.29,0.932
2.3083,20.0,5.485776805251641,38.96,-122.63,0.602
5.943,35.0,6.940476190476191,37.92,-122.29,2.882
2.9184,12.0,4.480300187617261,36.32,-121.25,1.005
3.1779,17.0,4.787356321839081,33.61,-117.75,1.865
4.375,29.0,4.981288981288981,37.35,-121.81,1.855
3.1591,2.0,4.63265306122449,37.78,-121.93,4.347
2.6544,17.0,5.926553672316384,38.0,-120.4,1.126
4.8359,18.0,6.557591623036649,34.87,-120.42,1.957
2.5872,15.0,5.041450777202073,33.23,-117.33,1.556
2.5474,13.0,8.21376811594203,35.47,-118.61,0.784
3.7167,48.0,4.381877022653722,34.06,-118.35,3.85
2.4583,13.0,6.104,38.25,-120.43,1.125
5.7409,19.0,6.395348837209302,33.19,-117.34,2.741
1.2716,19.0,3.4779026217228464,36.81,-119.76,0.694
7.1472,25.0,7.613333333333333,33.89,-117.87,2.701
6.8299,18.0,6.390243902439025,34.38,-118.54,2.621
3.2845,45.0,4.551546391752577,38.44,-122.7,1.783
2.5504,26.0,3.725552050473186,33.96,-118.36,1.513
4.025,24.0,5.976086956521739,33.81,-117.95,2.407
3.5234,35.0,5.5588235294117645,32.82,-117.22,1.839
2.25,25.0,5.893805309734513,39.06,-121.55,0.634
6.8333,6.0,7.009487666034156,37.2,-121.83,3.48
4.6518,17.0,5.811594202898551,33.02,-116.86,1.702
3.0234,31.0,5.464203233256351,36.86,-119.98,0.65
5.282,24.0,5.918495297805642,32.85,-117.0,1.408
6.8492,25.0,8.143939393939394,33.99,-117.95,3.322
2.0536,9.0,3.9507042253521125,36.81,-119.71,0.55
6.5146,18.0,6.712195121951219,34.22,-118.63,2.776
3.1823,12.0,3.7505882352941176,34.17,-118.31,2.183
1.721,42.0,2.708256880733945,34.05,-118.3,2.143
4.5428,52.0,5.283495145631068,37.8,-122.22,2.398
3.9375,35.0,5.46524064171123,34.06,-117.93,1.875
3.6667,40.0,5.989690721649485,33.96,-118.1,1.731
3.0,50.0,4.169491525423729,32.75,-117.13,1.688
4.1692,21.0,4.2224052718286655,37.61,-122.43,3.445
4.6406,45.0,5.508241758241758,33.99,-118.36,2.689
6.1509,20.0,6.492307692307692,33.06,-117.29,3.387
1.939,21.0,4.735632183908046,39.06,-122.91,1.003
3.825,28.0,6.306930693069307,36.59,-119.45,0.842
2.0486,42.0,4.385057471264368,33.93,-118.25,1.018
3.7067,18.0,4.886486486486486,38.41,-122.36,1.75
3.3687,45.0,5.594174757281554,34.0,-117.38,1.238
2.2054,47.0,5.271293375394322,34.0,-118.33,1.215
3.4038,8.0,5.680952380952381,34.39,-117.34,1.005
2.8917,33.0,4.699346405228758,34.2,-118.37,1.704
3.7794,17.0,6.021660649819495,35.87,-118.96,0.962
2.9,24.0,4.4019047619047615,32.77,-117.01,1.852
1.5045,43.0,4.58968058968059,37.82,-122.27,0.938
5.543,34.0,6.175496688741722,33.86,-118.36,3.059
3.2368,8.0,4.602102102102102,34.07,-117.22,1.292
6.2547,49.0,5.163461538461538,34.16,-118.32,3.667
4.325,42.0,4.799485861182519,37.3,-121.88,2.47
4.2768,29.0,5.530120481927711,37.75,-121.44,1.513
5.1296,35.0,5.958490566037736,34.27,-118.45,1.959
5.8721,16.0,6.410187667560321,37.4,-121.86,2.678
1.9597,52.0,2.839160839160839,32.73,-117.16,2.0
2.723,20.0,6.496969696969697,41.48,-122.93,0.796
7.5695,16.0,7.992990654205608,37.93,-121.94,3.204
1.8672,43.0,5.050125313283208,33.96,-118.25,0.981
2.1856,23.0,5.0418250950570345,34.13,-117.38,1.078
4.975,10.0,4.70873786407767,34.1,-118.18,1.667
6.4631,32.0,6.091476091476092,37.29,-121.99,3.441
2.1406,16.0,4.958333333333333,33.69,-117.77,0.55
3.9306,37.0,4.58256880733945,33.64,-117.91,2.684
3.7364,34.0,4.9593147751606,37.53,-122.04,1.904
4.106,10.0,5.7818012999071495,38.55,-121.55,1.159
1.8839,25.0,5.232294617563739,36.31,-119.61,0.463
1.7734,43.0,4.523809523809524,33.97,-118.29,1.073
4.1615,28.0,4.473087818696884,37.37,-121.84,2.148
5.5,35.0,6.60625,32.77,-117.0,2.414
4.5881,3.0,6.037243947858473,33.69,-117.19,1.364
4.6667,13.0,4.937677053824363,32.9,-117.12,1.382
2.0724,42.0,3.614003590664273,32.68,-117.1,1.076
2.6429,18.0,5.184322033898305,32.81,-116.93,1.254
5.363,17.0,7.29700272479564,33.89,-117.34,2.113
3.8194,36.0,4.680851063829787,37.48,-122.12,1.594
3.0057,32.0,4.212686567164179,34.05,-117.64,0.969
3.1364,30.0,6.837378640776699,34.81,-118.95,1.235
3.7198,18.0,3.404017857142857,37.36,-121.85,1.286
3.7885,41.0,3.9672131147540983,33.81,-118.22,1.569
6.0577,25.0,6.12004530011325,37.34,-122.03,4.518
4.7295,14.0,5.60377358490566,33.89,-117.48,1.499
2.2267,25.0,3.2448979591836733,34.14,-118.21,1.898
5.2939,35.0,6.08314606741573,34.24,-118.49,2.442
4.0507,30.0,4.816326530612245,33.88,-118.14,1.795
2.0801,44.0,3.38989898989899,37.78,-122.22,1.319
2.5833,30.0,4.546719681908549,34.1,-117.48,0.906
2.6218,14.0,4.684076433121019,36.31,-119.77,0.691
3.7115,20.0,6.091549295774648,38.25,-122.63,1.819
2.0125,31.0,3.669421487603306,33.88,-118.21,1.43
2.7391,44.0,4.406896551724138,37.94,-122.34,1.403
2.6964,47.0,3.493377483443709,34.02,-118.16,1.388
4.2679,36.0,5.373134328358209,33.91,-118.1,1.758
3.9632,20.0,5.742857142857143,39.33,-123.23,1.471
5.0311,14.0,5.872817955112219,32.58,-117.04,1.521
4.3315,17.0,6.046511627906977,36.83,-119.8,0.958
3.0,2.0,7.069343065693431,40.58,-122.32,1.142
5.2486,19.0,6.1676829268292686,37.05,-121.99,3.53
3.6335,8.0,5.059440559440559,38.26,-122.02,1.316
1.1419,35.0,4.38337182448037,36.32,-119.29,0.629
5.311,8.0,6.464096749811035,33.12,-117.25,2.558
4.0801,27.0,5.126516464471404,37.52,-122.28,3.978
4.5662,8.0,6.3076923076923075,32.69,-117.03,1.755
2.295,32.0,3.6953642384105962,33.95,-118.21,1.552
5.1047,9.0,6.528042328042328,37.82,-121.24,1.579
3.2021,45.0,5.281437125748503,33.99,-118.35,2.221
3.2222,44.0,4.343669250645995,34.14,-118.21,1.865
4.5568,36.0,5.750561797752809,34.2,-118.57,2.015
5.1509,42.0,5.911575562700965,34.11,-118.05,4.265
2.517,23.0,5.101604278074866,37.99,-120.3,1.535
3.0208,32.0,5.151515151515151,41.06,-124.14,1.434
2.5441,41.0,5.333333333333333,34.37,-119.29,1.612
1.7075,9.0,4.937153419593345,36.14,-120.35,0.604
2.8,37.0,4.82051282051282,33.93,-117.93,1.375
3.1042,18.0,5.463414634146342,38.53,-121.28,1.65
7.6344,14.0,7.662068965517242,32.65,-117.03,2.905
2.875,26.0,3.9804941482444733,33.79,-118.16,1.64
3.6516,20.0,5.757225433526012,38.67,-121.29,1.305
2.7451,42.0,4.295285359801489,33.73,-118.3,2.554
5.3922,26.0,7.085858585858586,37.64,-122.46,3.537
4.1635,52.0,5.9442970822281165,37.77,-122.47,3.984
5.4225,17.0,5.401215805471125,37.39,-121.86,2.581
4.6992,36.0,6.588014981273409,33.97,-118.13,2.519
3.18,28.0,4.27,38.0,-122.54,2.77
3.9531,17.0,4.411526794742164,37.89,-122.52,4.176
3.5179,16.0,3.6476578411405294,32.79,-117.11,1.293
3.4063,28.0,5.488372093023256,38.99,-123.39,1.094
4.2589,21.0,6.487684729064039,33.98,-117.43,1.522
2.6701,41.0,4.8887323943661976,38.89,-121.08,1.39
4.2381,22.0,5.777777777777778,34.27,-119.23,2.293
5.6889,33.0,7.150313152400835,32.66,-117.06,2.346
4.2098,21.0,5.185425101214575,37.34,-121.83,1.934
6.3914,8.0,8.356968215158924,38.78,-121.22,2.18
6.1572,25.0,7.051136363636363,33.63,-117.97,3.44
3.2083,46.0,4.495967741935484,37.39,-122.08,3.343
5.7787,18.0,6.775210084033613,33.08,-117.29,3.467
4.7955,33.0,5.673151750972763,34.04,-117.96,1.581
2.5,43.0,3.4671052631578947,37.96,-121.26,0.636
1.7714,38.0,5.542857142857143,38.53,-121.45,0.699
5.8171,4.0,7.220479704797048,38.07,-122.22,2.252
3.3937,52.0,4.095724907063197,37.76,-122.42,2.7
4.6587,10.0,5.838709677419355,37.93,-121.7,1.525
4.2037,5.0,5.433093154915079,34.43,-118.43,1.946
3.84,42.0,4.315270935960591,37.7,-122.46,2.359
1.6094,43.0,3.6785714285714284,32.67,-117.11,0.93
3.2359,36.0,5.065997130559541,33.99,-118.04,1.986
4.625,44.0,6.163090128755365,33.86,-118.14,2.134
5.6184,29.0,5.885416666666667,34.24,-118.28,3.169
5.7676,16.0,6.397932816537468,34.16,-118.98,2.413
4.2344,52.0,4.1656441717791415,34.12,-118.19,1.625
4.7396,25.0,5.453389830508475,38.73,-121.44,1.355
3.0774,52.0,4.997983870967742,37.76,-122.41,3.0
3.6667,38.0,5.182222222222222,38.42,-122.86,2.444
4.002,5.0,5.32306477093207,34.63,-117.84,1.151
3.7061,24.0,5.772189349112426,38.45,-121.81,1.285
3.5208,48.0,6.203557312252965,33.97,-118.29,1.342
2.3947,38.0,5.5361596009975065,40.44,-124.09,0.705
2.5402,42.0,6.25,37.52,-120.89,1.575
3.0833,42.0,6.027027027027027,36.7,-119.63,1.333
5.3582,35.0,4.8125,34.34,-119.04,2.813
5.2067,21.0,5.695652173913044,34.29,-118.71,2.212
3.0915,31.0,4.812646370023419,33.11,-117.07,1.399
4.2955,23.0,4.502032520325203,37.53,-121.96,2.188
5.4349,33.0,6.294444444444444,32.98,-115.55,1.43
7.7751,13.0,7.9017632241813605,35.39,-118.94,1.941
3.5292,36.0,3.7252559726962455,33.77,-118.15,3.618
4.5303,36.0,5.0,37.65,-122.1,1.75
2.5035,24.0,5.391625615763547,38.59,-121.32,1.237
7.4713,26.0,7.982704402515723,37.92,-122.02,3.512
4.4375,16.0,6.126353790613718,38.35,-121.98,1.326
2.694,28.0,4.35251798561151,32.76,-117.14,1.641
2.3547,31.0,4.174496644295302,37.33,-121.95,2.759
3.9352,44.0,4.6036363636363635,33.76,-118.13,4.069
3.0273,12.0,4.706422018348624,32.58,-117.09,1.353
4.8971,24.0,4.200704225352113,33.86,-118.39,4.007
6.8939,38.0,5.062068965517241,37.76,-122.44,4.559
4.1719,5.0,6.625,34.58,-118.08,1.466
2.1793,36.0,2.882,34.11,-118.2,1.857
6.4678,21.0,7.325490196078431,34.71,-120.45,2.493
3.1201,17.0,6.478206724782067,38.8,-123.59,1.761
5.2713,7.0,6.8321167883211675,33.94,-117.31,2.165
1.575,43.0,3.987138263665595,33.98,-118.28,0.975
4.9286,43.0,5.980487804878049,38.1,-122.49,3.07
6.2083,17.0,7.403940886699507,34.12,-117.65,2.427
1.2625,45.0,5.32404181184669,37.73,-122.19,0.847
0.536,52.0,5.0,32.75,-117.19,1.625
2.125,32.0,5.814338235294118,34.12,-116.0,0.577
3.6875,23.0,5.077010192525481,35.4,-118.95,1.017
7.4029,52.0,6.752631578947368,32.74,-117.22,3.457
4.6694,28.0,6.181425485961123,34.89,-120.43,1.582
2.7266,28.0,6.131914893617021,35.36,-120.83,2.668
6.3052,31.0,5.292096219931271,37.34,-122.01,3.442
2.2431,41.0,4.799163179916318,39.13,-121.62,0.634
6.5253,14.0,6.559139784946237,38.51,-121.55,2.168
4.642,7.0,4.854503464203233,34.15,-118.47,4.573
5.1893,34.0,6.307865168539326,37.76,-122.47,4.203
3.3333,49.0,5.436440677966102,37.9,-122.29,2.768
1.6094,16.0,4.2926829268292686,39.39,-120.91,0.795
2.5655,16.0,4.955882352941177,37.76,-120.87,1.164
5.2497,4.0,5.536013400335008,33.66,-117.58,2.15
4.1711,38.0,5.440116845180136,37.99,-122.57,3.369
4.5938,8.0,6.4957805907173,33.65,-116.31,1.026
4.6226,36.0,5.126237623762377,33.96,-118.02,2.197
6.3237,4.0,7.7841048750512085,32.95,-117.18,2.609
2.3,16.0,4.498084291187739,38.14,-121.25,1.333
3.86,23.0,5.518927444794953,33.47,-117.69,3.0
2.5473,16.0,4.2255054432348365,38.02,-121.3,1.063
5.223,33.0,5.584126984126984,34.2,-118.57,2.092
3.0938,25.0,4.039130434782609,34.4,-119.7,3.125
3.875,18.0,5.3578947368421055,33.85,-117.89,2.73
4.0417,43.0,5.2,37.74,-122.16,1.094
2.7546,40.0,3.4215938303341904,37.32,-121.88,1.725
3.9741,28.0,5.082585278276481,34.08,-117.96,1.731
2.8603,14.0,5.493265993265993,36.01,-118.73,1.289
5.5184,25.0,6.03030303030303,34.44,-119.89,2.683
1.3889,16.0,5.5,40.17,-122.72,0.875
3.9187,25.0,5.07469244288225,37.31,-121.97,3.149
3.9226,19.0,6.204946996466431,38.69,-121.23,1.487
2.3924,35.0,5.271428571428571,37.73,-121.12,1.022
2.5804,43.0,5.4781491002570695,40.62,-124.13,0.921
3.668,16.0,5.410852713178294,33.38,-117.24,1.712
2.9491,49.0,4.939716312056738,34.16,-118.28,2.574
1.5781,32.0,4.006578947368421,34.0,-118.25,1.029
6.7813,4.0,7.037931034482758,34.15,-117.68,2.863
1.4861,23.0,4.325396825396825,33.93,-118.23,0.951
3.6736,2.0,5.7227722772277225,33.16,-117.23,2.145
5.4631,35.0,6.589403973509934,33.8,-117.97,2.256
4.8889,5.0,6.1587628865979385,34.11,-117.39,1.389
4.1806,44.0,6.470046082949309,32.74,-117.23,2.638
3.3682,40.0,6.045901639344263,37.31,-121.89,2.352
3.2279,28.0,5.731578947368421,35.51,-119.27,0.958
3.2656,15.0,5.242792109256449,37.36,-120.62,0.835
4.3125,17.0,6.706131078224101,34.86,-120.43,1.681
2.166,18.0,4.802059496567506,37.68,-120.98,1.186
5.02,26.0,6.672727272727273,38.66,-121.25,1.696
4.5057,10.0,3.650943396226415,33.82,-117.92,1.524
3.975,32.0,4.850666666666666,34.03,-117.92,1.624
6.2984,18.0,6.022801302931596,33.73,-117.97,2.698
5.5941,44.0,6.383333333333334,33.97,-118.41,3.635
7.5426,19.0,5.41222366710013,33.98,-118.43,3.517
3.6625,21.0,4.481996726677577,34.39,-118.52,2.281
4.5687,32.0,4.622331691297209,33.82,-118.37,3.812
6.0,25.0,7.760598503740648,33.78,-118.05,3.535
1.2647,22.0,4.997214484679666,36.58,-119.63,0.553
3.6058,52.0,4.983240223463687,32.73,-117.13,2.131
3.0909,27.0,4.360902255639098,33.93,-118.12,1.875
1.9886,39.0,4.962174940898345,39.23,-121.07,1.138
2.7813,35.0,5.07451564828614,33.84,-118.2,1.592
5.4829,15.0,6.075165806927045,34.43,-118.49,1.996
1.0955,17.0,4.147766323024055,37.29,-120.49,0.627
4.9297,31.0,5.309255079006772,34.19,-118.22,4.0
3.5313,15.0,4.516913319238901,33.78,-117.99,2.13
4.1742,44.0,5.171428571428572,32.78,-117.24,3.422
2.1759,20.0,4.105405405405405,36.85,-120.45,0.581
5.565,17.0,7.577142857142857,38.22,-122.63,2.671
3.3958,26.0,5.795081967213115,39.18,-121.67,0.946
4.6964,35.0,5.613636363636363,33.86,-117.94,1.831
1.7222,18.0,4.7908745247148286,37.29,-120.44,1.015
4.7772,34.0,4.985915492957746,33.81,-117.96,1.825
3.8589,16.0,5.267605633802817,38.36,-123.02,2.688
2.551,37.0,4.840466926070039,37.93,-121.29,0.591
3.0963,23.0,4.961038961038961,38.51,-121.52,1.569
4.8611,26.0,5.176630434782608,33.71,-117.98,2.296
3.0096,42.0,3.8107142857142855,37.32,-121.91,1.808
4.325,31.0,4.688186813186813,33.85,-117.9,1.871
3.1359,38.0,4.10668380462725,37.73,-122.48,3.5
2.8208,10.0,7.060755336617405,38.21,-120.36,1.399
2.5556,29.0,3.9364864864864866,33.96,-118.17,1.465
3.7222,49.0,5.846689895470384,34.19,-118.14,2.37
6.9414,52.0,8.067193675889328,37.9,-122.27,4.175
3.6734,34.0,5.815340909090909,35.38,-118.96,0.929
1.6645,37.0,5.466292134831461,33.94,-118.27,0.949
2.6629,37.0,5.009615384615385,32.74,-117.07,1.169
5.5291,52.0,5.937984496124031,34.14,-118.22,2.746
2.6184,30.0,5.133843212237093,36.19,-118.93,1.139
6.0497,14.0,7.1386666666666665,38.0,-121.9,1.775
4.5053,16.0,5.766176470588236,38.15,-122.26,1.237
1.8438,32.0,5.139817629179332,34.14,-117.32,0.666
2.7778,19.0,4.616847826086956,36.81,-119.73,0.797
7.5349,33.0,7.002890173410405,37.89,-122.04,3.491
2.5125,42.0,4.807894736842106,32.76,-117.07,1.766
7.309,8.0,7.745454545454545,37.44,-121.85,3.679
2.0547,34.0,3.1375212224108657,34.06,-118.31,4.1
2.1615,33.0,3.1382978723404253,33.99,-118.24,1.188
3.0897,52.0,4.040501446480231,37.83,-122.25,2.341
2.0476,41.0,2.720496894409938,34.09,-118.23,1.813
2.8964,25.0,4.848101265822785,32.71,-117.06,1.043
6.5394,20.0,6.221830985915493,33.54,-117.69,2.72
3.4402,28.0,6.522821576763485,38.03,-121.65,1.924
2.1522,31.0,5.5422343324250685,34.94,-117.19,0.608
5.0782,52.0,4.85377358490566,37.73,-122.43,3.108
1.6033,44.0,4.951289398280802,38.64,-121.42,0.585
4.2109,21.0,4.208333333333333,36.61,-121.87,2.788
4.0776,13.0,6.1172638436482085,33.23,-117.24,1.96
3.2279,43.0,5.662790697674419,37.37,-121.83,1.824
1.7083,19.0,4.033678756476684,33.71,-116.21,0.822
2.947,29.0,5.3839150227617605,35.41,-118.96,0.871
3.3214,47.0,4.912878787878788,33.96,-118.32,1.665
4.2593,39.0,5.0119760479041915,37.65,-122.48,2.274
3.7381,34.0,4.883495145631068,32.78,-117.16,1.65
6.2427,19.0,6.446293494704992,33.85,-118.08,2.887
1.5536,25.0,4.088785046728972,36.6,-120.19,0.583
2.1078,34.0,4.144230769230769,33.96,-118.24,1.006
4.3125,34.0,4.996710526315789,33.94,-117.99,2.14
5.3224,17.0,6.103633916554509,38.0,-121.36,2.258
0.8907,34.0,2.2857142857142856,34.12,-118.24,1.542
3.7282,8.0,5.572549019607843,33.68,-118.28,2.875
2.1856,41.0,3.7189873417721517,32.76,-117.12,1.205
3.8542,33.0,5.00253164556962,33.94,-118.09,1.754
4.4659,40.0,5.848039215686274,36.97,-122.04,2.375
5.6445,10.0,6.545866364665912,36.83,-119.81,1.355
4.5125,50.0,5.743589743589744,33.75,-117.88,1.954
5.4351,37.0,6.0542986425339365,37.53,-122.3,3.766
6.6657,26.0,7.2492012779552715,37.82,-122.12,3.645
2.9632,44.0,5.2696969696969695,37.75,-122.5,2.863
5.1583,8.0,4.83743842364532,33.68,-117.81,1.922
4.5833,52.0,4.816901408450704,34.08,-118.35,3.339
2.9688,43.0,4.44559585492228,34.08,-118.08,2.114
4.1861,52.0,4.1735537190082646,33.99,-118.45,3.632
3.0139,34.0,5.402631578947369,33.92,-118.3,1.547
3.1682,18.0,4.273668639053255,37.71,-122.15,2.027
1.9946,16.0,4.853131749460043,40.51,-122.34,1.192
5.4287,9.0,6.452261306532663,35.27,-120.71,3.316
3.5,35.0,4.806179775280899,34.08,-117.89,2.156
2.8705,5.0,5.13103448275862,37.94,-121.24,1.136
2.3199,15.0,3.130311614730878,37.37,-121.84,1.401
3.5959,9.0,5.2416034669555795,37.77,-120.87,1.427
3.5096,34.0,5.1525,32.73,-117.03,1.42
4.7279,30.0,6.255376344086022,37.24,-121.91,2.72
4.7463,6.0,6.094936708860759,36.75,-119.69,0.931
3.0224,7.0,7.149789029535865,37.33,-119.62,1.478
4.112,12.0,5.250332889480692,32.7,-117.06,1.414
3.875,32.0,5.361702127659575,34.14,-117.88,1.867
5.0131,37.0,4.694779116465863,37.39,-122.07,3.303
5.1333,22.0,5.955696202531645,37.97,-121.99,2.072
4.7804,17.0,5.305128205128205,33.78,-117.8,2.42
3.2391,29.0,5.9688888888888885,37.7,-121.14,1.875
4.0444,32.0,5.9922720247295205,38.0,-121.34,1.292
5.1433,23.0,5.297413793103448,36.96,-121.69,3.056
6.7599,31.0,6.18780487804878,37.54,-121.94,3.56
4.0556,49.0,4.968599033816425,34.1,-118.12,2.826
1.4583,33.0,3.586734693877551,37.93,-121.26,0.53
2.2292,45.0,4.773684210526316,38.79,-121.23,0.92
4.0234,38.0,4.9245283018867925,33.9,-118.26,1.119
4.0625,52.0,3.6451612903225805,34.11,-118.2,1.713
2.4609,23.0,4.344,33.83,-118.01,2.196
3.5076,25.0,5.188720173535792,40.93,-124.11,0.736
2.25,18.0,4.4325955734406435,32.57,-117.08,1.032
2.3,23.0,4.305699481865285,32.58,-117.1,1.208
1.1301,14.0,4.278409090909091,37.06,-120.84,0.785
4.5096,21.0,5.956958393113343,32.85,-116.91,1.595
3.4896,28.0,5.213414634146342,33.97,-117.31,1.403
2.9643,41.0,4.828877005347594,33.91,-118.16,1.622
3.3654,23.0,6.375,39.31,-123.81,2.25
2.5719,35.0,5.133738601823708,36.5,-119.26,0.743
2.5234,37.0,4.101167315175097,36.58,-119.44,0.635
2.0,37.0,4.874239350912779,34.13,-117.26,0.721
4.8229,10.0,5.4,32.91,-117.15,1.832
3.9167,52.0,5.376146788990826,37.88,-122.28,2.356
2.0871,20.0,3.5859154929577466,33.64,-116.11,0.847
3.1553,17.0,5.900990099009901,33.2,-116.99,2.5
4.25,24.0,5.439899833055092,33.68,-117.96,1.521
4.9191,36.0,5.874617737003058,33.94,-118.01,1.887
6.992,22.0,6.529202279202279,37.55,-122.03,2.848
6.799,21.0,7.077452667814113,33.69,-117.97,2.92
2.8208,33.0,4.051020408163265,34.17,-118.38,2.385
2.8203,8.0,3.3258426966292136,37.41,-122.09,2.841
1.8973,20.0,4.078544061302682,36.97,-120.04,0.516
3.5588,37.0,4.267515923566879,37.97,-122.53,2.688
4.3281,17.0,6.105882352941176,36.39,-119.27,1.457
4.5278,43.0,5.106334841628959,34.23,-118.44,1.818
6.1834,16.0,8.263250883392226,33.09,-117.04,3.356
5.2037,25.0,5.885931558935361,33.9,-117.85,2.422
2.1552,23.0,3.8126410835214446,37.7,-122.11,1.614
2.1382,37.0,4.5697940503432495,37.66,-122.08,1.666
4.1339,52.0,4.567058823529412,37.78,-122.47,3.964
2.5083,41.0,4.268965517241379,33.93,-118.21,1.181
6.0074,16.0,6.862704918032787,37.58,-122.08,2.365
3.7167,46.0,4.699822380106572,37.78,-122.5,3.328
3.7813,43.0,4.752321981424148,33.76,-118.12,4.615
1.6983,10.0,4.471930906847625,33.95,-116.5,0.666
0.7235,19.0,2.839622641509434,34.1,-117.29,0.713
1.4038,12.0,3.8353909465020575,36.76,-120.38,0.543
1.8056,39.0,2.225165562913907,34.09,-118.29,2.625
1.9412,42.0,4.372781065088757,38.63,-121.42,0.731
3.5714,38.0,4.491176470588235,34.28,-118.45,1.52
4.6326,29.0,4.7828125,33.85,-118.01,1.952
4.7069,26.0,5.135693215339233,37.25,-121.89,2.348
3.2321,46.0,3.985074626865672,37.72,-122.48,1.125
4.0625,18.0,5.259541984732825,38.46,-121.43,1.003
5.0201,31.0,5.042553191489362,37.71,-122.44,2.641
4.6771,16.0,6.919732441471572,38.92,-121.14,2.12
2.5938,39.0,5.788079470198675,37.66,-120.99,1.356
2.4321,26.0,5.100760456273764,40.88,-124.09,0.821
5.4863,16.0,6.414201183431953,32.67,-117.05,1.538
2.6848,26.0,4.5942684766214175,33.61,-117.71,0.741
2.0987,52.0,3.211798839458414,37.8,-122.42,4.583
2.7614,18.0,3.4558058925476605,33.71,-117.99,2.375
4.6648,10.0,5.395209580838324,32.69,-117.03,1.561
1.5319,20.0,4.521929824561403,37.11,-120.25,0.505
4.3603,16.0,5.819371727748691,33.49,-117.65,2.488
5.0917,17.0,6.125954198473282,38.58,-121.34,1.341
4.551,12.0,6.451313755795981,38.48,-122.74,1.783
2.025,20.0,3.745014245014245,34.06,-117.27,0.857
3.6895,14.0,5.316441441441442,37.12,-121.65,2.393
2.125,44.0,4.29426433915212,33.98,-118.27,0.925
1.78,38.0,3.9756944444444446,38.57,-121.48,1.143
4.1797,25.0,4.786407766990291,34.44,-119.79,2.718
2.1875,49.0,4.571428571428571,34.04,-118.44,2.25
5.7415,17.0,4.787307032590052,33.87,-118.38,3.219
4.0069,42.0,4.5,34.27,-119.26,2.143
6.1175,16.0,7.567282321899736,36.83,-119.82,1.447
3.285,37.0,3.7734513274336283,33.89,-118.3,2.181
4.1053,5.0,5.11328125,33.14,-117.13,1.714
0.9379,34.0,4.38,38.61,-121.45,0.675
2.0089,52.0,4.2727272727272725,34.1,-117.31,0.681
4.1923,47.0,5.152694610778443,34.19,-118.34,2.312
2.274,27.0,3.48,34.04,-117.95,1.508
3.725,34.0,5.492990654205608,36.62,-121.93,2.78
3.2426,26.0,5.489830508474577,34.24,-118.58,2.369
3.7813,18.0,5.357142857142857,36.58,-119.45,0.873
2.7411,14.0,4.285714285714286,37.3,-121.87,1.125
5.293,25.0,7.085365853658536,33.85,-118.26,2.07
6.617,14.0,7.108481262327416,33.08,-117.25,2.852
3.1281,19.0,5.428,35.36,-118.94,0.762
2.1944,27.0,4.02,34.05,-117.64,0.957
1.6948,30.0,5.370801033591731,39.75,-122.18,0.675
2.4732,14.0,4.445402298850575,37.0,-122.06,1.313
1.1818,29.0,3.5016835016835017,32.71,-117.11,0.832
6.0224,38.0,5.1,33.8,-117.89,1.875
3.0192,19.0,4.9178885630498534,32.79,-116.93,1.423
2.2604,43.0,3.6714801444043323,37.77,-122.21,1.0
3.1406,48.0,4.625,34.19,-118.34,2.231
2.6875,17.0,4.5181818181818185,37.62,-122.08,1.573
1.5303,40.0,4.949664429530201,33.96,-118.26,0.953
2.288,19.0,3.7037773359840953,32.8,-117.24,2.1
2.1528,31.0,4.457286432160804,37.66,-121.03,0.755
5.1129,14.0,5.706484641638225,33.53,-117.72,2.513
1.5433,11.0,4.462068965517242,36.32,-119.65,0.504
2.1705,36.0,4.024193548387097,37.92,-121.28,0.603
5.3044,11.0,6.619883040935672,34.21,-119.03,3.19
2.1071,15.0,6.721649484536083,33.65,-116.9,0.938
3.9028,35.0,5.713761467889908,34.69,-118.16,1.268
4.0547,14.0,5.45,37.26,-121.81,2.362
2.375,41.0,3.7228915662650603,32.76,-117.13,1.544
7.5925,39.0,7.150462962962963,32.72,-117.24,4.667
5.9734,10.0,6.3443627450980395,32.82,-117.08,2.717
5.1315,17.0,5.460176991150442,33.89,-117.97,1.818
5.9263,3.0,6.550796812749004,34.52,-118.5,2.518
2.8025,5.0,4.947761194029851,32.78,-115.55,0.843
4.675,33.0,6.06043956043956,33.94,-118.12,2.83
2.6641,31.0,5.035714285714286,33.94,-117.96,1.852
2.7019,25.0,3.751184834123223,34.02,-118.48,2.938
4.1154,26.0,6.191044776119403,32.63,-117.04,1.602
2.9815,20.0,5.954285714285715,36.07,-119.0,0.73
4.0,24.0,4.848066298342541,37.7,-122.17,2.026
4.4083,17.0,6.551181102362205,37.51,-120.82,1.658
1.3696,23.0,3.9147286821705425,37.65,-120.92,2.75
4.7946,24.0,6.311233885819521,33.82,-117.84,2.512
3.5909,52.0,5.488997555012225,37.76,-122.49,3.312
3.0723,6.0,6.269858541893362,34.98,-120.47,1.373
0.8941,27.0,3.517467248908297,34.0,-118.26,0.919
3.7687,27.0,5.405405405405405,38.13,-121.19,1.652
5.6306,5.0,5.958393113342898,37.33,-121.76,2.862
3.1107,26.0,4.375168690958165,37.31,-121.92,2.479
4.0924,19.0,5.942222222222222,38.17,-121.28,2.442
5.7965,27.0,6.2160714285714285,33.82,-118.07,2.282
3.3095,33.0,5.474120082815735,41.74,-122.64,0.813
1.625,33.0,4.491071428571429,36.53,-119.29,0.503
5.7143,40.0,6.102409638554217,34.18,-118.42,3.824
4.1607,20.0,5.29971181556196,34.28,-118.81,1.968
2.9783,19.0,5.093514328808446,37.66,-120.9,0.825
2.75,34.0,5.556701030927835,34.69,-118.13,0.968
3.5547,36.0,5.609195402298851,37.7,-122.15,1.947
3.138,45.0,4.717868338557993,34.19,-118.33,2.17
6.0289,23.0,7.289029535864979,37.98,-122.27,2.186
1.9167,38.0,4.942857142857143,38.64,-121.41,0.644
4.8875,9.0,5.735849056603773,32.69,-117.06,1.577
4.6875,15.0,7.479057591623037,33.88,-117.36,1.898
2.2925,44.0,4.669329073482428,39.73,-121.82,0.858
3.6016,21.0,5.387755102040816,37.74,-121.13,1.346
3.0446,26.0,5.657534246575342,39.5,-121.44,0.908
4.526,19.0,7.042780748663102,36.79,-119.63,1.487
1.7262,36.0,4.521604938271605,33.92,-118.27,0.888
2.4556,16.0,4.516629711751663,39.16,-121.62,0.971
2.9688,16.0,5.646739130434782,39.2,-121.2,1.283
2.3482,22.0,4.001342281879195,32.8,-117.23,1.906
5.6784,26.0,6.2838283828382835,33.83,-117.85,2.324
2.0571,24.0,3.5036086607858863,32.61,-117.06,1.523
6.3178,19.0,6.426829268292683,37.23,-121.81,2.48
3.7837,14.0,4.275177304964539,32.91,-117.14,1.603
2.3664,20.0,3.685121107266436,34.07,-118.13,1.922
1.5328,36.0,2.5707865168539326,34.1,-118.31,2.5
7.9977,20.0,7.169960474308301,37.87,-122.53,4.0
1.9643,32.0,3.882249560632689,34.06,-117.72,1.132
2.5781,28.0,5.48062015503876,34.0,-117.69,1.116
2.2167,40.0,6.101123595505618,37.73,-122.38,1.938
1.3785,47.0,4.310344827586207,37.85,-122.27,1.423
2.6322,10.0,4.9916142557651995,33.73,-117.16,1.407
2.5074,33.0,5.665441176470588,36.94,-121.02,1.177
4.0724,25.0,5.007792207792208,33.84,-117.87,2.314
2.225,41.0,5.157894736842105,37.64,-122.42,2.125
2.9688,22.0,5.987261146496815,41.68,-123.91,1.527
1.2455,41.0,4.065217391304348,33.95,-118.3,1.008
3.0893,22.0,4.732049036777584,34.41,-118.92,1.734
2.9219,37.0,4.5995670995671,37.9,-122.3,2.172
2.0139,17.0,3.642523364485981,32.76,-117.12,1.5
4.2143,35.0,5.627002288329519,34.16,-118.07,3.694
4.4671,47.0,5.3825665859564165,33.74,-118.3,2.708
5.5789,36.0,5.365461847389558,38.01,-122.64,2.92
1.74,28.0,6.158892128279883,41.86,-121.93,0.44
4.1739,16.0,5.981060606060606,38.03,-121.35,1.313
6.0191,8.0,6.347326732673268,34.03,-117.78,2.539
2.369,29.0,4.030534351145038,34.12,-118.18,1.734
1.4301,47.0,3.2637215528781796,38.57,-121.48,1.417
2.2258,25.0,3.581589958158996,34.06,-117.78,1.148
2.5682,52.0,4.5,37.85,-122.29,1.2
2.7137,17.0,5.63922942206655,39.15,-121.99,0.72
2.2794,42.0,5.0,38.67,-121.77,1.089
3.5562,32.0,5.052777777777778,33.89,-118.07,1.46
2.9,19.0,6.183510638297872,38.75,-120.7,1.587
1.6987,30.0,2.5533661740558293,34.06,-118.31,4.125
3.319,32.0,5.265033407572383,38.5,-121.49,0.845
3.2721,11.0,4.522935779816514,37.39,-120.71,0.738
4.2895,4.0,4.004213483146067,37.91,-122.35,1.868
6.0434,27.0,7.1606280193236715,34.08,-117.77,2.148
2.6074,17.0,4.43801652892562,34.1,-117.69,1.375
4.3393,52.0,5.272536687631027,37.75,-122.48,3.176
4.5278,32.0,6.133587786259542,32.84,-116.94,1.663
3.0491,34.0,4.498721227621483,33.97,-118.04,1.582
5.7654,35.0,5.755474452554744,33.84,-118.36,3.43
7.5196,31.0,7.358600583090379,34.08,-117.86,3.809
2.7031,41.0,3.635514018691589,34.05,-118.18,1.092
2.5625,18.0,3.473529411764706,33.81,-117.91,1.531
2.9769,43.0,5.082926829268293,38.54,-121.43,0.927
3.5481,29.0,5.261842105263158,34.11,-117.41,1.055
2.6429,47.0,4.09375,34.43,-119.71,2.792
5.779,39.0,6.309255079006772,37.53,-122.32,3.871
5.253,35.0,6.208092485549133,32.82,-117.19,2.04
4.3646,9.0,7.129436325678497,39.25,-121.18,1.859
3.7059,33.0,3.5285714285714285,33.6,-117.77,2.375
2.5651,27.0,3.7947454844006567,33.75,-117.85,1.714
3.5054,33.0,3.99375,33.82,-118.21,1.468
2.5192,43.0,4.8807017543859645,37.73,-122.18,0.764
1.3527,41.0,3.7114093959731544,36.75,-119.8,0.612
1.9049,10.0,3.689655172413793,33.85,-118.29,2.222
2.1875,28.0,4.160714285714286,34.06,-117.18,0.819
3.125,36.0,6.444444444444445,35.17,-119.48,0.375
3.2765,18.0,6.326271186440678,34.45,-117.79,1.65
2.4757,26.0,5.9,40.38,-120.42,0.856
3.4333,27.0,3.443080357142857,37.57,-122.33,2.9
3.6111,15.0,5.0,32.91,-117.13,1.963
2.3584,15.0,3.629348513598988,34.23,-118.45,1.576
2.0556,52.0,8.316602316602317,38.46,-123.02,1.2
4.4491,19.0,6.369668246445498,38.01,-121.78,1.339
4.3145,31.0,6.465346534653466,34.13,-117.85,2.33
3.2578,38.0,4.408510638297872,34.07,-118.09,1.842
2.7222,25.0,5.528301886792453,41.86,-123.26,0.646
3.3906,15.0,4.023611111111111,37.67,-122.48,3.037
4.7437,10.0,5.902702702702703,34.46,-118.27,2.94
4.8194,18.0,6.423340961098398,37.99,-121.81,1.704
5.4386,33.0,6.178343949044586,37.28,-121.96,2.804
0.9506,40.0,3.9,37.82,-122.26,1.875
1.8692,15.0,4.77536231884058,38.96,-122.83,0.938
5.6512,33.0,6.7643718949609655,38.02,-122.57,3.14
7.8543,35.0,5.986111111111111,37.36,-121.98,2.819
1.6625,43.0,3.85,33.94,-118.27,0.887
2.5917,43.0,4.548821548821548,38.41,-122.78,1.44
2.4429,52.0,3.607883817427386,34.09,-118.28,2.288
2.8438,33.0,5.466307277628032,34.05,-117.97,1.576
2.0,15.0,6.391156462585034,36.89,-119.33,0.833
2.75,27.0,5.003086419753086,36.55,-119.43,0.935
2.3098,39.0,3.7824074074074074,34.07,-118.04,1.731
5.1778,26.0,5.097087378640777,33.81,-118.36,3.599
1.6767,30.0,4.087947882736156,38.05,-122.25,1.477
5.3041,37.0,5.741596638655462,33.79,-117.84,2.357
3.1607,42.0,4.341991341991342,34.08,-118.09,2.183
3.2794,7.0,5.546473302570863,34.46,-117.2,0.925
2.34,34.0,4.178282009724473,34.1,-118.1,2.109
3.5039,29.0,5.921501706484642,36.22,-119.33,0.899
4.997,9.0,6.734790874524715,35.33,-119.09,1.429
2.4914,30.0,3.6728971962616823,34.08,-118.05,1.592
3.0432,29.0,5.301824212271973,33.94,-116.97,0.912
2.2292,5.0,4.579778830963665,37.51,-120.85,1.275
2.9576,16.0,3.6133567662565906,32.77,-117.15,0.922
2.6719,28.0,3.8841567291311754,37.66,-122.07,1.612
5.6758,15.0,6.017804154302671,37.58,-122.06,2.534
2.082,17.0,4.526466380543634,33.13,-117.13,0.8
1.8355,26.0,4.424050632911392,39.12,-121.58,0.612
1.9375,23.0,4.389380530973451,39.15,-121.62,0.653
2.0,10.0,3.911392405063291,33.79,-118.29,1.654
1.7895,34.0,4.395904436860068,37.97,-121.25,0.631
3.5978,33.0,5.976315789473684,34.15,-117.26,0.883
1.7375,35.0,4.2719665271966525,35.36,-119.0,0.486
4.8981,18.0,5.845470692717584,33.81,-117.93,1.663
3.4359,21.0,5.506410256410256,33.23,-117.24,1.509
2.3438,26.0,4.616438356164384,36.47,-119.37,1.0
6.0957,32.0,5.50597609561753,37.24,-121.95,4.054
3.4208,41.0,4.183673469387755,34.16,-118.43,3.434
2.2222,10.0,5.942857142857143,34.62,-119.06,2.625
4.1083,35.0,5.97265625,34.28,-117.53,1.08
2.2372,19.0,4.052459016393443,33.88,-117.55,1.088
3.1568,36.0,5.109649122807017,37.66,-121.02,1.099
2.473,44.0,5.298630136986302,34.17,-118.33,2.518
5.7451,17.0,5.482926829268293,32.83,-117.22,2.373
5.7578,20.0,6.630366492146597,36.58,-121.86,3.477
3.8611,18.0,5.974763406940063,35.4,-119.05,1.264
4.7216,41.0,5.7967914438502675,33.69,-118.33,3.119
2.6179,35.0,2.96900826446281,33.96,-118.22,1.588
3.3849,16.0,3.5700416088765605,32.79,-117.11,0.969
2.8295,52.0,4.94025974025974,34.03,-118.31,1.322
5.7338,5.0,5.804012345679013,34.0,-117.68,2.254
3.5938,40.0,4.201438848920863,36.96,-122.03,2.435
3.7969,35.0,5.23989898989899,33.92,-118.02,1.648
2.7284,24.0,4.897400820793433,38.27,-122.03,1.185
1.6948,15.0,5.676646706586826,39.83,-121.5,0.875
1.2864,40.0,2.5520702634880803,33.77,-118.2,1.313
2.7792,18.0,5.584558823529412,36.16,-120.35,0.853
3.7031,25.0,5.163755458515284,33.75,-117.81,2.278
5.6392,18.0,5.951644100580271,34.26,-118.6,2.715
3.7054,28.0,4.1200923787528865,33.87,-117.97,1.692
3.6053,35.0,4.510135135135135,37.3,-121.92,3.458
3.0909,30.0,4.447368421052632,33.75,-117.99,1.844
4.325,43.0,5.028455284552845,33.9,-118.1,1.66
4.9464,41.0,4.994269340974212,37.54,-122.29,2.824
5.0824,23.0,5.508948545861298,37.52,-121.97,2.309
3.055,37.0,5.152777777777778,33.92,-118.28,1.054
5.5581,36.0,6.118466898954704,33.84,-118.11,2.183
3.8719,29.0,5.484674329501916,32.8,-117.12,1.742
6.2892,22.0,6.127214170692431,37.43,-121.87,2.542
2.7857,21.0,6.132553606237817,36.35,-119.09,0.927
2.1154,8.0,4.288659793814433,35.47,-120.64,1.172
4.1083,41.0,4.244565217391305,34.0,-118.44,3.243
1.8103,26.0,4.0602409638554215,32.74,-117.08,1.247
4.5306,36.0,4.6209912536443145,33.93,-118.09,1.834
3.6863,39.0,5.056661562021439,37.96,-122.51,2.638
4.1563,4.0,5.645833333333333,34.66,-120.48,1.726
3.8456,33.0,5.057755775577558,33.83,-117.9,2.118
1.9549,24.0,3.7520858164481528,34.2,-118.42,2.215
2.1679,34.0,4.792405063291139,38.53,-121.45,0.754
1.6236,17.0,5.47469220246238,35.61,-118.48,0.673
1.9327,52.0,4.564044943820225,37.86,-122.28,1.699
1.3462,33.0,4.563559322033898,38.63,-121.44,0.559
4.45,10.0,5.834752981260648,38.41,-121.38,1.387
6.4285,29.0,6.9495694956949565,37.28,-121.91,3.373
4.0417,52.0,6.452830188679245,38.56,-121.45,1.738
7.2648,14.0,7.298913043478261,33.51,-117.64,3.632
3.3268,23.0,4.440619621342513,37.47,-122.22,3.228
2.6864,30.0,7.15445321307779,35.44,-120.95,2.836
1.9861,43.0,4.635416666666667,36.21,-119.09,0.477
2.5432,29.0,3.413572343149808,33.89,-118.12,1.809
3.4698,17.0,7.347014925373134,39.13,-121.68,1.797
1.7132,21.0,3.8201970443349755,36.69,-119.55,0.559
5.0555,4.0,6.751677852348993,38.58,-122.72,2.408
5.6254,35.0,5.639810426540285,33.87,-118.32,2.838
1.6667,44.0,3.5064516129032257,33.98,-118.25,1.125
3.8214,46.0,5.155979202772963,37.61,-122.41,2.736
5.7764,18.0,5.7700119474313025,33.76,-118.3,2.905
4.8854,17.0,6.74296205630355,32.96,-116.99,1.813
2.5913,42.0,3.5493716337522443,33.96,-118.23,1.516
3.8448,36.0,4.445431472081219,34.09,-118.26,2.414
3.535,31.0,5.254237288135593,37.54,-122.02,2.103
1.3594,38.0,4.310344827586207,34.24,-118.38,1.583
5.215,6.0,6.337912087912088,34.27,-119.18,2.795
2.7708,4.0,4.423444976076555,33.99,-118.22,1.863
4.3456,19.0,4.7103825136612025,37.66,-122.13,1.63
3.8036,33.0,4.216494845360825,37.65,-122.06,1.582
2.1216,15.0,5.3347107438016526,39.78,-120.57,1.02
5.0196,52.0,4.7224576271186445,37.74,-122.43,3.243
5.0827,18.0,5.503731343283582,32.68,-117.07,1.422
2.6561,14.0,3.076837416481069,33.75,-117.87,1.444
3.9227,24.0,5.034345047923322,33.84,-118.27,2.086
5.417,11.0,4.925867507886435,32.87,-117.23,1.968
4.3021,8.0,5.927083333333333,34.18,-116.02,0.945
4.0125,28.0,5.154676258992806,34.97,-120.43,1.301
3.5357,44.0,4.687074829931973,34.02,-118.34,1.569
3.4821,34.0,4.577696526508227,36.21,-121.13,1.137
6.6536,9.0,6.961151079136691,33.88,-117.76,3.078
1.6607,16.0,6.290322580645161,38.99,-122.52,0.778
4.2986,36.0,6.036734693877551,34.08,-117.92,1.896
5.4197,24.0,5.923497267759563,34.45,-119.83,2.809
3.5638,35.0,4.701456310679611,34.12,-118.21,1.705
2.5739,22.0,4.586160108548168,34.19,-118.54,2.392
3.8816,27.0,6.070796460176991,38.65,-121.29,1.473
2.4049,31.0,3.5402298850574714,33.97,-118.17,1.59
4.87,19.0,5.662109375,33.03,-117.27,2.209
4.4946,24.0,5.294896030245747,34.08,-117.62,1.36
5.3247,13.0,7.292307692307692,37.54,-122.26,3.278
5.123,25.0,5.841509433962264,33.82,-118.05,1.596
3.3977,34.0,5.1611721611721615,34.07,-117.93,1.888
6.556,14.0,5.925714285714286,37.99,-121.34,2.347
4.3651,2.0,6.621134020618556,33.61,-117.12,1.456
3.2799,17.0,4.860048820179007,34.02,-117.91,1.993
4.2443,34.0,5.244803695150115,33.92,-117.93,1.744
6.4415,15.0,7.077981651376147,33.83,-117.76,3.007
3.3571,14.0,5.227941176470588,38.3,-122.49,1.936
3.3816,52.0,4.4869888475836435,37.75,-122.42,2.625
4.2396,48.0,5.62962962962963,34.17,-118.33,2.451
3.4609,19.0,4.792284866468843,38.08,-122.81,2.388
4.2891,48.0,4.448979591836735,34.13,-118.23,2.148
4.0625,19.0,6.729064039408867,39.11,-121.68,1.417
5.0509,19.0,6.362021857923497,37.99,-122.08,1.999
2.0673,27.0,4.039660056657223,32.76,-117.12,1.188
2.6218,49.0,4.2912457912457915,34.08,-118.31,3.509
1.8641,43.0,3.5779967159277506,34.01,-118.26,1.082
2.5195,20.0,5.049707602339181,37.96,-121.33,0.926
6.6959,34.0,6.470909090909091,37.52,-122.34,4.112
2.8684,20.0,6.766101694915254,33.41,-116.01,0.628
4.75,46.0,6.079601990049751,37.54,-122.31,3.882
4.4529,10.0,6.006167400881057,38.15,-122.24,1.441
3.0403,20.0,5.607361963190184,39.08,-120.98,1.48
5.8382,30.0,7.425714285714286,37.72,-122.1,3.302
5.2032,10.0,6.277064220183486,38.69,-120.95,2.171
3.3841,29.0,4.842031029619182,37.69,-121.76,1.844
5.449,16.0,6.822764227642277,38.5,-122.75,2.521
2.5459,22.0,3.512236286919831,37.94,-122.05,1.793
4.6667,4.0,5.858695652173913,32.72,-116.98,2.233
1.8472,52.0,5.4907063197026025,37.78,-122.21,1.37
4.0795,33.0,5.3136363636363635,37.6,-122.49,2.706
7.2379,15.0,6.472222222222222,33.91,-117.6,2.51
1.4007,7.0,4.466424682395644,36.73,-119.73,2.25
4.2782,8.0,4.278404815650865,37.37,-122.02,3.277
4.1833,22.0,6.564231738035264,37.76,-121.11,1.921
6.5338,13.0,6.6265664160401005,33.1,-117.28,2.679
4.4886,34.0,5.945578231292517,32.81,-117.14,1.791
2.9554,32.0,6.012195121951219,36.5,-119.48,1.103
2.1915,22.0,4.1237721021611,37.95,-122.33,1.208
4.38,40.0,5.8164794007490634,37.68,-122.12,1.964
5.6611,42.0,5.932515337423313,33.75,-118.3,2.656
2.2692,37.0,4.449013157894737,34.17,-118.12,2.25
3.375,32.0,6.373493975903615,32.8,-117.08,1.781
1.7969,19.0,4.655367231638418,36.81,-119.71,0.728
4.0071,15.0,4.532258064516129,38.34,-122.69,1.355
5.0043,36.0,5.907651715039578,37.7,-122.16,1.904
5.6936,5.0,4.586206896551724,37.56,-122.27,3.222
2.7841,48.0,5.507537688442211,39.03,-121.91,0.658
3.2846,19.0,7.079500283929585,33.73,-116.31,1.319
6.1004,35.0,5.8687258687258685,37.51,-122.29,4.264
3.4799,16.0,6.563897763578275,35.58,-121.12,3.208
2.1719,42.0,3.8233082706766917,38.01,-121.82,0.991
2.706,19.0,4.877551020408164,36.22,-119.37,0.648
1.625,52.0,3.4285714285714284,34.06,-117.75,0.675
6.323,19.0,6.813953488372093,33.51,-117.68,4.808
4.0536,34.0,5.455268389662028,33.96,-118.14,2.772
4.6023,8.0,5.917293233082707,34.64,-120.44,1.634
3.9063,18.0,5.740139211136891,35.47,-120.66,1.848
2.6127,36.0,4.858156028368795,36.78,-119.82,0.696
5.5277,30.0,5.781902552204176,32.84,-117.19,1.971
2.5559,29.0,4.440476190476191,32.71,-117.09,0.968
3.3021,36.0,5.032119914346895,37.69,-122.08,1.957
3.0893,52.0,3.9076923076923076,37.79,-122.21,1.25
1.6875,52.0,4.703225806451613,37.84,-122.28,1.32
6.2452,16.0,6.656903765690377,33.71,-117.89,2.663
3.0466,11.0,6.534090909090909,38.97,-122.78,0.973
5.7214,16.0,6.231428571428571,34.12,-117.68,2.594
4.0333,10.0,4.857142857142857,39.15,-121.1,1.615
2.1437,17.0,3.7344508160564622,33.13,-117.08,1.137
1.5613,16.0,3.8675,39.15,-121.63,0.725
3.4167,35.0,8.307692307692308,33.8,-116.8,1.0
4.0893,41.0,4.805732484076433,33.8,-118.13,2.23
2.5784,28.0,3.2795081967213116,34.09,-118.38,2.729
4.5179,17.0,5.7727272727272725,37.44,-121.97,1.125
2.8519,17.0,5.047808764940239,37.43,-120.79,0.807
4.5791,12.0,5.8992673992674,35.36,-119.08,1.234
2.8043,16.0,5.158227848101266,37.99,-122.06,0.875
3.3269,52.0,4.61003861003861,37.77,-122.27,2.345
3.1667,36.0,5.054474708171206,33.89,-118.23,1.177
2.8625,21.0,4.958695652173913,33.82,-117.99,1.896
3.125,22.0,4.714542190305206,34.08,-117.62,1.118
2.5417,43.0,4.186385737439222,34.15,-118.0,1.783
4.3958,33.0,5.936893203883495,34.09,-117.65,1.456
0.949,52.0,2.5241090146750524,37.87,-122.25,3.5
1.9355,37.0,3.743119266055046,34.11,-118.2,1.663
2.964,14.0,5.8175675675675675,33.75,-116.93,1.215
6.5814,33.0,7.435448577680525,37.87,-122.11,3.142
1.7292,47.0,3.628032345013477,34.07,-118.21,1.917
2.6852,33.0,5.312849162011173,36.7,-120.0,0.708
3.5696,4.0,6.111965811965812,34.38,-117.39,1.297
3.0625,19.0,5.607142857142857,39.8,-120.15,0.825
3.0187,24.0,4.173775671406003,34.21,-118.58,2.177
2.8783,5.0,5.821086261980831,33.95,-117.02,1.052
6.8004,3.0,7.789022298456261,33.67,-117.61,2.849
7.9187,3.0,6.31275720164609,33.68,-117.82,3.336
2.3125,15.0,5.681022880215343,38.38,-120.77,1.286
4.1786,36.0,4.776699029126213,33.92,-118.13,2.015
1.2962,52.0,3.659090909090909,37.97,-121.29,1.102
3.175,37.0,5.337110481586402,34.89,-117.04,0.668
6.394,25.0,7.438172043010753,33.74,-118.0,3.167
4.933,36.0,6.373673036093418,33.84,-118.14,2.289
4.0057,38.0,5.366935483870968,32.78,-117.2,2.416
5.1654,41.0,5.235714285714286,37.48,-122.2,2.336
3.5353,34.0,6.314159292035399,37.97,-122.3,1.647
6.3191,25.0,7.990338164251208,32.77,-116.95,3.034
3.5905,37.0,4.007352941176471,34.42,-119.72,2.647
1.6348,15.0,3.404320987654321,32.55,-117.04,0.932
2.0,44.0,5.053333333333334,33.92,-118.25,0.926
1.4375,36.0,4.417322834645669,34.09,-118.33,1.65
2.4097,19.0,4.950704225352113,37.92,-121.25,0.66
5.7072,21.0,6.284875183553598,37.53,-122.02,2.422
4.1818,22.0,4.426056338028169,33.93,-118.41,3.397
3.1042,7.0,5.493362831858407,37.5,-120.87,1.225
3.6875,29.0,5.015410958904109,33.82,-117.95,2.132
2.8088,18.0,3.6755555555555555,34.15,-118.26,2.475
5.3194,35.0,6.029315960912052,33.99,-118.36,3.137
4.7404,31.0,4.956692913385827,33.88,-118.36,2.958
2.875,44.0,5.3933333333333335,35.37,-119.04,0.827
2.1705,23.0,5.133333333333334,39.5,-122.19,0.53
4.6364,35.0,4.67910447761194,34.05,-117.96,1.631
2.2262,52.0,4.55379746835443,38.43,-122.71,1.299
2.3243,27.0,6.34718826405868,39.38,-121.74,0.855
4.26,46.0,5.959785522788204,34.02,-118.33,1.826
2.1067,24.0,4.2404181184668985,38.36,-121.98,1.011
3.16,14.0,3.204933586337761,32.69,-117.05,1.438
4.1667,35.0,5.276951672862453,34.23,-118.25,2.712
1.9676,33.0,5.175895765472313,36.6,-119.63,0.624
3.0288,19.0,3.373529411764706,34.15,-118.23,2.583
2.125,31.0,5.714285714285714,34.02,-118.05,3.75
5.5357,17.0,7.951841359773371,36.82,-119.84,1.677
4.9432,10.0,6.89873417721519,36.35,-119.67,1.188
3.9886,32.0,4.740402193784278,34.21,-118.54,1.992
5.3668,27.0,6.702898550724638,33.92,-117.98,2.198
4.0625,44.0,5.10969387755102,34.03,-118.14,2.011
5.0739,16.0,5.124137931034483,37.54,-122.03,2.08
2.5729,14.0,5.2704969595303,33.35,-117.42,1.344
4.1964,40.0,5.819672131147541,34.26,-118.3,1.859
3.5,33.0,5.172535211267606,36.62,-121.83,1.624
2.5363,25.0,4.632016632016632,38.59,-121.4,1.246
1.3023,17.0,5.26463700234192,35.64,-118.47,0.685
6.3767,24.0,6.37987012987013,33.67,-117.81,2.69
3.0943,17.0,3.9572133845309927,34.18,-118.54,1.745
3.0625,37.0,4.294117647058823,34.02,-118.1,1.894
2.2216,19.0,4.975186104218363,37.93,-121.7,1.567
4.3286,16.0,6.321266968325792,33.05,-117.25,2.134
6.5755,23.0,6.813370473537605,33.9,-117.83,2.728
5.3264,46.0,4.9411764705882355,37.51,-122.26,2.581
4.8409,29.0,5.105809128630705,33.91,-118.35,2.44
1.8911,52.0,4.151761517615176,38.56,-121.47,0.859
3.5987,31.0,4.2272,34.03,-118.47,3.405
2.8603,52.0,5.169082125603865,37.73,-122.39,1.89
2.9125,28.0,3.748159057437408,34.02,-118.49,4.75
7.8336,25.0,8.055016181229773,32.79,-117.07,2.776
6.1359,52.0,8.275862068965518,38.69,-121.15,2.25
4.7287,46.0,5.172881355932203,37.31,-121.91,3.4
4.375,36.0,4.803418803418803,33.93,-118.1,1.745
2.6629,33.0,4.9529085872576175,34.12,-117.9,1.241
1.1705,32.0,4.792291220556745,33.91,-118.27,1.106
3.108,44.0,4.202,33.78,-118.14,2.179
3.2297,10.0,3.4607961399276235,34.2,-118.6,1.5
4.0039,35.0,4.929042904290429,33.94,-118.14,2.265
2.7043,21.0,5.562874251497006,35.4,-120.86,1.862
2.6477,40.0,6.2994652406417115,36.32,-119.7,0.435
1.5885,30.0,2.318062827225131,34.06,-118.27,1.542
4.0862,19.0,6.047457627118644,38.85,-121.39,1.627
2.8922,16.0,4.068610634648371,38.6,-121.7,1.536
2.6136,35.0,4.598159509202454,33.82,-118.3,2.136
2.875,29.0,4.182065217391305,33.77,-118.16,2.325
5.0622,16.0,6.140161725067386,38.56,-121.35,1.324
4.0875,52.0,4.538181818181818,37.89,-122.3,2.213
3.3188,32.0,6.420704845814978,38.66,-121.3,1.171
2.5141,19.0,5.084745762711864,36.55,-119.4,0.674
2.6694,18.0,5.3655462184873945,37.11,-120.27,0.759
3.3158,40.0,4.791489361702127,37.73,-121.13,1.259
4.1591,10.0,5.623376623376624,33.82,-118.01,1.923
6.6104,15.0,7.340702210663199,38.5,-122.71,3.309
6.1624,26.0,6.507380073800738,33.66,-117.98,2.794
2.3944,48.0,3.729096989966555,34.02,-118.2,1.307
1.586,14.0,4.087074829931972,36.61,-119.55,0.569
1.1185,52.0,2.60893098782138,37.78,-122.41,0.55
2.1116,25.0,4.897226753670473,38.59,-121.3,0.896
6.2552,20.0,7.7313769751693,32.78,-116.95,2.964
5.3773,27.0,5.836330935251799,33.84,-118.37,3.79
3.9167,44.0,5.443609022556391,33.87,-118.33,2.656
2.0288,18.0,4.3487544483985765,39.71,-121.81,1.167
3.5488,42.0,4.821576763485477,33.79,-118.26,2.056
1.2667,7.0,3.326241134751773,32.54,-117.04,0.675
1.3696,40.0,4.554216867469879,38.61,-121.43,0.652
3.0263,10.0,5.3125,37.32,-120.49,1.183
2.4375,39.0,4.844559585492228,33.91,-118.26,1.019
1.7227,14.0,4.452425373134329,40.61,-122.38,1.05
2.625,26.0,4.908653846153846,33.6,-117.7,0.806
2.73,33.0,5.581218274111675,36.34,-119.19,0.969
2.6962,36.0,4.096997690531178,32.74,-117.25,2.882
5.0,20.0,6.46530612244898,38.13,-121.29,1.548
4.625,33.0,5.89766081871345,38.21,-122.33,2.286
3.5363,21.0,5.8580246913580245,40.73,-124.19,0.901
1.6488,22.0,3.5757575757575757,34.65,-120.46,1.175
3.1429,36.0,6.042553191489362,37.81,-121.31,1.792
2.9792,37.0,5.393728222996516,38.73,-122.95,1.513
3.4702,25.0,4.593333333333334,33.93,-117.95,1.619
2.2988,35.0,3.635434412265758,33.95,-118.21,1.534
4.375,27.0,5.142857142857143,33.93,-117.99,2.104
4.1181,36.0,4.8753709198813056,34.23,-118.4,1.727
3.0724,45.0,3.0350877192982457,33.98,-118.24,1.107
2.1292,23.0,3.538938053097345,32.75,-117.13,1.35
3.1645,27.0,4.359375,32.58,-117.13,1.56
3.5673,11.0,5.932584269662922,39.29,-121.32,1.12
1.9562,18.0,3.409090909090909,33.19,-117.37,1.925
2.9821,45.0,4.481481481481482,34.33,-118.68,3.25
6.5284,16.0,6.3097345132743365,33.9,-117.89,2.887
3.5208,21.0,5.02112676056338,33.92,-117.46,1.211
5.1118,32.0,5.855491329479769,37.98,-122.0,2.269
5.0528,26.0,6.064516129032258,38.13,-121.3,1.537
3.1944,32.0,3.992574257425743,34.09,-118.01,1.817
2.0694,31.0,6.090909090909091,38.09,-121.3,1.75
0.7403,37.0,4.491428571428571,37.96,-122.37,0.686
3.0,32.0,4.899135446685879,37.7,-122.07,2.232
1.3611,18.0,4.79578947368421,39.45,-121.55,0.606
1.4625,37.0,4.247844827586207,33.99,-118.28,1.03
3.0486,26.0,4.756410256410256,38.68,-122.04,0.836
2.925,46.0,6.194805194805195,37.75,-122.16,1.429
5.6683,23.0,5.610939907550077,37.56,-122.26,3.91
3.4605,45.0,4.576119402985075,33.84,-118.17,1.866
5.3922,34.0,6.362758620689656,37.28,-121.9,3.029
5.237,32.0,6.187817258883249,33.8,-117.95,2.157
5.6029,17.0,6.058455114822547,34.03,-117.72,1.618
4.5724,4.0,6.837037037037037,35.1,-117.98,0.845
2.1354,44.0,4.613157894736842,34.0,-118.29,1.058
2.8125,33.0,5.099514563106796,34.06,-117.16,1.172
4.7943,26.0,6.418168709444845,32.78,-116.97,2.269
6.6988,26.0,7.2,34.0,-117.99,3.825
5.1457,5.0,6.395918367346939,35.22,-119.13,1.182
3.4419,15.0,5.389399293286219,33.87,-117.6,1.381
2.575,15.0,5.828196347031963,38.49,-121.46,1.079
4.2463,14.0,4.921568627450981,37.41,-122.09,2.667
4.4107,17.0,6.426966292134831,38.31,-121.27,1.516
4.7361,41.0,5.352078239608802,37.66,-122.42,3.026
4.0625,47.0,5.122302158273381,34.05,-118.36,2.952
3.814,6.0,4.169836956521739,32.92,-117.14,1.325
4.9766,24.0,5.841558441558441,33.91,-117.91,2.671
3.9741,15.0,6.645652173913043,34.06,-117.14,1.411
6.1551,11.0,7.25615763546798,36.58,-121.67,2.918
4.6389,38.0,6.313609467455621,33.94,-118.32,1.838
2.2596,33.0,3.8104089219330857,34.07,-117.73,1.194
3.0197,28.0,4.266666666666667,36.67,-121.64,1.375
4.2802,14.0,6.325670498084291,39.04,-121.06,1.948
1.9766,19.0,5.787575150300601,39.75,-121.6,0.926
3.5938,46.0,4.731543624161074,34.04,-118.17,1.411
2.4925,28.0,3.6754491017964073,33.92,-118.13,1.772
2.9871,18.0,5.105,38.23,-122.61,1.938
4.1379,42.0,4.828767123287672,38.03,-122.7,3.091
3.375,52.0,5.1807780320366135,34.08,-117.65,1.443
2.7708,43.0,3.772200772200772,34.05,-118.19,1.279
2.3674,18.0,5.348453608247422,33.68,-117.96,2.192
4.3897,35.0,6.141304347826087,37.65,-122.09,1.906
2.5639,47.0,5.233031674208145,38.54,-121.49,1.23
5.0912,44.0,6.457575757575758,33.95,-118.32,1.698
6.8162,15.0,7.383620689655173,36.72,-119.72,1.272
3.9943,7.0,5.732044198895028,36.83,-119.69,1.002
2.8594,14.0,7.672881355932203,34.89,-116.72,0.817
4.131,52.0,5.854054054054054,37.74,-122.48,3.143
4.0,20.0,6.983333333333333,36.86,-119.69,1.646
3.725,22.0,5.439903846153846,32.71,-117.0,1.235
1.712,36.0,6.307228915662651,37.75,-122.18,0.821
2.3056,25.0,5.74,37.86,-120.35,1.625
3.8018,18.0,3.8017241379310347,32.8,-117.24,1.125
4.9028,15.0,6.391666666666667,34.87,-120.41,1.936
2.5781,47.0,5.170731707317073,37.97,-120.38,1.048
4.3039,21.0,5.034412955465587,33.78,-117.87,1.685
3.875,38.0,5.340101522842639,37.67,-122.07,1.653
4.25,28.0,5.653295128939828,36.47,-121.74,2.791
1.5,12.0,4.176980198019802,32.71,-117.09,1.063
4.1857,34.0,5.288732394366197,34.22,-118.42,1.986
4.8145,25.0,4.385194479297365,37.39,-121.99,2.307
4.192,25.0,4.886756238003839,33.79,-117.87,2.199
3.9632,50.0,5.753731343283582,37.75,-122.23,2.4
3.628,14.0,4.477894736842106,33.72,-117.99,1.885
3.6964,39.0,7.160377358490566,37.37,-121.55,2.625
6.7192,30.0,7.130434782608695,37.87,-122.05,3.975
3.0054,17.0,4.885864793678666,33.11,-117.07,1.423
1.7829,45.0,4.7,36.73,-119.77,0.526
4.3409,40.0,5.134883720930232,36.98,-121.99,2.563
2.4567,18.0,4.379310344827586,32.71,-116.96,1.55
1.7857,19.0,7.806451612903226,33.34,-115.9,0.628
4.2935,18.0,4.456544502617801,34.29,-118.47,1.9
2.6981,25.0,3.9463307776560788,34.09,-118.12,2.08
5.1641,33.0,6.191869918699187,34.18,-118.64,2.634
4.7953,26.0,4.843423799582464,33.84,-118.06,2.109
5.7759,5.0,5.495833333333334,33.67,-117.8,2.4
1.6685,34.0,3.0230978260869565,33.98,-118.22,1.288
3.2159,38.0,4.365695792880259,34.09,-118.37,3.833
3.0398,5.0,5.054385964912281,37.63,-121.03,1.2
3.9855,35.0,6.5362776025236595,33.76,-118.01,1.919
4.0219,35.0,4.204460966542751,33.84,-118.22,1.683
2.6094,30.0,3.8747553816046967,34.06,-118.09,1.794
3.6401,21.0,4.361349342481418,37.31,-121.97,2.675
1.2273,18.0,5.0,37.68,-120.54,0.875
2.9469,40.0,5.159919028340081,38.1,-122.22,1.116
2.7917,47.0,5.436842105263158,33.97,-118.31,1.258
2.8418,26.0,3.5008,34.03,-118.41,3.273
0.7714,16.0,2.698581560283688,37.95,-121.29,0.875
2.2409,29.0,3.918918918918919,32.76,-117.11,1.142
5.5677,4.0,5.92191435768262,33.5,-117.7,2.454
2.6812,34.0,4.77972027972028,33.89,-118.25,1.041
3.7143,34.0,4.694214876033058,34.21,-118.37,1.757
3.7727,22.0,4.805602716468591,34.1,-117.98,1.597
5.742,25.0,5.886075949367089,33.76,-118.03,2.219
4.2566,16.0,4.924731182795699,33.87,-117.8,2.061
3.3603,11.0,6.170731707317073,39.27,-121.23,1.625
5.057,46.0,5.21978021978022,33.98,-118.36,2.463
2.3886,14.0,4.805714285714286,32.76,-117.07,1.381
1.55,36.0,2.701046337817638,34.04,-118.18,1.29
1.4063,42.0,3.7714285714285714,37.49,-120.85,0.615
4.6442,36.0,6.153526970954357,34.11,-118.09,3.168
3.8171,18.0,5.119732785200411,37.63,-122.1,1.872
4.2241,20.0,5.630769230769231,32.6,-117.04,1.398
3.363,17.0,5.644539614561028,38.49,-121.42,1.03
3.25,39.0,3.2857142857142856,33.99,-118.07,1.533
3.6042,13.0,4.461956521739131,33.66,-117.9,2.26
3.0833,29.0,5.434108527131783,38.69,-121.37,0.87
3.3567,8.0,5.367123287671233,37.65,-121.04,1.291
3.15,27.0,6.7218045112781954,38.92,-119.98,0.869
2.6146,37.0,5.589108910891089,34.04,-118.14,2.432
3.1142,5.0,4.548066298342541,32.85,-116.93,1.5
1.1295,29.0,3.639344262295082,33.77,-118.18,1.375
1.9886,17.0,3.4219269102990033,32.75,-117.12,1.192
4.6779,16.0,5.875,38.25,-122.01,1.313
1.125,20.0,5.469387755102041,37.94,-121.23,1.5
2.5147,38.0,4.0,34.28,-118.44,1.371
6.3542,8.0,6.199324324324325,32.95,-117.12,2.181
0.9951,42.0,3.963210702341137,35.38,-118.97,0.48
4.7917,34.0,6.112328767123287,37.25,-121.92,2.432
3.7917,15.0,6.402255639097745,34.39,-117.31,1.234
4.1212,52.0,5.520161290322581,37.9,-122.28,2.875
2.4435,22.0,4.125370187561698,33.94,-117.41,1.185
4.5213,21.0,5.693117408906883,37.73,-122.24,2.284
2.4207,31.0,3.8502024291497974,37.32,-121.92,1.656
2.0938,16.0,6.444444444444445,32.75,-115.72,0.875
3.901,37.0,5.154213036565978,33.76,-118.14,4.325
3.2614,19.0,5.767213114754099,33.36,-117.1,1.688
2.8175,22.0,4.330964467005076,32.81,-116.94,1.352
3.5417,52.0,4.613079019073569,37.88,-122.27,2.875
7.5177,5.0,6.80040733197556,33.58,-117.69,3.3
4.4063,23.0,5.6679174484052535,34.01,-117.32,1.299
3.4531,41.0,5.105154639175257,34.22,-118.24,2.639
2.5658,29.0,3.422993492407809,32.64,-117.1,1.347
4.4697,26.0,5.94392523364486,37.72,-121.93,2.213
4.2917,33.0,5.245136186770428,34.04,-118.05,1.612
5.1033,15.0,6.367713004484305,34.17,-118.88,4.107
4.8942,36.0,5.07395498392283,33.86,-118.15,1.941
2.2328,34.0,3.226973684210526,32.75,-117.28,2.667
3.6486,29.0,4.298245614035087,33.89,-118.35,2.29
3.6875,15.0,4.170786516853933,34.15,-118.25,2.096
2.46,14.0,6.205574912891986,39.56,-120.23,0.93
1.4066,39.0,4.633123689727463,34.12,-117.32,0.664
3.2279,39.0,4.396648044692737,34.08,-118.17,1.585
2.9485,7.0,4.880434782608695,34.07,-117.18,1.125
2.3684,17.0,4.795857988165681,38.57,-121.33,1.5
1.7155,51.0,4.087671232876712,38.57,-121.49,1.088
3.0466,15.0,3.0356798457087755,37.36,-121.85,1.596
1.6112,25.0,2.435483870967742,34.1,-118.3,2.625
3.8571,34.0,4.626728110599078,34.12,-117.87,1.745
2.5721,52.0,4.306213017751479,37.78,-122.44,4.75
3.024,36.0,4.024096385542169,34.27,-118.43,1.48
4.3438,16.0,5.9411764705882355,36.3,-119.79,0.931
2.1111,44.0,4.029411764705882,37.73,-122.18,0.797
3.67,14.0,5.93950177935943,39.27,-120.83,1.601
3.9464,7.0,6.167582417582418,34.87,-117.03,1.015
4.675,24.0,6.412735849056604,34.19,-118.95,2.288
2.0159,22.0,4.145038167938932,32.56,-117.05,1.393
3.0964,31.0,4.5667953667953665,37.69,-122.07,1.905
2.125,18.0,4.5,39.23,-123.18,1.75
1.6073,14.0,4.321951219512195,36.74,-119.73,0.647
1.448,37.0,4.327433628318584,34.06,-117.19,0.728
1.6981,29.0,5.4801762114537445,35.36,-118.98,0.494
2.0938,16.0,2.74585635359116,37.8,-122.27,1.625
3.7708,36.0,3.8130563798219583,33.8,-118.22,1.571
2.6591,33.0,5.110738255033557,34.11,-118.18,1.838
2.925,49.0,3.795620437956204,34.42,-119.71,2.469
4.7024,21.0,5.22392135445112,33.63,-117.88,3.454
2.8646,22.0,4.775047258979206,32.73,-117.01,1.208
3.7065,16.0,5.487272727272727,37.52,-120.84,1.248
2.225,21.0,4.68561872909699,40.17,-122.23,0.647
3.1312,22.0,4.575320512820513,33.88,-117.53,0.91
3.735,23.0,4.88622754491018,34.13,-118.05,2.183
2.0673,37.0,4.083018867924529,32.69,-117.12,0.885
5.0282,35.0,5.6415929203539825,34.22,-118.52,1.954
5.392,52.0,6.870535714285714,32.75,-117.18,4.085
3.6806,29.0,4.709821428571429,34.13,-117.98,1.305
3.5227,8.0,6.779245283018868,38.48,-121.46,0.931
2.125,40.0,4.056768558951965,38.14,-121.27,1.375
3.175,27.0,4.791044776119403,34.0,-117.34,1.016
5.4449,16.0,6.504237288135593,35.34,-119.08,1.185
3.567,28.0,6.074468085106383,36.81,-119.77,0.855
2.6152,17.0,4.62483039348711,33.13,-117.07,1.353
4.4659,38.0,5.219269102990033,37.69,-122.14,1.891
3.7585,18.0,5.618263473053892,38.58,-122.59,1.857
2.3523,52.0,5.172839506172839,36.33,-119.65,0.591
5.0393,45.0,6.229461756373937,34.16,-118.09,3.211
2.2882,17.0,4.326388888888889,33.21,-117.33,0.858
3.2952,30.0,4.972924187725631,36.61,-121.91,2.346
2.567,21.0,5.091935483870968,37.38,-120.64,0.704
3.0147,17.0,4.3626168224299064,33.87,-117.99,2.17
7.0352,24.0,7.867579908675799,33.9,-117.84,2.996
3.4812,52.0,4.520689655172414,34.06,-118.34,4.328
1.9219,31.0,3.871401151631478,33.97,-118.28,1.07
1.5531,15.0,4.02491103202847,37.51,-120.85,0.931
3.4688,8.0,5.811145510835913,38.85,-120.71,1.201
3.7721,25.0,4.008849557522124,34.05,-118.46,3.375
6.4232,41.0,5.3578947368421055,34.01,-118.43,4.466
6.223,10.0,5.740869565217391,37.27,-121.8,2.607
2.6094,38.0,5.197183098591549,35.42,-119.03,0.679
4.0425,31.0,4.713833157338965,33.8,-118.31,2.779
3.1801,29.0,4.814814814814815,33.79,-117.99,1.905
3.2321,40.0,4.280821917808219,34.16,-118.3,2.436
5.3032,52.0,5.095744680851064,34.08,-118.12,2.457
3.6415,15.0,7.491891891891892,34.01,-117.37,1.242
2.6385,26.0,3.676025917926566,33.73,-117.86,1.802
5.2442,26.0,6.367441860465116,37.97,-121.98,2.132
2.4776,43.0,4.569832402234637,37.74,-122.17,1.016
2.6439,27.0,4.348643006263048,37.41,-120.63,0.691
1.3167,49.0,4.969230769230769,37.94,-122.37,0.716
2.7361,14.0,4.206611570247934,32.57,-117.07,0.936
1.9386,17.0,4.406103286384977,33.2,-117.38,1.063
4.0993,5.0,5.4324324324324325,36.79,-119.69,0.83
5.0659,35.0,5.10615711252654,37.68,-122.49,2.38
5.6494,34.0,6.131645569620253,37.28,-121.93,3.762
2.1187,3.0,3.3947939262472886,37.66,-121.89,2.313
3.4297,30.0,6.1959798994974875,36.8,-119.95,1.125
2.8036,15.0,5.950282485875706,41.38,-122.28,1.101
2.1429,38.0,3.740406320541761,33.97,-118.24,1.185
3.7321,33.0,5.568281938325991,33.91,-117.89,2.165
3.75,52.0,6.081632653061225,34.1,-118.1,2.8
2.817,19.0,6.108695652173913,33.72,-117.29,1.1
0.7445,19.0,3.5675675675675675,36.33,-119.29,1.125
3.3479,30.0,4.73225516621743,37.64,-122.08,1.821
3.7143,39.0,4.994186046511628,33.93,-118.08,1.582
2.7031,37.0,4.628070175438596,33.75,-118.29,2.189
3.2292,34.0,5.33030303030303,33.74,-117.89,1.606
3.5673,17.0,5.453731343283582,34.65,-118.23,1.363
4.4375,48.0,5.474725274725275,37.9,-122.54,3.7
4.3393,43.0,5.071949947862357,37.73,-122.39,2.173
5.1406,46.0,6.153846153846154,37.64,-121.92,3.156
4.4722,18.0,5.511560693641618,34.11,-117.79,2.156
4.825,40.0,5.379647749510763,34.13,-118.22,2.058
3.287,31.0,3.8945022288261515,34.04,-118.46,3.481
5.3886,15.0,6.945848375451264,36.84,-119.77,1.253
2.7917,48.0,6.447115384615385,36.79,-120.04,0.828
7.0712,24.0,7.589506172839506,37.77,-122.13,2.93
4.8304,32.0,4.9296482412060305,33.95,-118.08,1.606
1.4653,7.0,3.5257936507936507,38.54,-121.79,3.1
2.6884,24.0,3.6370967741935485,34.08,-118.1,2.046
3.2813,48.0,4.95945945945946,34.05,-118.36,2.436
2.8967,47.0,4.670329670329671,37.94,-122.35,0.956
3.6611,29.0,4.44543429844098,34.01,-118.42,3.442
0.7069,29.0,3.0934579439252334,34.13,-117.34,0.703
3.4187,26.0,5.230769230769231,38.83,-122.0,0.984
3.2578,18.0,5.755154639175258,33.94,-116.47,0.852
4.8836,20.0,4.382957884427032,37.34,-122.04,3.962
4.0368,52.0,4.761658031088083,37.85,-122.25,2.697
3.6042,34.0,5.538461538461538,32.79,-115.57,0.736
3.1583,52.0,5.364238410596027,38.57,-121.46,1.4
2.7694,17.0,3.8629715165511933,37.65,-122.08,1.619
1.2059,18.0,2.537037037037037,33.98,-118.22,2.55
1.2762,17.0,3.4323308270676693,34.42,-119.69,2.536
1.7213,44.0,4.894353369763206,35.37,-119.02,0.616
1.78,41.0,4.206106870229007,34.03,-118.3,1.625
2.6452,18.0,5.108433734939759,32.73,-117.07,1.542
5.6637,20.0,5.686396677050882,33.65,-117.94,2.221
2.0417,39.0,3.789762340036563,34.01,-118.31,1.171
4.2437,35.0,5.836683417085427,33.91,-118.03,1.641
2.9688,19.0,3.363302752293578,34.2,-118.45,2.021
3.5524,27.0,5.791569086651054,35.4,-118.96,0.891
3.5607,21.0,6.12106135986733,38.83,-121.21,1.519
5.6533,35.0,5.209923664122138,37.37,-122.05,2.914
3.0962,36.0,4.746421267893661,39.15,-121.62,0.74
4.2679,25.0,4.942,33.84,-117.97,1.917
3.6106,18.0,4.3934681181959565,33.92,-117.95,1.536
2.1182,18.0,5.083686440677966,33.74,-117.11,0.713
4.1324,44.0,5.129082426127527,34.14,-118.11,4.348
3.2447,12.0,4.936859147328656,37.7,-121.01,1.422
1.625,34.0,2.9776119402985075,34.1,-118.31,0.675
7.7317,16.0,7.427480916030534,33.01,-117.25,3.96
2.07,52.0,4.205387205387205,34.04,-118.2,1.363
4.6528,27.0,5.018965517241379,34.28,-118.71,1.866
3.9615,37.0,4.879213483146067,34.23,-118.43,1.737
1.6691,52.0,4.307420494699647,38.3,-122.29,1.833
2.75,33.0,3.331360946745562,37.97,-122.52,2.313
2.3971,24.0,7.003401360544218,37.88,-122.08,0.994
2.935,52.0,4.474820143884892,34.09,-118.25,1.894
2.3636,39.0,3.9933993399339935,34.06,-117.63,0.883
4.9318,6.0,5.7944078947368425,37.7,-122.44,2.581
4.5417,33.0,5.708860759493671,34.06,-117.98,1.603
4.1576,19.0,5.788235294117647,37.4,-118.43,1.415
2.4688,21.0,5.0588235294117645,36.15,-119.74,0.613
1.5846,46.0,4.375838926174497,33.99,-118.29,1.148
3.2679,30.0,3.9,32.77,-117.2,1.375
3.5,12.0,5.751054852320675,37.99,-120.26,1.071
6.5143,29.0,5.995098039215686,33.67,-117.59,2.798
3.925,52.0,4.635944700460829,34.13,-118.19,1.804
1.8792,41.0,4.254545454545455,38.61,-121.44,0.633
2.775,50.0,2.9743589743589745,33.83,-118.31,2.25
6.5743,10.0,7.07286432160804,33.72,-117.77,2.787
2.8071,14.0,6.011834319526627,33.48,-116.89,1.375
5.2308,33.0,5.234600262123198,37.52,-121.95,1.969
3.1768,31.0,5.010869565217392,38.11,-122.21,1.31
5.0869,23.0,6.419540229885057,34.02,-117.8,2.306
3.1786,35.0,5.293906810035843,32.7,-117.08,1.006
3.5909,31.0,3.698675496688742,37.39,-122.1,3.531
2.53,45.0,4.864583333333333,34.06,-118.18,1.403
5.3767,29.0,5.829032258064516,34.22,-118.42,2.33
5.0,43.0,5.313131313131313,33.86,-118.14,2.089
1.775,44.0,4.299270072992701,34.1,-117.3,0.634
3.0341,27.0,4.541554959785523,33.91,-118.23,0.891
5.966,48.0,4.13986013986014,37.69,-122.32,3.152
3.4028,18.0,5.845132743362832,35.55,-115.93,0.675
5.338,52.0,5.608391608391608,37.9,-122.29,2.709
3.6908,38.0,4.962825278810409,33.92,-118.08,1.575
2.8269,34.0,4.285266457680251,35.5,-119.27,0.611
2.7432,35.0,4.695652173913044,34.05,-118.19,1.352
3.855,18.0,4.770029673590504,34.17,-118.53,2.438
3.7917,32.0,5.133709981167608,33.82,-117.96,1.974
4.359,15.0,4.135021097046414,37.4,-122.07,1.922
5.308,15.0,6.147668393782383,36.89,-119.67,1.675
2.5664,34.0,5.62043795620438,32.82,-115.55,0.675
3.5541,20.0,3.8488372093023258,37.64,-122.06,3.5
3.3542,52.0,4.882716049382716,34.13,-118.22,1.781
4.9044,35.0,5.482248520710059,34.41,-119.72,3.353
3.4632,6.0,5.488421052631579,37.69,-121.03,1.377
3.4722,30.0,4.578804347826087,34.96,-120.44,1.125
3.3884,17.0,4.2933168316831685,37.43,-121.88,2.458
4.8365,35.0,5.720634920634921,37.33,-121.99,3.139
3.0377,47.0,4.590415913200723,34.1,-118.21,1.868
6.9903,14.0,6.476584022038567,36.83,-119.83,1.412
4.51,9.0,5.736216216216216,34.08,-117.16,1.358
3.375,16.0,6.013372956909361,38.79,-123.03,1.719
3.125,42.0,4.968468468468468,37.94,-122.34,1.439
2.6765,52.0,5.0,37.77,-122.21,0.888
1.2321,35.0,3.062256809338521,33.77,-118.19,1.375
1.5407,10.0,4.461538461538462,36.21,-119.11,0.584
3.0122,16.0,4.7981330221703615,33.93,-117.46,1.147
2.52,37.0,4.251623376623376,37.88,-122.27,2.778
5.0731,9.0,5.071698113207547,33.88,-117.97,1.851
1.825,52.0,4.863636363636363,34.05,-118.18,1.33
2.558,15.0,3.8518518518518516,37.32,-120.47,1.216
4.0619,17.0,5.979605263157895,38.27,-122.01,1.266
2.8393,26.0,3.696969696969697,37.58,-122.35,3.75
2.1736,45.0,3.663090128755365,34.05,-118.33,1.713
3.9191,36.0,6.110062893081761,38.45,-122.69,1.83
2.5401,50.0,4.939153439153439,37.78,-122.2,1.291
3.3636,37.0,4.29242819843342,34.13,-118.24,2.577
7.9217,4.0,5.106060606060606,33.66,-117.83,2.962
2.5474,40.0,4.8879551820728295,34.09,-118.07,1.981
2.925,26.0,5.283524904214559,35.52,-120.69,1.814
3.2386,13.0,3.537142857142857,33.7,-117.89,1.292
7.6286,33.0,8.386666666666667,34.05,-117.9,3.304
2.625,11.0,3.6,34.02,-118.48,2.5
2.625,16.0,5.573248407643312,36.96,-121.99,3.773
3.7477,8.0,5.227138643067847,38.69,-121.8,1.222
2.5587,37.0,4.738853503184713,38.12,-121.27,0.878
4.0023,33.0,5.156944444444444,34.13,-117.88,1.855
2.2813,15.0,4.998011928429423,38.72,-121.3,1.319
3.125,16.0,5.380070546737214,36.8,-119.83,0.808
4.056,35.0,4.246376811594203,34.0,-118.39,3.391
2.1838,18.0,3.578602620087336,33.74,-117.92,1.597
1.3304,28.0,5.6453900709219855,36.7,-119.8,0.513
4.5795,28.0,6.025390625,37.31,-121.88,2.628
1.7125,27.0,5.756756756756757,39.94,-122.0,0.582
5.5629,36.0,5.454819277108434,34.09,-117.89,1.883
5.1298,17.0,5.314420803782506,33.41,-117.59,2.46
3.4286,32.0,4.345771144278607,34.09,-118.02,1.918
3.1838,20.0,3.783464566929134,32.79,-117.24,2.458
5.4284,5.0,6.176979662483773,34.53,-118.7,2.363
3.7375,14.0,4.898128898128898,38.03,-121.36,1.388
4.6,21.0,5.386934673366834,38.01,-122.56,2.395
2.2422,33.0,4.064080944350759,33.97,-118.17,1.682
4.1776,32.0,5.928104575163399,33.94,-117.44,1.187
5.0016,19.0,5.531431897555297,34.19,-119.2,2.185
1.0469,42.0,4.274193548387097,34.06,-117.33,0.67
5.5164,40.0,6.228739002932551,36.56,-121.92,3.691
2.4554,30.0,4.594520547945206,36.2,-119.08,0.612
3.4028,32.0,3.075892857142857,33.84,-117.95,1.837
4.1917,26.0,5.435051546391753,35.77,-119.23,0.84
3.7206,39.0,3.691891891891892,34.03,-118.39,2.309
1.24,24.0,2.967984934086629,34.41,-119.86,3.25
5.0287,26.0,6.029490616621984,33.68,-117.95,2.65
3.7538,4.0,5.251325556733828,33.54,-117.16,1.475
4.9005,7.0,6.637053087757313,33.12,-117.14,2.64
2.3462,16.0,4.676724137931035,38.0,-122.05,0.75
1.9728,33.0,4.64,38.58,-121.53,0.764
2.525,9.0,5.839869281045751,38.38,-120.72,1.572
3.119,34.0,4.130890052356021,33.91,-118.23,0.903
3.4013,35.0,5.303030303030303,34.23,-118.43,1.765
2.7694,32.0,4.473007712082262,36.76,-121.75,1.324
0.7068,49.0,2.0822784810126582,37.33,-121.89,2.0
1.7708,32.0,3.6853146853146854,34.28,-118.44,1.388
4.1645,14.0,5.941935483870968,32.7,-117.07,1.43
1.4556,32.0,4.356449375866852,33.93,-116.87,0.546
6.2236,32.0,6.488789237668161,34.16,-117.27,1.597
4.6019,36.0,5.235732009925559,33.85,-118.13,2.084
4.5053,34.0,5.436991869918699,33.89,-118.32,2.42
3.7132,15.0,5.1907790143084265,38.43,-122.73,1.676
2.9406,24.0,5.1160092807424595,36.77,-119.73,0.73
1.6486,26.0,4.337962962962963,36.63,-119.31,0.552
0.9637,29.0,3.2434210526315788,37.67,-122.08,1.6
2.4505,25.0,4.225388601036269,33.2,-117.24,1.475
2.2234,19.0,2.752393980848153,34.2,-118.39,1.813
2.9344,36.0,3.9867172675521823,34.03,-118.38,2.221
2.5625,33.0,4.475524475524476,37.76,-122.17,0.893
1.1635,39.0,3.7808988764044944,33.97,-118.25,1.087
4.0109,36.0,5.786516853932584,37.69,-122.15,1.929
3.9231,34.0,5.209718670076726,34.15,-117.31,0.96
6.5948,23.0,6.673622704507513,37.57,-122.26,4.04
1.8984,19.0,4.306513409961686,35.65,-117.81,0.543
5.9629,17.0,6.8671328671328675,38.58,-121.81,2.86
4.4107,22.0,4.1257861635220126,37.39,-122.03,2.327
3.1136,36.0,5.7134986225895315,36.96,-120.08,0.738
5.5023,5.0,5.167657550535077,33.83,-118.33,2.864
1.9954,30.0,4.751141552511416,38.24,-122.04,0.929
3.682,32.0,5.453194650817236,34.69,-118.13,1.088
5.5551,9.0,6.709507042253521,35.55,-117.68,1.425
2.3562,45.0,5.479166666666667,36.77,-119.78,0.581
1.6429,23.0,5.063063063063063,40.63,-122.42,0.804
3.2768,35.0,6.035398230088496,38.36,-121.99,1.176
6.1563,13.0,6.3392070484581495,35.44,-118.93,2.042
1.8229,17.0,4.903345724907063,37.99,-122.06,1.375
4.2596,36.0,5.368715083798882,33.91,-118.31,1.811
3.5647,33.0,5.423357664233577,38.22,-122.49,2.518
2.8125,30.0,5.922818791946309,36.35,-119.64,0.702
2.6346,40.0,5.06218487394958,37.66,-120.98,1.006
1.6548,35.0,4.879417879417879,36.75,-119.76,0.494
2.5096,33.0,4.559322033898305,40.78,-124.18,0.722
2.3373,21.0,5.970642201834862,34.88,-117.13,0.571
2.2969,43.0,3.4050632911392404,33.93,-118.28,0.906
4.9394,31.0,5.861985472154964,33.83,-117.95,2.178
2.5797,17.0,3.486624203821656,34.21,-118.59,1.835
2.2188,38.0,3.5743073047858944,38.13,-121.26,0.688
3.0973,13.0,3.8322649572649574,34.18,-118.3,2.519
4.1165,26.0,4.9375,37.32,-121.81,1.649
3.9022,10.0,4.850318471337579,37.6,-122.08,1.917
3.94,32.0,5.697058823529412,34.12,-118.01,2.784
4.645,22.0,5.712585034013605,34.13,-118.04,2.762
2.5551,12.0,5.676891615541923,37.43,-119.98,1.05
2.7308,38.0,4.080188679245283,33.79,-118.25,1.504
4.5156,35.0,6.122033898305085,39.53,-121.53,0.912
3.39,5.0,5.19589552238806,34.04,-117.31,1.495
2.919,19.0,5.68941504178273,32.69,-116.58,1.165
3.5855,35.0,4.473544973544974,33.86,-117.97,1.743
3.205,7.0,5.609427609427609,34.48,-117.2,1.019
4.7341,4.0,5.274753758424054,33.66,-117.67,2.374
2.25,20.0,6.5,33.69,-116.5,2.481
1.7995,27.0,4.562711864406779,34.03,-118.19,1.534
3.7917,35.0,5.856209150326797,34.05,-117.99,1.511
3.413,37.0,3.581453634085213,33.72,-117.86,1.506
2.3549,18.0,5.646209386281589,38.43,-120.55,1.089
2.2618,17.0,5.351282051282051,33.75,-117.11,0.961
5.0322,43.0,3.6581986143187066,33.85,-118.42,4.35
2.2017,32.0,3.797860962566845,32.75,-117.25,2.083
3.0882,40.0,4.394673123486683,33.81,-118.21,1.607
3.1786,36.0,5.819672131147541,38.68,-121.37,0.834
1.0227,8.0,2.3288201160541586,34.06,-118.24,0.875
6.6004,17.0,6.087649402390438,38.48,-122.6,3.415
3.8068,34.0,7.341317365269461,38.63,-121.39,1.504
1.9432,39.0,5.565625,34.14,-117.3,0.89
5.038,13.0,5.958762886597938,34.87,-120.44,1.94
3.4219,32.0,5.228228228228228,34.13,-117.87,1.945
2.3041,33.0,3.652857142857143,33.85,-118.2,1.491
7.3753,34.0,6.528795811518324,37.35,-122.05,3.881
2.1898,40.0,5.9154078549848945,41.23,-122.27,0.655
4.75,44.0,5.726114649681529,34.0,-118.44,3.558
1.742,24.0,6.9289617486338795,36.49,-118.96,1.188
2.6901,34.0,4.502976190476191,34.08,-118.09,2.356
3.2039,8.0,5.03494623655914,38.65,-121.46,1.034
2.1964,30.0,3.0766233766233766,33.98,-118.2,1.585
1.6102,14.0,4.488593155893536,32.74,-117.1,0.934
1.7642,39.0,3.4384133611691023,32.71,-117.14,0.829
4.3687,33.0,4.851063829787234,33.82,-118.27,1.735
5.3905,12.0,7.094972067039106,33.08,-117.26,2.996
2.3526,48.0,3.807073954983923,34.04,-118.32,1.563
5.2362,49.0,6.212443095599393,38.55,-121.5,2.368
2.5,19.0,6.153153153153153,40.28,-120.96,0.641
6.7099,50.0,7.503521126760563,34.11,-118.11,3.522
2.0467,35.0,2.4100877192982457,34.09,-118.29,1.583
3.6397,33.0,4.464285714285714,33.97,-118.11,1.666
2.5445,24.0,3.467696629213483,34.06,-118.03,1.514
2.8403,24.0,4.256594724220624,33.81,-117.83,2.256
6.8419,16.0,6.822517591868648,34.39,-118.55,3.233
3.4219,35.0,5.6157407407407405,40.78,-124.14,0.928
4.5135,15.0,6.566302652106084,32.72,-116.98,1.583
4.1776,36.0,5.14176245210728,33.9,-118.34,2.366
6.4823,13.0,6.911804613297151,34.23,-118.85,2.909
1.8393,18.0,2.0904255319148937,33.75,-118.28,1.875
2.9974,26.0,3.62015503875969,34.21,-118.59,1.788
1.9949,14.0,2.749559082892416,34.06,-118.31,3.8
2.9514,47.0,4.80078125,37.79,-122.19,1.981
3.1875,18.0,5.0482374768089056,38.62,-122.87,1.761
4.7356,18.0,6.815668202764977,38.31,-122.42,3.333
2.355,42.0,4.620352250489237,37.31,-120.48,0.756
4.625,47.0,5.068965517241379,33.88,-118.18,1.63
2.735,18.0,4.049306625577812,33.88,-118.0,1.708
4.1164,52.0,5.485436893203883,37.73,-122.16,1.982
4.625,31.0,5.7696969696969695,33.94,-118.04,1.739
1.7692,39.0,5.170818505338079,38.54,-121.46,0.639
3.8426,16.0,4.70694087403599,33.85,-118.03,3.444
1.6021,29.0,4.56,37.98,-120.37,0.914
4.5962,19.0,7.12280701754386,33.71,-117.96,3.045
3.4236,52.0,4.641255605381166,37.78,-122.46,3.768
4.3864,15.0,5.691449814126394,37.67,-120.95,1.376
4.4,18.0,5.606132075471698,36.28,-119.16,0.793
3.3199,25.0,4.106854838709677,33.87,-117.98,1.888
3.0833,34.0,3.0764331210191083,37.52,-122.26,2.563
2.2566,52.0,4.995348837209303,40.79,-124.16,0.927
2.3173,25.0,4.9152892561983474,36.82,-119.7,0.682
4.0167,35.0,4.950261780104712,34.09,-117.93,1.655
2.125,39.0,3.3584070796460175,34.02,-118.17,1.438
1.5875,15.0,4.422740524781341,36.42,-119.09,0.558
1.8438,45.0,4.9963503649635035,34.12,-117.29,0.721
2.1062,21.0,4.324281150159744,34.09,-117.94,1.767
4.0473,5.0,4.851305334846765,37.93,-122.05,2.665
3.2321,11.0,7.0414673046252,38.71,-121.19,3.908
4.3182,17.0,6.744416873449132,33.06,-117.34,3.571
2.8676,46.0,4.122969837587007,37.87,-122.28,2.12
3.9054,7.0,5.655263157894737,35.3,-119.01,0.809
1.7292,19.0,4.5,36.95,-117.9,1.375
5.3307,25.0,5.12037037037037,33.84,-118.23,2.07
4.8237,38.0,5.699386503067485,37.71,-122.08,2.209
2.182,15.0,6.047482014388489,34.18,-116.29,0.608
5.9225,18.0,6.270216962524655,37.23,-121.8,2.658
6.4667,17.0,6.236363636363636,38.5,-121.53,2.168
2.8472,44.0,5.169741697416974,34.18,-118.17,2.188
1.7801,45.0,3.663484486873508,34.02,-118.19,1.428
3.2311,34.0,5.281012658227848,33.94,-117.47,1.056
2.0363,31.0,4.9326599326599325,36.39,-119.21,0.535
1.9375,52.0,2.9270833333333335,34.02,-118.28,0.388
5.8966,17.0,7.33983286908078,33.02,-117.06,2.615
6.0663,30.0,6.8625393494228755,33.97,-118.0,3.726
3.8644,47.0,5.336898395721925,34.07,-118.16,2.415
3.59,34.0,4.257731958762887,33.87,-117.99,1.619
1.8214,21.0,2.966292134831461,34.06,-118.3,4.75
2.2448,40.0,5.005221932114883,33.94,-118.31,1.75
3.1,30.0,4.977491961414791,36.76,-119.73,0.713
2.0134,23.0,4.046153846153846,38.3,-122.28,1.425
5.3951,37.0,5.1420118343195265,37.32,-122.27,2.777
3.0893,42.0,4.686609686609686,33.88,-118.17,1.627
2.0064,52.0,4.618037135278515,39.73,-121.83,0.779
3.1979,35.0,3.2950819672131146,33.99,-118.2,1.547
2.6364,39.0,3.577777777777778,34.01,-118.18,1.488
2.964,14.0,3.5925925925925926,37.67,-122.48,3.197
3.1806,24.0,7.925925925925926,38.93,-119.97,1.072
4.0167,35.0,4.966367713004484,34.21,-118.41,1.932
2.49,26.0,4.542808219178082,33.61,-117.72,0.811
2.625,11.0,4.943201376936317,32.68,-115.51,0.727
3.588,32.0,5.803757828810021,39.43,-123.37,0.96
1.6955,24.0,4.353383458646617,34.0,-117.4,0.868
3.0,52.0,4.181818181818182,37.75,-122.42,2.75
2.7042,38.0,4.625368731563422,37.29,-121.89,2.866
4.65,43.0,7.126279863481229,38.56,-122.59,2.45
2.0411,24.0,4.186346863468635,38.0,-121.85,1.0
3.9702,36.0,5.297071129707113,37.7,-122.14,1.941
3.2969,37.0,5.030973451327434,34.08,-117.95,1.89
3.775,25.0,5.2075471698113205,34.1,-117.87,1.917
3.3182,19.0,6.283236994219653,32.86,-115.4,1.138
3.6765,26.0,4.649038461538462,37.33,-121.84,1.636
3.0259,26.0,3.897277227722772,32.74,-117.15,2.117
3.4228,7.0,4.466539196940727,34.05,-117.3,1.157
1.9265,44.0,6.8808510638297875,38.5,-122.97,1.327
2.6098,23.0,6.385542168674699,36.18,-119.27,0.66
4.0491,36.0,6.720364741641338,32.79,-117.02,1.479
6.1557,35.0,6.406015037593985,33.41,-117.61,4.029
2.0885,35.0,4.812064965197216,37.62,-121.01,0.737
1.6295,33.0,4.27208480565371,34.27,-118.42,1.343
3.0212,14.0,5.613680154142582,38.7,-121.28,1.129
1.6838,19.0,4.350746268656716,32.7,-115.4,0.958
3.0089,36.0,7.873015873015873,33.09,-116.58,1.344
1.6667,30.0,5.265217391304348,34.83,-116.96,0.447
2.5195,23.0,3.331476323119777,36.9,-121.73,1.369
4.6898,45.0,5.03921568627451,34.18,-118.33,2.26
5.1589,35.0,5.183361629881155,33.82,-118.38,4.392
2.6842,44.0,5.169642857142857,37.88,-121.38,1.563
4.7147,12.0,5.251482799525504,34.08,-117.61,1.587
2.1731,45.0,3.8076923076923075,37.75,-122.18,0.82
2.225,42.0,2.438679245283019,33.77,-118.2,1.063
0.8229,30.0,3.763819095477387,36.21,-119.34,0.684
1.5817,52.0,5.43801652892562,37.85,-122.27,1.536
4.8523,20.0,5.848341232227488,38.67,-121.3,1.43
3.2037,33.0,3.8896434634974533,33.73,-117.88,1.635
3.7188,18.0,5.075822603719599,38.25,-122.3,1.634
3.3669,29.0,4.5898778359511345,34.15,-118.37,3.761
4.1656,37.0,6.325367647058823,34.16,-118.6,3.131
2.1957,33.0,3.254368932038835,34.02,-118.25,1.008
1.822,41.0,5.608225108225108,37.94,-122.36,0.797
3.6176,24.0,6.478260869565218,38.35,-122.0,1.585
3.2019,33.0,6.128571428571429,36.34,-119.72,1.125
3.8095,28.0,5.874581939799331,40.72,-124.02,1.199
1.3269,18.0,4.012195121951219,32.69,-117.09,1.08
2.898,43.0,5.020661157024794,37.77,-122.2,1.214
3.6435,52.0,4.819070904645477,34.05,-118.35,1.958
3.1875,5.0,5.3788927335640135,33.24,-117.29,1.538
4.6327,34.0,5.552816901408451,33.93,-117.44,1.16
3.0642,48.0,3.472885032537961,34.11,-118.33,3.429
3.1797,48.0,4.1104651162790695,38.44,-122.72,1.404
5.5959,30.0,5.78239608801956,34.41,-119.74,3.462
2.9828,30.0,6.06401766004415,36.54,-119.12,0.852
2.8214,13.0,5.028616852146264,33.2,-117.26,1.219
2.8974,26.0,3.9512670565302144,34.2,-118.48,1.899
2.4917,43.0,6.700507614213198,39.47,-122.1,0.771
6.5,20.0,6.451612903225806,37.69,-122.03,3.4
3.875,25.0,5.601092896174864,33.86,-117.98,1.375
5.4413,8.0,6.795297372060857,38.67,-120.99,1.879
4.0,24.0,7.288043478260869,35.26,-118.95,0.945
4.75,37.0,5.150485436893204,33.9,-118.1,1.619
4.6628,44.0,6.589905362776025,37.59,-122.38,4.592
7.472,10.0,7.769716088328075,32.99,-117.25,4.399
3.415,29.0,4.128205128205129,34.15,-118.44,3.825
2.125,37.0,4.596,33.88,-118.22,1.019
2.5164,30.0,4.456,36.6,-121.88,1.781
4.4821,42.0,4.45,34.24,-118.26,2.719
3.016,32.0,4.2,34.0,-117.42,0.966
2.875,34.0,5.218354430379747,36.76,-119.87,0.745
3.2687,22.0,4.728888888888889,32.58,-117.08,1.31
4.5268,42.0,5.045112781954887,37.89,-122.33,2.074
4.45,15.0,5.047218628719276,37.93,-122.05,1.849
4.5208,32.0,4.606459330143541,34.03,-118.49,4.421
4.0625,23.0,5.180451127819549,32.85,-116.92,1.45
2.7014,33.0,4.076576576576577,32.6,-117.06,1.082
6.7449,44.0,7.690476190476191,34.45,-119.73,4.156
2.2125,34.0,3.7578692493946733,33.9,-118.2,1.032
5.4273,44.0,5.712,37.33,-121.93,4.21
1.1667,37.0,4.022792022792022,34.12,-117.31,0.709
1.8827,20.0,5.427184466019417,36.06,-119.31,0.487
3.5,44.0,5.572769953051643,37.74,-122.5,2.757
2.4306,36.0,5.140845070422535,34.0,-117.37,0.889
4.2417,33.0,5.808126410835214,32.8,-117.2,2.941
6.4685,22.0,6.721374045801527,33.83,-117.88,2.412
4.4821,33.0,6.22463768115942,34.15,-117.94,2.201
3.8958,4.0,6.631768953068592,33.23,-117.35,1.898
3.0954,19.0,5.085365853658536,40.55,-122.41,0.865
3.7763,36.0,5.686274509803922,32.72,-117.02,1.269
1.8958,12.0,5.823529411764706,33.28,-115.95,0.538
3.525,20.0,5.009478672985782,36.96,-121.77,2.291
4.4485,35.0,6.414110429447852,34.25,-118.27,2.619
3.9844,26.0,4.946043165467626,33.88,-118.36,2.307
3.5156,31.0,4.945848375451264,34.07,-118.07,1.993
4.5909,35.0,5.545945945945946,34.23,-118.41,1.792
6.6842,25.0,6.77859778597786,37.41,-121.85,2.653
5.0187,29.0,5.07488986784141,37.92,-122.32,1.406
5.9265,36.0,6.199546485260771,33.83,-118.09,2.273
4.87,35.0,5.72488038277512,34.08,-117.94,1.877
7.7773,33.0,6.546583850931677,37.34,-122.38,4.563
5.0855,26.0,6.685121107266436,34.22,-118.86,2.322
7.0315,42.0,6.836111111111111,34.14,-118.06,4.373
1.6389,37.0,3.7333333333333334,32.66,-117.09,1.143
7.2929,17.0,6.531120331950207,37.53,-122.51,3.558
4.9286,13.0,6.5285714285714285,38.12,-122.58,3.095
3.7802,10.0,5.087403598971722,34.08,-117.7,1.073
2.1289,52.0,3.021172638436482,37.75,-122.42,2.5
4.0833,34.0,5.414673046251994,38.57,-121.53,1.185
4.4567,27.0,5.626288659793815,34.17,-119.19,1.911
3.2632,52.0,4.745652173913044,37.8,-122.22,2.277
4.119,52.0,5.101674641148326,37.76,-122.4,2.983
2.0458,27.0,3.619047619047619,33.78,-118.26,1.745
3.2813,47.0,5.485714285714286,37.74,-122.41,2.296
2.6014,36.0,3.8026315789473686,34.43,-119.72,3.206
5.5486,34.0,5.352697095435684,33.82,-117.98,2.181
3.6154,52.0,5.616016427104722,38.06,-122.21,1.557
4.4477,4.0,5.752631578947368,33.17,-117.06,1.748
2.0488,20.0,4.216666666666667,32.68,-117.1,0.889
5.5061,17.0,6.6871165644171775,38.48,-122.65,2.318
2.0242,36.0,4.967105263157895,34.06,-117.33,0.65
2.0284,52.0,4.511904761904762,33.98,-117.38,1.016
1.4089,22.0,4.1678200692041525,32.7,-117.09,0.942
1.8317,47.0,5.061420345489443,33.99,-118.3,0.965
4.1607,52.0,4.683363148479428,37.8,-122.41,3.5
4.2731,34.0,5.451117318435754,33.8,-117.93,2.18
2.5208,17.0,6.396067415730337,38.45,-120.55,0.991
5.7452,14.0,7.0285087719298245,38.44,-121.34,2.409
5.777,23.0,6.552301255230126,33.85,-118.04,3.159
5.5845,26.0,5.495356037151703,34.22,-118.86,2.517
4.3162,26.0,5.6938775510204085,34.7,-120.48,1.364
1.4,31.0,2.806451612903226,36.95,-120.05,0.525
4.9537,52.0,6.504409171075838,37.74,-122.47,3.656
2.25,24.0,3.54320987654321,33.78,-118.24,1.523
1.875,52.0,4.5,34.1,-117.71,2.125
1.8355,34.0,5.1030303030303035,39.36,-121.69,0.63
3.9659,26.0,4.257234726688103,33.73,-117.9,1.785
2.6607,30.0,3.8215384615384616,37.32,-121.88,1.693
1.5278,19.0,6.436123348017621,39.83,-123.84,1.458
3.8958,52.0,5.362989323843417,37.72,-122.44,2.477
3.1917,6.0,7.058011049723757,34.57,-117.1,1.128
4.4286,44.0,5.013179571663921,33.84,-118.14,2.549
2.8015,12.0,4.467041389882473,33.13,-117.06,1.435
3.95,22.0,6.894736842105263,38.12,-121.23,1.781
1.3373,18.0,2.745920745920746,32.79,-115.56,0.583
3.3153,36.0,6.100671140939597,38.25,-122.06,0.99
1.4589,27.0,3.51255230125523,34.02,-118.35,0.875
1.9937,33.0,3.8792372881355934,34.06,-117.76,1.036
2.2754,23.0,5.1298527443105755,39.0,-122.13,0.592
3.2448,20.0,4.204528853177502,34.21,-118.44,2.212
5.9856,39.0,6.102564102564102,33.98,-118.4,4.321
3.116,19.0,3.4034514925373136,34.02,-118.4,3.0
1.3684,52.0,4.082644628099174,38.44,-122.71,2.583
1.5208,10.0,3.526605504587156,32.76,-117.09,1.188
1.4896,17.0,7.028436018957346,39.55,-121.19,0.833
3.0091,41.0,5.648837209302326,32.97,-115.54,0.708
3.2889,32.0,5.0610859728506785,38.0,-121.33,0.989
3.3958,12.0,5.3202416918429005,35.32,-120.82,2.158
4.3409,11.0,5.26392572944297,33.62,-118.02,2.714
4.1116,45.0,4.108187134502924,37.72,-122.48,1.875
1.0424,32.0,3.941747572815534,38.61,-121.45,0.814
4.2204,29.0,5.8457223001402525,32.63,-117.06,1.698
2.4259,40.0,4.280966767371601,34.01,-118.12,1.646
4.0,24.0,5.053846153846154,33.08,-117.3,3.432
2.7768,19.0,4.280354706684856,37.3,-121.85,1.786
3.5,42.0,4.9110576923076925,34.02,-118.33,1.811
4.575,48.0,4.441108545034642,34.0,-118.45,3.267
3.3882,17.0,6.155778894472362,33.22,-117.22,1.908
3.8019,13.0,6.7625628140703515,35.55,-121.14,2.712
4.8438,28.0,5.075829383886256,33.81,-118.32,3.462
4.2463,4.0,4.6450777202072535,33.65,-117.59,1.828
4.0844,12.0,5.0732984293193715,38.34,-122.69,1.654
3.875,52.0,4.387254901960785,37.87,-122.29,1.826
3.775,47.0,5.419117647058823,37.7,-122.47,2.813
4.7708,44.0,4.767123287671233,37.5,-122.25,2.538
2.9375,31.0,4.514705882352941,33.79,-118.27,1.74
4.9676,34.0,5.4309927360774815,34.02,-118.42,4.141
1.8095,25.0,4.170802919708029,39.28,-121.64,0.641
3.7973,4.0,4.860127157129882,34.12,-117.56,1.813
3.75,26.0,4.5,37.39,-122.06,3.75
2.806,37.0,4.979423868312757,34.08,-118.07,2.146
1.6528,32.0,4.544776119402985,40.75,-124.21,0.581
4.4094,39.0,5.127345844504021,34.11,-118.27,3.526
5.6234,42.0,5.334224598930481,37.46,-122.15,3.796
1.9,44.0,4.726775956284153,34.03,-118.35,1.109
2.96,19.0,5.0701754385964914,40.95,-124.11,0.817
3.0893,25.0,3.83547557840617,33.87,-117.89,1.882
1.9657,13.0,4.187035069075452,38.48,-121.42,1.16
5.8995,21.0,6.958549222797927,37.96,-121.35,1.899
6.131,32.0,5.878048780487805,37.25,-121.97,3.678
3.0919,28.0,3.5095541401273884,34.12,-118.22,1.854
2.888,50.0,5.105812220566319,37.73,-122.42,2.464
3.3689,32.0,5.945185185185185,38.49,-121.5,0.834
7.6518,11.0,6.919642857142857,37.8,-122.02,3.593
5.0953,39.0,5.9467592592592595,34.2,-118.14,2.074
3.9853,24.0,6.081690140845071,38.7,-121.45,0.904
2.0938,42.0,4.036842105263158,34.0,-118.28,1.192
3.1523,14.0,6.1835443037974684,37.98,-120.23,0.933
2.75,45.0,5.145669291338582,34.02,-118.14,1.783
6.7809,30.0,5.881879194630873,37.88,-122.54,4.144
2.0888,45.0,3.130932896890344,34.1,-118.33,2.375
1.7708,36.0,3.828358208955224,33.97,-118.25,1.026
5.4087,25.0,5.843501326259947,34.26,-119.2,2.232
3.1509,19.0,4.008556759840274,37.28,-121.95,2.429
5.0407,44.0,6.7293868921775895,34.0,-118.34,3.149
5.0453,33.0,5.731808731808732,37.37,-122.04,3.116
4.6042,21.0,5.359523809523809,33.82,-118.2,2.722
2.0583,34.0,4.526104417670683,34.12,-117.3,0.648
4.1098,21.0,4.89532293986637,38.0,-122.6,2.466
1.7514,34.0,2.6601371204701274,34.09,-118.29,1.875
3.9773,33.0,4.716627634660422,37.98,-122.34,1.313
2.3381,12.0,3.7879858657243815,36.82,-119.71,1.125
3.1838,32.0,5.689655172413793,34.09,-117.48,0.986
3.748,18.0,6.213,34.15,-119.23,3.804
4.0452,11.0,3.474464579901153,37.36,-121.85,2.059
4.1678,11.0,5.1171228516868235,33.59,-117.7,1.909
1.2235,52.0,5.144963144963145,38.55,-121.46,0.685
2.5211,46.0,3.6847935548841892,34.11,-118.2,1.629
7.898,23.0,6.665217391304348,33.9,-117.89,2.582
1.9911,40.0,3.697416974169742,34.09,-118.33,2.2
3.4107,13.0,5.15625,32.75,-115.5,1.425
3.4306,18.0,4.826996197718631,32.79,-117.24,2.75
2.5,49.0,4.306603773584905,37.79,-122.22,1.367
3.8409,38.0,5.440329218106996,32.73,-117.22,2.914
6.213,32.0,6.0588235294117645,33.83,-117.98,2.308
1.7411,17.0,4.223577235772358,32.85,-115.57,0.635
3.75,19.0,4.4731457800511505,33.84,-117.95,1.734
4.3523,42.0,5.588652482269503,34.1,-118.06,2.836
3.6953,36.0,4.739130434782608,34.09,-118.33,2.0
6.0928,35.0,6.058479532163743,34.17,-118.57,3.273
2.3375,17.0,4.770818995182381,36.82,-119.76,0.993
2.162,36.0,4.561611374407583,36.06,-119.03,0.519
3.0806,8.0,4.534675615212528,34.08,-117.97,1.424
3.1729,45.0,5.2196428571428575,34.14,-118.08,2.187
5.1057,45.0,5.381578947368421,33.85,-117.97,1.707
2.8906,11.0,7.918918918918919,34.61,-120.09,0.844
3.8897,38.0,5.572916666666667,37.99,-122.04,1.399
2.2583,18.0,7.046728971962617,40.89,-122.31,0.788
2.2684,31.0,2.755134281200632,34.05,-118.3,1.938
4.5484,29.0,5.16,34.23,-118.48,2.399
2.1055,52.0,5.178494623655914,36.76,-119.79,0.613
1.7652,52.0,3.5345211581291758,37.86,-122.25,3.368
2.1036,42.0,5.059859154929577,37.64,-121.02,0.883
6.9909,36.0,6.169590643274854,34.2,-118.32,3.453
3.6894,52.0,4.372964169381108,37.77,-122.43,4.188
2.3917,15.0,5.010060362173038,39.52,-121.36,0.857
5.0483,35.0,4.985915492957746,34.2,-118.56,2.21
2.6429,52.0,3.746031746031746,37.78,-122.23,0.713
2.2391,35.0,5.385416666666667,37.85,-121.3,1.2
2.6042,45.0,4.027027027027027,34.03,-118.16,1.45
2.6146,30.0,5.110204081632653,32.63,-117.08,1.594
7.2972,26.0,7.471343873517786,34.01,-117.14,2.696
2.5208,41.0,5.569672131147541,34.08,-117.32,0.855
2.9647,16.0,7.537023186237846,33.85,-116.53,1.109
3.5385,14.0,5.611510791366906,39.32,-120.94,1.574
3.6597,10.0,5.412935323383085,32.81,-115.58,0.875
2.7667,5.0,4.449197860962567,33.69,-116.25,0.929
2.4205,43.0,4.433962264150943,38.61,-121.46,0.609
3.7222,34.0,4.546134663341646,34.09,-118.08,2.072
4.692,35.0,5.04228855721393,34.17,-118.41,3.309
4.4312,36.0,5.645283018867924,33.8,-118.13,2.26
3.6361,17.0,5.690134529147982,34.02,-117.71,1.577
2.0057,17.0,5.100806451612903,37.97,-120.33,1.189
2.9821,46.0,4.398963730569948,38.55,-121.44,0.97
3.5625,34.0,4.150442477876106,37.36,-121.87,1.945
2.6178,52.0,3.304289544235925,34.08,-118.28,2.031
6.1074,26.0,6.304093567251462,34.21,-118.62,2.586
2.595,29.0,5.635627530364372,37.05,-120.87,1.042
5.635,27.0,6.802721088435374,33.77,-118.03,2.189
5.6396,19.0,5.961136023916293,37.56,-122.25,4.303
5.422,33.0,5.253787878787879,33.77,-118.01,2.041
1.825,50.0,4.841463414634147,33.98,-118.31,1.066
3.455,48.0,5.8830188679245285,38.45,-122.71,2.221
2.0156,47.0,3.6367924528301887,32.68,-117.1,0.903
3.7804,27.0,5.772466539196941,34.69,-118.12,1.135
1.8325,25.0,4.279220779220779,37.37,-118.39,1.058
6.2498,19.0,6.428861788617886,37.64,-122.45,3.533
4.5417,25.0,5.065868263473054,37.65,-122.1,1.944
4.75,20.0,6.1,38.47,-122.66,1.905
5.2809,28.0,6.872727272727273,36.82,-119.82,1.515
6.1133,11.0,7.241887905604719,36.83,-119.68,1.2
1.9511,11.0,4.816326530612245,36.85,-119.79,0.54
5.25,16.0,7.099337748344371,38.0,-121.86,1.617
3.5347,36.0,4.176691729323308,34.27,-118.44,1.581
2.9167,43.0,4.64,34.01,-118.47,4.611
3.599,43.0,5.451263537906137,34.26,-118.3,1.765
1.6444,16.0,3.217506631299735,32.75,-117.1,1.034
3.5441,14.0,5.980535279805353,35.37,-118.87,0.87
2.77,27.0,5.81042654028436,36.65,-119.78,0.684
2.4717,37.0,4.748633879781421,37.77,-120.85,0.771
1.8125,23.0,4.899721448467966,39.77,-121.62,0.935
5.3288,10.0,6.196762141967621,38.07,-122.18,2.018
4.1739,36.0,5.459627329192546,34.09,-117.71,1.587
4.3008,33.0,6.314159292035399,38.02,-121.33,1.364
2.6734,26.0,4.238938053097345,33.97,-118.35,1.434
3.6094,52.0,5.171014492753623,34.17,-118.13,2.615
3.6019,20.0,3.6911392405063292,34.03,-118.41,4.636
4.0037,2.0,7.536463536463536,34.0,-117.58,2.452
2.5909,43.0,5.147208121827411,33.99,-118.32,0.987
3.9758,48.0,4.4186046511627906,37.76,-122.48,3.486
4.5208,5.0,3.5477386934673367,33.99,-118.23,1.65
5.276,23.0,6.845559845559846,33.19,-117.34,2.245
3.35,38.0,4.532915360501567,33.8,-118.27,1.777
3.244,36.0,5.227848101265823,34.09,-118.06,2.581
3.9375,30.0,6.434408602150538,34.54,-120.01,2.929
5.0,28.0,5.434316353887399,34.25,-118.49,2.58
1.9425,36.0,4.002816901408451,32.69,-117.11,0.934
7.457,30.0,6.759595959595959,34.16,-118.63,3.927
2.4688,38.0,4.146825396825397,33.96,-118.21,1.69
5.4074,16.0,7.076923076923077,38.24,-122.03,1.577
2.9097,31.0,4.263852242744063,37.72,-122.15,2.109
3.5603,17.0,4.758079409048938,34.1,-117.8,1.746
2.6923,49.0,3.8093023255813954,34.09,-118.23,1.5
2.4038,46.0,3.6126543209876543,34.07,-118.26,1.817
4.5625,46.0,4.845138055222089,37.97,-122.59,2.752
4.4435,35.0,6.191836734693878,34.14,-117.27,0.976
4.5699,36.0,5.598173515981735,33.92,-118.09,1.708
2.3148,37.0,5.133587786259542,32.75,-117.07,1.542
2.4183,7.0,4.582926829268293,39.16,-121.63,1.038
5.5048,24.0,7.018121911037891,34.28,-119.23,3.036
2.1094,10.0,5.817767653758542,37.96,-120.39,1.64
4.2969,16.0,5.607638888888889,32.91,-117.13,1.512
2.05,11.0,3.571111111111111,32.75,-117.11,1.0
3.6563,14.0,6.032154340836013,36.8,-119.85,0.888
5.6345,18.0,5.6246105919003115,37.33,-121.79,2.31
3.775,40.0,5.7407407407407405,33.94,-118.31,1.538
3.2593,24.0,5.422832980972516,32.98,-115.55,0.808
3.5078,36.0,4.510703363914373,32.83,-117.21,1.66
1.5481,52.0,5.02,39.73,-121.84,2.0
5.2536,13.0,6.35064935064935,38.97,-121.09,1.919
5.1386,42.0,6.01779359430605,32.7,-117.18,4.045
5.2131,5.0,4.898805340829234,33.87,-117.83,2.439
5.9009,52.0,7.2877551020408164,34.18,-118.11,3.76
3.3583,19.0,5.10377358490566,32.87,-115.49,1.028
2.125,24.0,5.127208480565371,37.93,-121.27,0.612
3.7059,17.0,5.199029126213592,33.81,-118.0,1.463
7.6473,17.0,7.891764705882353,37.8,-121.98,3.458
3.5817,30.0,4.982309124767226,37.6,-122.4,3.693
4.9615,34.0,5.351916376306621,33.93,-118.32,1.578
2.425,18.0,5.590625,36.3,-119.26,0.846
3.6125,36.0,4.969957081545064,32.73,-117.08,1.225
1.8438,35.0,4.623853211009174,37.74,-122.18,0.905
3.1086,10.0,7.329696024941543,33.72,-116.26,1.058
1.6901,36.0,4.344827586206897,33.99,-118.26,1.035
6.9405,17.0,7.166666666666667,36.88,-119.71,1.652
3.5164,47.0,5.970639032815199,34.18,-118.14,2.265
1.6458,52.0,4.2924528301886795,38.26,-121.51,0.528
3.6667,50.0,5.422718808193668,37.72,-122.43,2.526
1.0801,28.0,3.2296918767507004,37.62,-121.0,0.75
2.6893,26.0,5.355263157894737,34.45,-119.29,2.308
2.0769,34.0,5.527777777777778,33.94,-118.24,0.883
5.0795,36.0,5.334630350194552,33.81,-118.09,2.433
2.6019,31.0,3.829145728643216,34.42,-119.72,2.5
1.7579,10.0,3.7448006932409013,33.98,-117.34,1.034
4.3611,44.0,5.166253101736973,37.74,-122.5,2.681
7.3023,35.0,6.661710037174721,37.43,-122.11,4.513
2.4219,34.0,4.950177935943061,36.88,-120.29,0.839
3.3836,43.0,5.7414772727272725,33.93,-118.29,1.299
3.1505,9.0,5.6231203007518795,34.46,-117.34,1.02
4.5,30.0,5.533333333333333,38.04,-121.32,0.928
3.2056,7.0,5.564485981308411,34.12,-117.43,1.341
4.1058,30.0,6.368,34.9,-120.43,1.64
3.5445,25.0,3.872651356993737,37.53,-122.28,2.867
3.9667,25.0,5.008988764044944,37.53,-122.04,2.185
4.2775,5.0,6.007339449541284,33.95,-117.25,1.387
2.9554,19.0,8.154545454545454,40.13,-120.71,0.894
2.0972,37.0,3.781045751633987,32.67,-117.09,1.17
2.0764,40.0,3.886262924667651,34.03,-118.18,1.456
4.0473,9.0,5.479078514339445,33.91,-117.23,1.272
4.1128,7.0,5.420091324200913,33.18,-117.19,2.097
5.1645,11.0,5.358267716535433,33.64,-117.67,1.641
3.2171,14.0,3.2843691148775895,34.15,-118.27,2.308
4.1449,37.0,5.769230769230769,33.93,-118.09,1.753
1.7896,23.0,2.2468694096601074,34.06,-118.3,3.222
1.8819,41.0,4.412523020257827,35.37,-118.97,0.58
4.9867,7.0,4.826747720364741,37.51,-122.0,1.817
3.5156,52.0,4.4961832061068705,37.87,-122.28,2.0
1.7038,13.0,2.6158357771260996,34.04,-118.27,1.181
3.9728,12.0,4.938574938574939,37.05,-122.03,1.909
2.1447,43.0,4.4526315789473685,32.79,-117.17,1.333
4.4688,35.0,5.166666666666667,34.24,-118.43,1.825
1.5893,17.0,4.244336569579288,36.07,-119.04,0.52
1.9427,42.0,4.136666666666667,37.78,-122.29,1.022
2.5947,29.0,3.217815741305674,37.34,-121.86,1.773
3.5625,41.0,5.16,38.62,-121.38,1.153
4.9355,34.0,6.5625,34.25,-118.25,3.369
6.6134,4.0,6.560728744939271,37.93,-121.97,3.07
3.125,26.0,4.096774193548387,34.22,-119.19,2.199
1.7197,34.0,4.377777777777778,35.37,-118.97,0.489
3.6974,10.0,4.348530901722391,34.18,-118.29,2.866
2.2222,34.0,4.935064935064935,37.35,-120.61,0.75
3.125,9.0,6.657754010695188,38.94,-122.69,0.934
4.2583,35.0,6.03954802259887,34.17,-119.19,1.873
2.4615,16.0,5.311475409836065,37.86,-120.23,1.375
2.8438,38.0,4.7795275590551185,38.25,-122.04,0.942
5.6629,36.0,5.665116279069768,37.46,-122.23,3.436
5.5842,5.0,6.92914653784219,38.04,-121.35,1.591
2.9306,48.0,5.083950617283951,36.76,-119.81,0.679
5.2898,25.0,6.722007722007722,33.86,-117.56,1.771
3.5036,29.0,5.0,34.07,-117.67,1.234
5.3363,9.0,6.284931506849315,38.01,-121.93,1.608
0.977,40.0,2.3157894736842106,37.81,-122.27,1.188
2.7231,6.0,3.6458100558659217,34.16,-118.37,2.5
5.1312,39.0,4.985074626865671,37.69,-122.15,1.836
2.7679,23.0,3.0386784850926674,34.04,-118.45,2.775
3.0173,19.0,3.639344262295082,34.04,-118.45,3.938
3.2788,29.0,5.2620689655172415,38.01,-121.3,1.0
3.25,38.0,5.978021978021978,40.55,-124.13,0.948
5.2417,36.0,6.005813953488372,37.11,-122.02,1.964
4.0815,36.0,5.837758112094395,33.85,-118.16,2.162
1.7143,16.0,4.851239669421488,37.76,-120.87,1.133
2.0136,13.0,5.309523809523809,34.49,-117.17,0.941
4.1321,32.0,4.975113122171946,33.77,-117.96,2.228
2.871,31.0,3.552677029360967,34.22,-118.46,1.844
3.4509,24.0,4.038664323374341,37.35,-121.82,1.824
3.4472,45.0,4.468629961587708,37.73,-122.4,2.254
1.7411,35.0,5.369158878504673,33.93,-118.23,0.967
5.5137,15.0,4.90443686006826,33.63,-117.73,1.618
2.0579,42.0,4.101604278074866,33.8,-118.18,1.327
2.1875,39.0,5.217391304347826,40.42,-120.65,0.643
5.9449,18.0,6.45979020979021,33.71,-117.94,2.765
5.8948,52.0,7.740088105726873,37.83,-122.24,4.578
1.6632,27.0,4.864457831325301,35.35,-118.99,0.498
6.0677,32.0,6.421824104234528,37.92,-122.3,3.216
2.1009,16.0,4.499565595134666,38.68,-121.31,0.825
2.9554,52.0,5.068119891008174,36.84,-121.4,1.365
5.0286,30.0,6.184375,34.89,-120.43,1.58
4.3482,9.0,5.7924528301886795,35.36,-119.06,0.952
5.7934,27.0,7.25050505050505,33.78,-117.81,2.705
2.2031,22.0,3.8241469816272966,37.35,-121.84,1.64
5.0621,25.0,7.461016949152542,36.59,-121.93,3.865
3.8065,5.0,5.436657681940701,37.69,-121.03,1.46
4.6161,30.0,5.950920245398773,33.75,-117.82,2.365
5.5259,52.0,5.943786982248521,37.33,-121.92,2.958
5.0278,14.0,6.230088495575221,32.99,-116.89,2.109
1.4375,48.0,5.017191977077364,37.75,-122.17,0.9
4.3125,52.0,4.242424242424242,37.74,-122.42,2.43
7.4918,26.0,7.1648522550544325,34.18,-118.65,3.676
2.3566,22.0,5.4966329966329965,39.53,-122.2,0.71
2.9583,23.0,7.121951219512195,38.9,-122.6,0.917
2.0161,11.0,3.82312925170068,34.64,-120.46,1.188
2.8385,42.0,4.514344262295082,34.03,-118.13,1.922
2.7838,19.0,4.640148011100832,32.62,-117.07,1.559
5.477,26.0,6.450413223140496,34.27,-118.68,2.091
2.2969,16.0,5.0,33.64,-117.72,0.675
2.0221,25.0,4.728597449908925,40.45,-122.31,0.604
3.7986,21.0,4.26873857404022,34.14,-118.37,3.677
3.8828,34.0,6.701492537313433,33.82,-117.94,2.154
5.7619,17.0,5.635404454865181,33.88,-118.04,2.973
3.2219,31.0,4.825958702064897,36.51,-121.44,1.147
3.6563,19.0,5.125,38.59,-121.29,0.956
2.9647,11.0,5.180218446601942,38.49,-121.38,1.089
7.8528,9.0,6.009174311926605,34.15,-118.82,3.375
6.8586,21.0,6.876623376623376,38.4,-122.65,3.431
4.4561,28.0,5.464367816091954,37.92,-122.08,2.5
6.2708,22.0,6.3076923076923075,34.22,-118.86,2.514
2.7863,19.0,5.668817204301075,39.79,-121.58,1.086
1.7267,19.0,6.096605744125326,39.92,-120.09,0.607
3.375,30.0,5.800865800865801,37.5,-120.83,1.185
2.7468,14.0,6.500729927007299,41.54,-122.38,0.811
2.025,43.0,4.30327868852459,34.07,-118.12,2.156
3.311,17.0,5.4174174174174174,38.56,-121.33,1.094
2.2303,25.0,3.2417391304347825,33.97,-118.35,1.594
4.2065,15.0,5.68640350877193,32.85,-117.21,2.778
3.1892,25.0,4.037037037037037,34.06,-118.12,2.147
2.5993,33.0,4.1016260162601625,37.6,-121.02,0.68
2.8031,34.0,4.678988326848249,34.07,-117.13,0.869
3.3472,45.0,4.244725738396625,33.87,-117.93,1.68
3.4063,52.0,4.558194774346793,37.75,-122.41,2.539
4.6197,21.0,3.7019328585961344,34.05,-118.46,3.875
2.5523,36.0,3.9307692307692306,34.09,-118.17,1.565
6.3144,28.0,6.921190893169878,35.28,-120.62,3.288
4.2206,29.0,6.639204545454546,38.51,-121.35,1.577
3.225,37.0,4.2845188284518825,34.27,-118.42,1.475
2.3715,18.0,3.421338155515371,37.29,-121.87,2.28
4.0865,30.0,5.132743362831858,33.85,-118.03,2.037
3.3654,15.0,5.356401384083045,34.14,-117.89,2.221
5.0976,34.0,4.325997248968363,33.87,-118.4,4.698
5.5524,52.0,6.129032258064516,34.14,-118.2,2.939
3.8825,10.0,5.235915492957746,38.11,-121.28,1.368
1.7188,45.0,5.008064516129032,37.77,-120.86,1.094
5.0482,45.0,5.80091533180778,34.17,-118.05,3.889
4.125,35.0,5.571428571428571,33.95,-117.39,1.207
2.6635,32.0,4.155629139072848,32.79,-116.97,1.136
2.3333,45.0,5.157894736842105,34.16,-118.4,3.647
3.9375,17.0,5.203647416413374,40.56,-122.45,1.487
2.5488,30.0,3.773170731707317,34.06,-118.11,1.875
3.2112,38.0,4.290676416819013,34.16,-118.31,3.493
3.1078,33.0,5.327073552425665,34.95,-120.42,1.467
2.6319,15.0,4.877729257641922,39.02,-120.83,0.977
7.2592,20.0,7.135294117647059,33.6,-117.67,3.148
1.975,19.0,3.725,32.72,-117.13,1.179
2.5875,28.0,4.236734693877551,33.92,-118.15,1.612
4.7332,22.0,5.669527896995708,33.99,-117.97,2.899
1.1051,32.0,3.901129943502825,33.94,-118.28,0.942
2.9321,14.0,4.778058007566204,34.02,-118.08,1.442
2.8727,25.0,4.365346534653465,34.23,-118.55,2.451
3.125,40.0,5.873267326732673,38.53,-121.49,1.306
2.5125,52.0,3.7231503579952268,37.97,-122.53,2.708
2.8347,34.0,5.835365853658536,34.04,-117.76,1.158
4.8021,22.0,4.94750656167979,37.37,-122.07,4.575
2.9388,37.0,4.335249042145594,34.08,-117.76,1.392
4.7917,36.0,5.1246290801186944,37.56,-122.31,3.16
2.3958,39.0,3.043956043956044,34.14,-118.23,1.75
2.7198,26.0,5.866817155756208,34.89,-117.01,0.704
2.2208,15.0,7.362948960302457,33.68,-116.42,1.383
5.149,16.0,6.851258581235698,32.9,-117.1,1.843
1.2434,52.0,4.3619047619047615,34.02,-118.31,0.984
2.7714,38.0,4.201612903225806,37.95,-122.36,1.047
6.2715,16.0,6.835051546391752,32.9,-117.09,2.551
2.6083,36.0,6.6856060606060606,33.83,-116.56,3.219
4.4408,42.0,4.875379939209727,34.17,-118.35,2.16
3.3553,21.0,5.517515923566879,34.07,-117.45,1.135
4.2083,33.0,5.026162790697675,33.91,-118.32,1.805
3.3375,32.0,4.053864168618267,32.79,-117.16,1.543
2.444,17.0,3.921158487530169,33.71,-116.23,0.9
5.4364,34.0,5.456834532374101,37.61,-122.47,2.793
2.7212,40.0,4.691312384473198,33.89,-118.2,1.079
2.0625,44.0,4.056022408963585,37.01,-121.57,1.703
2.2083,47.0,5.167785234899329,37.5,-120.84,0.973
2.9167,39.0,4.544776119402985,34.03,-118.18,1.458
2.0329,30.0,3.9058380414312617,33.74,-118.29,2.258
2.3314,29.0,4.879049676025918,38.74,-120.81,1.216
1.6571,34.0,4.454976303317536,37.94,-122.35,1.052
2.425,17.0,3.4791271347248576,34.21,-118.43,1.755
3.2151,7.0,3.353846153846154,32.92,-117.14,1.063
5.0066,12.0,3.8,34.13,-119.05,2.75
3.4074,16.0,5.960251046025105,36.8,-119.84,0.727
2.7226,31.0,4.2351190476190474,34.04,-118.38,2.542
1.3096,31.0,3.994041708043694,33.96,-118.29,1.163
2.4922,31.0,5.011811023622047,33.93,-117.43,1.094
2.3661,37.0,7.923566878980892,39.01,-121.47,0.775
5.156,23.0,6.197718631178708,35.27,-120.63,2.513
3.8456,51.0,4.667315175097277,33.83,-118.32,3.189
3.2857,37.0,4.712962962962963,34.12,-117.99,1.301
2.478,16.0,3.838763575605681,33.17,-117.35,1.856
2.25,31.0,3.5585585585585586,34.28,-119.14,0.75
4.2227,30.0,5.698060941828255,38.01,-121.89,1.344
2.8654,52.0,5.342465753424658,37.78,-122.44,2.8
3.8651,18.0,6.436154949784792,38.35,-122.01,1.897
3.8687,11.0,4.663424124513619,32.71,-117.06,1.452
2.1071,52.0,4.228915662650603,34.03,-118.19,1.367
6.0487,15.0,7.616883116883117,38.26,-122.07,1.977
4.6611,16.0,5.840449438202247,36.95,-121.82,3.493
2.9414,20.0,4.6776470588235295,33.77,-117.97,1.622
4.2198,20.0,5.884720327421555,38.56,-121.71,1.641
2.8837,38.0,4.240641711229946,33.83,-118.21,1.761
5.7295,35.0,5.645045045045045,37.28,-122.0,3.461
4.0714,36.0,5.581589958158996,33.85,-118.16,2.156
2.5938,41.0,4.2444444444444445,33.99,-118.47,2.85
4.3438,48.0,5.003846153846154,34.16,-118.27,2.527
4.0505,29.0,5.543835616438356,32.67,-117.06,1.25
3.875,32.0,6.52808988764045,33.86,-118.0,2.03
5.7021,15.0,6.437007874015748,34.0,-117.7,1.931
1.9458,26.0,4.709677419354839,38.42,-122.72,1.46
4.4261,16.0,5.619393939393939,33.74,-117.98,3.047
5.4381,42.0,6.451923076923077,33.98,-118.06,1.869
4.7056,20.0,5.904137931034483,34.03,-117.67,1.655
2.4607,32.0,4.287515762925599,33.97,-118.07,1.556
4.125,37.0,5.525,32.63,-117.06,1.602
4.8661,24.0,6.358455882352941,38.64,-121.28,1.862
3.1875,26.0,3.9218390804597703,34.03,-118.43,3.727
3.5,24.0,5.926470588235294,34.82,-118.93,1.139
3.1028,17.0,5.137254901960785,34.08,-117.48,1.064
3.9643,27.0,4.42512077294686,34.16,-119.18,1.86
3.4509,22.0,5.63575042158516,35.12,-120.6,2.177
2.239,37.0,3.6975524475524475,34.03,-118.18,1.213
2.7909,26.0,5.62993762993763,37.81,-122.37,2.5
2.4821,33.0,3.595808383233533,33.96,-118.15,1.5
7.2137,17.0,8.240663900414937,34.26,-118.79,4.019
2.3224,18.0,3.7112375533428166,34.06,-118.11,1.923
2.6471,16.0,4.0986666666666665,38.58,-121.3,0.907
5.1702,18.0,4.333333333333333,37.76,-122.29,2.654
3.4063,33.0,3.756,33.94,-118.36,1.523
2.9083,32.0,5.586056644880174,37.8,-120.99,1.134
2.8868,37.0,4.784397163120567,37.47,-122.14,1.566
4.4489,16.0,5.966549295774648,38.69,-121.27,1.456
2.71,34.0,4.772388059701493,38.52,-121.46,0.656
5.0662,46.0,6.224056603773585,37.3,-121.89,3.316
6.1648,35.0,5.850574712643678,37.25,-121.96,3.719
2.5804,16.0,3.7257861635220126,37.31,-121.91,2.163
2.0227,10.0,4.270396270396271,36.34,-119.29,0.533
3.7014,24.0,5.493408662900189,38.15,-122.25,1.236
5.1874,42.0,5.934640522875817,33.89,-118.33,2.308
2.0643,14.0,4.2817567567567565,37.51,-120.84,1.065
4.5382,39.0,4.972560975609756,33.92,-118.08,1.657
3.1757,50.0,4.5,34.28,-119.27,2.063
2.78,22.0,4.243542435424354,33.75,-117.96,1.963
2.2141,25.0,4.375757575757576,33.67,-116.18,0.667
2.7562,18.0,4.873479318734793,37.44,-120.76,0.905
2.6613,26.0,5.19,38.49,-121.49,0.777
1.7188,26.0,4.93646408839779,36.98,-120.65,0.495
5.8415,47.0,5.76978417266187,37.3,-121.89,2.833
6.8219,16.0,6.678832116788321,33.69,-117.8,3.255
3.875,36.0,5.408759124087592,35.41,-118.98,0.945
4.4453,42.0,5.336,37.34,-121.96,2.554
2.995,18.0,4.75098814229249,37.81,-121.21,1.243
4.3056,30.0,5.036931818181818,33.81,-118.31,3.36
2.3406,33.0,4.113490364025696,34.07,-117.73,1.226
3.5769,32.0,5.466472303206997,38.71,-121.29,1.038
4.825,45.0,5.426829268292683,34.11,-118.13,3.511
5.0,32.0,6.511392405063291,37.54,-122.01,2.876
2.8929,19.0,5.816199376947041,34.16,-116.44,0.981
2.3403,23.0,4.973626373626374,39.77,-121.6,0.873
2.3935,14.0,4.762195121951219,33.92,-117.89,1.25
2.3804,40.0,3.8720238095238093,33.86,-118.17,1.58
1.9718,32.0,5.5,35.4,-119.47,0.698
2.6535,26.0,3.1676470588235293,33.95,-118.36,1.772
2.5625,16.0,5.459745762711864,34.14,-117.23,1.294
4.1659,36.0,5.887545344619105,37.99,-122.59,3.02
3.5781,35.0,6.246246246246246,36.62,-119.73,0.928
4.2045,16.0,7.266129032258065,36.52,-119.54,1.209
6.2094,16.0,8.197771587743732,34.62,-120.11,4.4
3.2937,25.0,4.746153846153846,36.77,-121.75,1.353
1.8929,38.0,3.6893617021276595,33.98,-118.2,1.631
2.4012,5.0,5.766633565044687,34.71,-118.09,1.594
3.3702,52.0,4.527318932655654,37.77,-122.43,3.357
5.2865,37.0,6.169291338582677,34.18,-118.04,4.554
6.6136,39.0,5.891625615763547,37.43,-122.19,4.728
3.6818,36.0,5.258333333333334,37.33,-121.94,2.576
4.5417,45.0,6.395017793594306,37.19,-121.8,4.345
3.3629,8.0,4.115044247787611,33.75,-117.92,1.375
2.2188,52.0,3.6040100250626566,33.74,-118.29,3.067
5.2598,47.0,6.335106382978723,37.73,-122.48,3.715
2.6976,52.0,4.4335511982570806,38.58,-121.47,1.093
1.4779,44.0,4.900826446280992,35.37,-119.01,0.66
5.7653,21.0,6.196926032660903,37.59,-122.46,3.258
2.2895,10.0,4.345454545454546,36.3,-119.7,0.62
4.4375,37.0,5.6015625,33.94,-118.11,2.449
4.4464,34.0,5.081585081585081,34.17,-118.43,3.531
3.3827,30.0,5.655122655122655,38.3,-122.69,2.921
3.6219,29.0,4.698234349919743,34.11,-117.65,1.766
6.7694,16.0,6.2896825396825395,32.94,-117.25,4.259
5.1039,52.0,5.6280373831775705,37.76,-122.23,2.738
1.475,45.0,3.3065693430656933,37.88,-122.3,1.875
3.175,11.0,5.476415094339623,38.4,-121.35,0.944
4.988,4.0,6.020026702269693,32.95,-117.12,2.637
3.5039,32.0,4.205630354957161,37.65,-122.41,2.324
2.5703,38.0,3.6200980392156863,33.98,-118.18,1.786
2.6523,36.0,5.689655172413793,37.66,-120.91,0.763
2.0057,42.0,4.6208425720620845,33.96,-118.33,1.982
2.4632,24.0,2.7470389170896783,34.07,-118.28,2.167
2.3281,28.0,5.8817733990147785,38.93,-119.98,0.858
2.3929,52.0,4.4714285714285715,37.8,-122.23,1.119
3.4792,30.0,4.532956685499058,33.9,-118.31,1.947
7.5,35.0,6.282296650717703,34.06,-117.9,2.872
2.2917,14.0,6.105590062111801,39.22,-121.24,1.451
4.4038,33.0,5.975929978118162,34.0,-117.96,1.867
3.8625,12.0,5.2063615205585725,37.63,-122.06,2.089
2.4537,35.0,3.9158415841584158,33.89,-118.25,0.915
2.515,34.0,5.319148936170213,38.14,-121.29,1.108
4.2464,16.0,6.0073664825046045,38.7,-121.25,1.444
2.1932,29.0,5.164444444444444,37.53,-120.8,0.906
1.975,26.0,5.282786885245901,36.06,-118.97,0.514
3.5972,26.0,5.0,33.9,-118.14,2.258
4.375,37.0,5.24179104477612,33.82,-118.11,2.182
3.5398,52.0,5.4373522458628845,37.78,-122.2,1.584
4.5833,28.0,6.292117465224111,37.96,-122.0,1.907
2.6548,27.0,3.443396226415094,33.98,-118.22,1.232
6.02,19.0,5.368794326241135,33.87,-118.37,3.042
2.1875,27.0,5.4124293785310735,37.6,-121.04,0.828
3.5562,43.0,5.033846153846154,36.98,-122.0,2.392
2.1793,22.0,4.762331838565022,39.67,-123.5,0.715
3.9613,35.0,5.17312661498708,33.77,-117.9,1.823
2.2321,36.0,5.865671641791045,35.52,-119.28,0.375
3.008,7.0,3.854619565217391,34.15,-118.27,2.29
3.9236,52.0,5.4951644100580275,37.74,-122.48,3.35
3.3008,28.0,3.8535911602209945,33.86,-117.89,1.938
2.8542,52.0,5.457831325301205,38.56,-121.44,1.394
3.1799,35.0,5.656565656565657,34.08,-117.33,0.867
4.5152,14.0,6.478142076502732,38.46,-122.76,1.992
3.0992,9.0,4.3428571428571425,32.56,-117.07,1.426
2.9541,15.0,5.520370370370371,34.71,-117.76,1.067
2.6875,31.0,5.657718120805369,36.72,-119.67,1.538
1.3125,37.0,3.25,34.1,-118.17,1.458
2.4375,41.0,3.8457300275482096,34.08,-118.26,2.033
5.1207,34.0,5.063938618925831,37.53,-122.28,3.109
3.0568,41.0,5.95320197044335,35.38,-118.96,0.856
2.2552,14.0,2.4292929292929295,34.07,-118.28,2.659
2.1667,40.0,4.019047619047619,34.11,-118.19,1.5
5.6356,33.0,5.660899653979238,34.22,-118.62,2.413
4.5427,16.0,3.8632580261593343,37.35,-121.99,1.984
6.1935,6.0,6.275964391691395,35.64,-117.67,1.157
4.6875,26.0,6.359073359073359,32.85,-117.22,2.744
1.3375,18.0,4.567625133120341,39.13,-121.54,0.596
4.2329,5.0,5.734078212290503,34.56,-118.07,1.455
3.4784,32.0,5.223880597014926,32.73,-117.03,1.544
3.3558,27.0,5.461103253182461,37.99,-121.71,1.297
2.0673,18.0,5.413793103448276,36.32,-119.82,0.875
2.1442,52.0,3.9488636363636362,37.34,-121.88,1.889
4.2434,37.0,4.826732673267327,34.03,-118.44,3.31
4.5781,9.0,6.085790884718499,33.18,-117.26,2.256
2.483,20.0,6.2781954887218046,37.81,-122.29,1.375
3.1771,15.0,6.549668874172186,37.5,-119.8,1.219
4.4688,43.0,5.353246753246753,37.45,-122.18,4.602
2.5652,52.0,4.727987421383648,37.86,-122.28,1.577
4.1742,17.0,5.082224909310762,36.72,-121.64,1.599
7.5,50.0,6.127348643006263,37.84,-122.22,2.952
4.3281,52.0,5.3812154696132595,36.62,-121.92,2.365
2.6875,16.0,5.022900763358779,35.1,-120.6,1.782
1.8431,25.0,4.462025316455696,36.95,-120.02,0.539
2.1548,23.0,3.696485623003195,32.61,-117.09,1.188
1.9122,38.0,4.379052369077307,39.15,-121.58,0.555
2.7656,5.0,6.15,37.96,-121.32,0.5
4.1917,38.0,4.776699029126213,33.77,-117.95,1.818
4.535,19.0,5.574534161490683,33.86,-118.03,2.893
3.75,37.0,5.625310173697271,34.08,-117.33,0.952
5.5127,34.0,5.567049808429119,37.25,-121.95,2.682
1.5515,37.0,3.9106796116504854,37.62,-120.99,0.541
3.2727,25.0,4.395770392749244,37.3,-121.94,2.625
4.1189,42.0,5.83989501312336,38.01,-122.12,1.724
2.7222,24.0,5.212795549374131,36.8,-119.77,0.831
3.6375,25.0,4.2387543252595155,34.16,-118.37,2.625
5.3649,32.0,6.399239543726236,33.88,-117.92,2.436
4.0352,34.0,5.273684210526316,38.67,-121.34,1.185
3.6449,32.0,5.8828125,37.97,-122.01,2.115
1.7472,25.0,4.594017094017094,32.6,-117.06,0.946
3.0958,49.0,4.034246575342466,34.1,-118.28,2.109
4.15,14.0,6.517578125,33.23,-117.08,2.722
4.2071,14.0,3.9169288860918816,33.67,-117.92,4.309
1.4821,20.0,6.36,36.57,-118.65,1.433
2.2813,17.0,3.677242888402626,33.98,-118.15,1.456
3.0742,23.0,6.2025931928687195,35.27,-119.5,0.579
3.069,20.0,5.2378318584070795,33.73,-116.96,0.87
2.8312,16.0,4.516050878255602,34.19,-118.6,2.139
3.7167,17.0,5.034129692832765,32.8,-117.05,1.804
3.6287,4.0,3.9006226053639845,32.86,-117.22,2.808
1.4,20.0,5.9301533219761495,34.52,-116.9,0.777
2.3833,24.0,5.643382352941177,39.59,-121.74,0.951
6.0256,28.0,5.942760942760943,34.44,-119.85,2.768
3.2957,35.0,4.7706855791962175,34.1,-117.96,1.416
3.5,49.0,4.780793319415449,39.44,-123.79,1.133
1.6823,21.0,4.261904761904762,39.13,-121.61,0.838
2.6528,45.0,4.154285714285714,34.03,-118.45,3.0
2.0205,33.0,3.0537918871252203,34.09,-118.36,2.438
3.0652,24.0,5.415322580645161,39.1,-123.34,1.311
6.7196,23.0,7.158045977011494,32.79,-117.04,3.068
1.4375,17.0,2.4814814814814814,32.75,-117.1,0.964
2.2393,16.0,5.409259259259259,33.31,-116.95,1.17
2.0833,27.0,5.088235294117647,33.52,-114.57,0.45
3.7969,40.0,4.714285714285714,37.74,-122.5,2.978
3.6875,16.0,5.7612903225806456,37.79,-120.83,1.219
2.0575,21.0,4.901353965183753,35.41,-119.02,0.67
4.6304,39.0,5.038961038961039,37.32,-121.95,2.632
4.218,52.0,5.396761133603239,37.78,-122.48,3.938
4.5615,14.0,6.242718446601942,34.56,-118.08,1.372
3.0,25.0,5.271084337349397,36.8,-119.71,0.728
2.1734,34.0,4.6223776223776225,33.91,-118.23,0.882
3.6167,29.0,3.186147186147186,33.92,-118.35,2.0
5.2736,35.0,6.009732360097324,33.93,-118.03,1.795
2.4474,19.0,5.20042643923241,36.45,-119.86,0.756
6.6437,25.0,7.331775700934579,37.28,-121.97,2.961
2.9452,17.0,5.12933025404157,38.61,-121.27,1.156
6.3406,41.0,7.601769911504425,38.58,-121.39,4.483
2.1553,37.0,4.255287009063444,36.98,-122.03,2.554
2.5185,36.0,4.03728813559322,33.93,-118.2,1.388
6.1237,7.0,6.229007633587786,38.01,-121.92,1.66
1.9866,30.0,3.7868217054263567,34.19,-118.38,1.774
4.4699,16.0,3.7302904564315353,37.36,-122.03,3.674
2.3958,33.0,4.941309255079007,34.6,-118.12,0.945
5.7248,39.0,7.679775280898877,36.55,-121.91,3.988
7.7197,4.0,6.153846153846154,33.89,-117.42,1.938
4.3036,35.0,5.699059561128527,33.88,-118.32,2.821
4.7143,14.0,5.757575757575758,38.94,-121.07,1.507
2.1818,46.0,5.511784511784512,35.37,-119.04,0.753
6.6828,52.0,7.353174603174603,37.89,-122.26,3.709
1.5635,17.0,3.4126506024096384,37.29,-120.48,0.604
4.7431,35.0,4.621730382293762,37.39,-122.02,2.397
2.4848,35.0,4.760416666666667,35.36,-118.96,0.54
4.4271,28.0,5.743055555555555,36.86,-121.73,1.757
3.443,18.0,4.731107205623902,33.99,-117.9,1.719
2.4728,18.0,5.3494055482166445,36.74,-119.71,0.883
5.9567,35.0,6.092651757188499,37.33,-121.98,2.943
4.9375,15.0,5.888213851761847,32.94,-117.13,1.804
4.125,36.0,5.5875,34.08,-117.93,1.858
5.2289,41.0,5.569105691056911,37.87,-122.25,3.846
3.745,42.0,5.059113300492611,33.98,-118.35,1.708
7.745,4.0,7.508064516129032,33.1,-117.23,2.374
2.2574,23.0,6.018229166666667,36.63,-118.18,1.047
7.9283,13.0,7.703016241299304,33.59,-117.69,3.481
2.66,29.0,3.825046040515654,34.01,-118.1,1.892
2.3,40.0,3.818840579710145,34.17,-118.14,1.467
5.0406,6.0,6.016166281755196,37.61,-122.08,2.614
5.7528,27.0,6.437357630979498,37.32,-122.04,4.314
3.4083,34.0,4.7282229965156795,33.98,-118.1,1.567
4.8194,37.0,4.98989898989899,38.63,-121.37,1.411
2.9722,33.0,4.38288920056101,33.99,-118.45,3.25
4.4643,35.0,5.710059171597633,38.6,-121.36,1.33
1.5347,31.0,4.987068965517241,37.96,-122.36,0.804
2.6165,34.0,4.593167701863354,33.89,-118.24,1.009
2.7824,29.0,4.504566210045662,34.06,-118.38,4.5
2.5673,48.0,5.266187050359712,34.06,-117.33,0.682
4.8316,33.0,5.617063492063492,34.26,-118.5,2.373
2.0754,39.0,4.0777777777777775,33.97,-118.27,1.014
3.225,37.0,5.139841688654354,33.96,-118.04,1.54
4.5625,25.0,5.5046728971962615,37.6,-120.86,1.336
4.369,34.0,4.96875,33.96,-118.08,1.654
3.6912,52.0,4.970588235294118,37.84,-122.25,2.611
4.3839,26.0,4.718518518518518,34.16,-118.46,2.991
7.105,13.0,5.942959001782532,37.39,-121.88,2.739
3.375,36.0,5.162162162162162,33.71,-117.86,1.575
2.535,37.0,4.723214285714286,37.68,-122.1,1.74
3.5938,34.0,4.582633053221288,33.9,-118.02,2.099
3.4031,15.0,5.286796536796537,38.3,-122.47,2.095
4.875,19.0,6.024137931034483,32.8,-116.86,1.872
4.1484,10.0,4.791907514450867,35.3,-119.03,1.029
5.2489,14.0,6.025862068965517,32.63,-117.03,2.137
4.0129,17.0,4.059233449477352,37.34,-122.03,3.424
1.4792,37.0,4.414965986394558,33.95,-118.24,0.975
3.5391,30.0,5.229468599033816,37.75,-119.55,0.559
2.3182,23.0,3.6525974025974026,32.98,-117.09,2.688
2.5331,31.0,4.096676737160121,33.11,-117.08,1.151
0.9614,28.0,5.3,37.9,-121.28,0.557
2.0357,30.0,3.2578512396694217,33.98,-118.22,1.699
2.5882,33.0,4.144981412639405,32.75,-117.19,2.583
3.38,28.0,4.064233576642335,37.58,-122.33,2.854
