MedInc,HouseAge,AveRooms,Latitude,Longitude,target
6.2187,37.0,6.250922509225092,33.81,-118.11,2.579
5.4088,39.0,6.543165467625899,34.18,-118.56,4.573
2.625,40.0,4.192592592592592,33.98,-118.18,2.063
4.5769,32.0,6.34113712374582,34.48,-117.96,1.594
2.125,38.0,3.7598647125140925,34.0,-118.28,1.188
3.6181,34.0,6.446902654867257,36.96,-120.07,0.965
2.4677,49.0,3.7938553022794848,34.09,-118.28,2.192
1.9286,38.0,2.7142857142857144,34.08,-118.29,1.375
3.2049,25.0,4.530254777070064,33.88,-118.36,2.674
2.2165,32.0,4.395397489539749,35.3,-120.67,2.317
1.4464,17.0,5.431034482758621,37.65,-120.46,0.792
3.9356,4.0,4.622317596566524,32.86,-117.2,2.67
3.3611,23.0,5.326923076923077,37.63,-122.06,1.692
2.2083,52.0,4.107438016528926,34.03,-118.21,1.463
3.35,23.0,5.582491582491582,39.7,-122.18,0.854
2.9542,15.0,6.074581430745814,33.85,-117.3,1.279
2.2357,30.0,5.152406417112299,40.5,-124.1,0.723
3.0469,20.0,5.656,39.74,-122.16,0.85
2.0708,28.0,6.3710407239819,38.92,-119.98,0.896
3.7917,23.0,5.624423963133641,34.63,-120.47,1.422
3.2083,46.0,5.531468531468532,33.99,-118.33,1.496
1.4329,21.0,3.0577617328519855,33.93,-118.28,0.941
5.3146,33.0,5.201183431952662,33.92,-118.09,1.686
6.9935,22.0,6.9826451226810295,34.14,-118.82,3.855
2.1944,33.0,4.567415730337078,33.93,-117.93,1.396
2.1571,47.0,4.446428571428571,34.03,-118.3,1.479
6.1592,46.0,6.889361702127659,37.75,-122.47,3.817
3.6645,16.0,6.014018691588785,38.47,-121.13,2.034
5.7819,19.0,6.178885630498534,38.5,-122.63,2.656
0.844,26.0,3.6835664335664338,34.03,-118.28,3.5
3.6953,14.0,4.877419354838709,38.66,-121.36,1.161
2.5389,47.0,5.346072186836518,38.54,-121.44,0.757
5.3886,23.0,5.933760683760684,33.71,-118.02,3.319
3.75,18.0,5.7538644470868014,38.5,-122.79,2.483
3.8393,35.0,5.5688775510204085,37.72,-122.13,2.435
5.4847,36.0,5.735562310030395,34.17,-118.59,2.96
2.7368,29.0,5.181034482758621,38.49,-121.5,0.782
6.1185,26.0,7.069343065693431,38.66,-121.19,1.792
3.5288,42.0,5.31960049937578,36.66,-121.65,2.21
3.5938,44.0,5.047970479704797,33.92,-118.16,1.613
4.75,37.0,5.235632183908046,37.33,-121.94,2.511
4.7731,34.0,5.837777777777778,33.78,-117.94,1.992
3.7083,52.0,4.3585313174946005,37.76,-122.5,3.077
4.2015,52.0,4.163021868787276,37.8,-122.4,4.125
2.0347,20.0,6.64,33.49,-115.84,0.689
1.5625,33.0,3.623456790123457,36.61,-119.53,0.558
2.6667,36.0,5.092356687898089,38.43,-122.75,1.491
5.359,16.0,8.116279069767442,32.97,-116.67,1.938
2.4375,19.0,6.0368663594470044,36.54,-119.84,0.782
4.5263,33.0,6.552380952380952,33.79,-117.99,1.69
3.3107,26.0,5.0552147239263805,33.74,-116.22,0.694
5.5057,32.0,6.007042253521127,38.09,-121.35,1.472
5.6965,25.0,6.144244105409154,37.42,-121.87,2.611
4.4432,35.0,5.322077922077922,34.23,-118.43,1.815
6.213,50.0,6.866666666666666,34.21,-118.23,2.85
5.5681,15.0,6.359848484848484,34.17,-118.94,2.356
1.767,15.0,4.436893203883495,36.59,-119.43,0.633
3.851,16.0,6.912408759124087,35.17,-120.43,3.15
6.3364,48.0,6.467576791808874,33.84,-118.13,3.074
5.9339,15.0,6.361313868613139,33.51,-117.64,2.86
3.2216,36.0,5.319796954314721,36.92,-121.76,2.383
1.9779,49.0,4.971731448763251,33.99,-118.32,1.142
3.7784,25.0,5.928571428571429,32.95,-117.02,1.601
2.3006,23.0,5.0817460317460315,36.76,-119.72,0.69
4.5221,16.0,6.125,37.22,-121.77,1.911
2.3056,29.0,4.903726708074534,33.95,-118.27,0.985
1.5642,15.0,4.403292181069959,36.62,-119.32,0.515
2.3783,28.0,5.023684210526316,37.68,-121.04,0.814
4.7083,15.0,7.918057663125948,38.68,-121.09,2.133
3.1235,17.0,3.600263852242744,34.04,-118.46,4.208
3.8668,45.0,5.460949464012251,34.18,-118.34,2.32
3.2167,17.0,5.473214285714286,34.64,-120.45,1.125
2.7993,37.0,4.422062350119904,37.47,-122.15,1.455
3.6625,22.0,5.747474747474747,39.75,-121.87,1.266
2.7917,34.0,4.4366925064599485,38.55,-121.73,1.308
3.1406,40.0,4.341145833333333,34.05,-118.31,4.176
2.3792,19.0,5.1875,36.1,-118.93,0.9
3.0573,38.0,4.757363253856942,38.07,-122.55,3.508
5.0155,19.0,5.468208092485549,38.68,-121.47,0.973
5.208,46.0,6.09480122324159,37.11,-122.11,2.068
5.2831,52.0,5.4909560723514215,37.33,-121.92,2.995
5.1674,20.0,5.154491017964072,37.35,-122.0,3.33
2.1023,12.0,4.119906868451688,33.94,-117.45,1.037
1.7567,8.0,4.4851729818780885,34.59,-117.42,0.695
6.516,32.0,7.515151515151516,37.92,-122.29,4.01
7.5197,42.0,4.24,38.22,-122.28,2.75
5.6163,33.0,6.419148936170213,34.19,-118.64,2.484
3.0139,39.0,5.175732217573222,36.63,-119.68,0.653
3.7188,8.0,5.010213277260439,38.62,-121.5,1.345
4.1603,17.0,4.3907284768211925,33.7,-117.98,1.605
5.8659,52.0,6.399317406143345,34.11,-118.31,4.333
5.0092,24.0,6.487804878048781,37.97,-121.97,2.441
4.1103,8.0,5.385964912280702,33.65,-117.83,2.504
2.6607,16.0,6.151468315301391,32.82,-117.11,1.75
5.7396,16.0,6.653846153846154,36.97,-121.59,3.087
2.7243,31.0,4.114942528735632,37.91,-122.31,2.181
4.207,42.0,5.30609597924773,37.64,-122.43,2.727
2.1542,27.0,3.182142857142857,32.66,-117.1,1.063
3.1103,20.0,6.618497109826589,37.32,-121.95,2.819
1.9309,31.0,3.8973029045643153,33.94,-118.33,1.375
2.0817,43.0,3.3198924731182795,34.01,-118.27,1.133
6.314,9.0,8.146896127842655,38.7,-121.06,2.289
6.2452,21.0,7.365714285714286,33.93,-117.91,2.917
3.9766,8.0,5.6284329563812605,34.53,-117.9,1.358
3.5,9.0,5.050153531218014,36.92,-121.77,1.948
2.1658,29.0,5.777448071216617,39.5,-121.58,0.576
2.918,39.0,3.8917378917378915,34.0,-118.46,3.456
6.2247,36.0,6.088737201365188,33.82,-118.36,3.39
2.3365,34.0,4.46606334841629,33.95,-118.27,0.98
1.9152,44.0,2.7183811129848228,34.05,-118.3,1.156
4.0096,5.0,5.061293984108967,34.04,-117.69,1.826
3.8292,36.0,6.694980694980695,34.15,-117.28,1.222
1.6307,35.0,2.962686567164179,37.86,-122.26,2.536
5.8779,17.0,5.155979202772963,37.35,-122.02,3.622
3.7036,52.0,5.11353711790393,37.77,-122.49,3.692
2.2339,45.0,4.712025316455696,33.99,-118.31,1.048
3.1815,19.0,4.677839851024209,36.93,-121.79,1.891
4.2421,43.0,5.8355263157894735,37.69,-122.48,2.575
2.4632,39.0,3.9923273657289005,34.09,-118.21,1.442
3.6848,33.0,4.819875776397516,32.74,-117.04,1.407
1.8382,40.0,3.850152905198777,34.02,-118.26,1.264
4.7105,22.0,6.5,38.46,-122.85,2.662
4.2059,24.0,6.069620253164557,34.05,-117.17,1.215
2.1524,21.0,5.548109965635739,40.29,-121.23,0.771
6.5116,16.0,6.157303370786517,37.58,-122.07,2.443
3.5968,12.0,5.841346153846154,38.49,-121.4,1.063
4.5655,35.0,5.670807453416149,34.1,-117.9,1.766
3.7697,13.0,5.528662420382165,36.79,-119.69,0.836
4.8304,25.0,6.46455223880597,34.12,-117.84,2.289
3.45,14.0,5.794871794871795,39.02,-122.99,1.641
4.5,33.0,5.5311004784688995,37.97,-122.32,1.566
2.6957,23.0,3.667953667953668,34.2,-118.48,1.917
2.8649,17.0,4.223300970873787,33.89,-117.97,1.375
5.3096,47.0,5.588095238095238,33.81,-118.2,2.099
2.6343,14.0,4.696308724832215,37.73,-120.93,0.815
1.9076,32.0,3.7895752895752897,36.71,-119.55,0.558
3.4583,43.0,5.599264705882353,37.7,-122.13,1.837
3.5652,14.0,6.838983050847458,39.32,-120.17,1.198
3.7614,37.0,3.9411764705882355,34.0,-118.43,3.143
2.375,37.0,4.1440677966101696,32.79,-117.25,3.404
2.2639,15.0,3.845528455284553,36.82,-119.72,0.525
3.6141,32.0,4.738666666666667,34.16,-118.53,2.906
3.5972,26.0,5.285714285714286,33.78,-117.88,1.875
4.775,52.0,6.535603715170279,38.11,-122.24,1.482
5.0942,35.0,5.0,37.37,-121.98,2.175
4.0,16.0,5.145748987854251,33.66,-117.8,2.234
4.0709,13.0,6.119891008174387,38.69,-120.7,1.517
1.4598,40.0,4.62953995157385,35.42,-119.02,0.526
3.6572,26.0,4.160797342192691,34.14,-118.1,2.132
1.8224,44.0,3.7506702412868633,34.04,-118.2,1.438
5.7837,49.0,6.137037037037037,37.59,-122.38,3.781
4.55,28.0,6.037356321839081,33.92,-117.5,1.468
1.6318,19.0,4.403536977491961,32.75,-117.09,1.177
1.7104,33.0,4.2091690544412605,37.61,-121.02,0.59
3.2206,40.0,5.777292576419214,33.94,-118.31,1.458
3.1827,31.0,5.771653543307087,38.02,-121.33,1.621
2.125,39.0,4.096153846153846,34.03,-118.37,1.964
3.6964,28.0,4.7896825396825395,37.96,-122.04,1.657
3.6953,14.0,4.148308135349172,37.32,-121.84,1.926
1.6971,52.0,4.173469387755102,37.88,-122.3,1.388
3.4227,26.0,3.748283752860412,34.11,-118.19,1.438
3.0854,39.0,5.344969199178645,34.11,-118.06,2.487
4.0156,35.0,6.1953125,33.93,-117.41,0.893
3.0635,8.0,3.4807121661721068,33.75,-117.91,1.6
3.5094,11.0,3.6559485530546625,33.84,-118.29,1.629
2.0865,40.0,5.2288557213930345,34.64,-120.45,1.115
5.2655,28.0,5.532028469750889,33.72,-117.98,2.431
3.6806,22.0,4.666666666666667,33.76,-117.84,2.194
3.3955,19.0,3.524737631184408,34.02,-118.41,2.25
7.611,5.0,6.8557763061074315,37.72,-122.24,3.507
6.3064,17.0,5.359765051395008,33.77,-118.38,4.183
4.0391,15.0,6.297709923664122,32.72,-116.99,1.695
1.8242,18.0,5.945859872611465,41.95,-122.64,0.535
2.3952,52.0,5.477832512315271,36.76,-119.8,0.784
3.1667,36.0,5.560640732265446,38.53,-121.43,0.819
1.4044,35.0,4.659147869674185,36.97,-120.06,0.617
5.3345,4.0,7.209251101321586,38.16,-122.14,1.761
1.852,40.0,3.9678638941398865,34.0,-118.27,1.015
3.3125,19.0,4.421459227467811,37.97,-122.33,1.588
7.0175,37.0,6.982954545454546,37.82,-122.2,3.667
3.4013,52.0,4.613157894736842,38.61,-122.86,1.833
6.2683,16.0,5.882882882882883,32.99,-117.06,1.807
4.3111,3.0,7.219685039370079,33.84,-116.47,1.425
1.8333,40.0,5.037037037037037,37.95,-122.36,0.698
2.4375,15.0,4.851926977687627,33.22,-117.32,1.089
3.9861,34.0,5.121495327102804,34.09,-117.93,1.639
2.625,47.0,3.6556016597510372,37.78,-122.21,1.113
3.5551,30.0,4.712737127371274,33.71,-117.88,1.852
2.879,52.0,3.737864077669903,37.77,-122.42,4.5
5.9632,36.0,5.8986175115207375,33.99,-118.4,3.281
4.095,36.0,5.407166123778501,34.24,-118.44,1.84
5.5376,42.0,7.0,38.04,-121.22,2.125
2.6862,19.0,3.9668141592920354,33.93,-118.13,1.958
3.5352,17.0,6.228540772532189,35.14,-120.7,3.578
3.9219,38.0,4.77020202020202,34.08,-118.08,2.052
6.5308,27.0,7.209821428571429,33.76,-117.82,2.878
7.5402,13.0,8.393103448275863,33.08,-117.25,3.403
3.8333,36.0,5.644314868804665,32.79,-117.09,1.7
5.2463,16.0,5.95703125,32.96,-117.12,1.563
6.623,30.0,6.8671875,37.3,-121.94,3.325
2.8681,12.0,4.27751756440281,33.9,-118.17,1.142
3.6321,40.0,4.865874363327674,37.91,-122.3,2.091
4.3906,26.0,5.649484536082475,38.31,-122.72,2.48
6.0689,19.0,6.7318181818181815,33.61,-117.68,2.48
4.0846,52.0,4.821316614420063,37.74,-122.47,3.336
3.1397,45.0,5.744744744744745,37.64,-120.98,1.107
1.8937,21.0,3.7345299952763344,32.8,-116.94,1.098
3.2226,11.0,4.927272727272728,35.32,-120.83,1.832
4.3173,32.0,5.850948509485095,38.03,-122.36,1.754
2.2115,20.0,7.768115942028985,40.88,-123.53,0.75
3.9464,9.0,4.675257731958763,34.14,-117.96,1.796
3.3438,13.0,3.9222972972972974,33.69,-117.8,3.333
7.5286,24.0,6.627118644067797,34.06,-117.85,4.627
4.9489,45.0,6.102739726027397,37.75,-122.24,2.471
3.7895,52.0,5.95,33.82,-118.18,2.54
4.9091,6.0,4.94017094017094,34.07,-117.38,1.224
5.7984,20.0,7.1869565217391305,38.28,-122.45,2.976
4.1429,39.0,4.732793522267206,34.19,-118.41,2.0
3.8125,36.0,3.3142857142857145,34.0,-117.92,1.363
5.5196,45.0,5.444444444444445,33.83,-118.13,2.276
6.5437,14.0,6.9015486725663715,33.9,-117.78,2.682
5.5918,20.0,6.193846153846154,33.9,-117.85,2.605
4.0417,25.0,4.911931818181818,37.53,-122.33,4.585
4.3807,23.0,4.922137404580153,37.41,-121.88,2.269
3.6296,16.0,3.616842105263158,34.2,-118.61,1.609
4.1276,13.0,4.429936305732484,33.81,-118.0,1.538
7.6917,32.0,7.179841897233201,37.88,-122.17,4.018
3.5156,31.0,6.019950124688279,40.85,-124.05,1.43
2.9821,32.0,6.576923076923077,38.02,-121.27,1.55
2.3882,21.0,5.625766871165644,36.16,-119.35,0.492
2.9861,28.0,4.593253968253968,33.87,-117.9,2.186
3.0357,33.0,4.359756097560975,34.08,-118.09,2.06
4.7094,14.0,5.2707296849087895,37.92,-122.05,2.347
4.15,20.0,5.708860759493671,37.74,-121.4,3.224
2.1864,29.0,4.031626506024097,38.43,-122.73,1.432
6.9408,52.0,5.3125,34.16,-118.24,2.988
3.8788,20.0,5.140068886337543,37.13,-121.66,2.269
1.15,52.0,4.88,38.05,-121.3,1.125
3.7326,35.0,5.425661914460285,33.97,-118.09,1.643
3.4208,22.0,3.929368029739777,33.87,-118.36,2.9
5.6426,35.0,6.745945945945946,33.85,-118.35,3.482
3.3281,7.0,5.010462074978204,34.15,-117.31,1.222
7.3878,15.0,7.6875,33.54,-117.71,3.183
4.15,46.0,4.03921568627451,37.42,-122.14,2.65
6.9961,5.0,7.294360385144429,37.97,-122.09,2.941
5.1675,52.0,6.398692810457517,37.89,-122.29,2.706
2.6913,52.0,4.630985915492958,34.07,-117.64,1.083
7.4787,33.0,6.7910135841170325,37.5,-122.28,4.313
1.5854,42.0,2.137089991589571,34.06,-118.26,0.875
2.7578,46.0,4.476190476190476,33.98,-118.03,2.368
4.8125,21.0,7.02710843373494,38.07,-121.18,1.611
2.3382,11.0,5.568548387096774,33.96,-116.48,0.894
2.9511,17.0,3.5869336143308748,34.14,-118.14,2.823
2.6369,5.0,5.381526104417671,38.65,-121.45,1.1
3.7344,47.0,6.219101123595506,33.99,-118.34,1.794
2.4167,52.0,5.002227171492205,37.85,-122.28,1.527
3.2188,39.0,2.0434782608695654,33.99,-118.21,1.125
2.7353,17.0,5.348148148148148,34.27,-118.47,1.924
2.4653,34.0,5.466666666666667,37.35,-120.6,0.661
3.4643,28.0,4.173469387755102,37.74,-121.13,0.909
1.8413,28.0,5.041958041958042,39.1,-121.57,0.623
5.2773,21.0,6.303262955854127,34.23,-119.03,2.508
3.8732,21.0,3.668500687757909,37.38,-122.03,2.524
5.8904,24.0,6.651840490797546,37.23,-121.86,2.714
5.5622,43.0,5.93900481540931,37.73,-122.44,3.136
4.5192,52.0,5.582781456953643,34.06,-118.37,4.46
2.6238,25.0,3.7659783677482794,34.18,-118.43,2.1
3.5,33.0,4.48,33.84,-118.29,1.83
1.3971,11.0,4.217821782178218,34.04,-118.16,1.344
4.016,47.0,4.743131868131868,37.93,-122.42,2.745
3.0,13.0,6.177285318559557,37.49,-119.9,1.12
2.7917,8.0,4.9414556962025316,34.46,-117.3,0.982
1.2024,36.0,5.749034749034749,38.04,-121.9,0.902
4.7679,28.0,6.899598393574297,32.81,-117.18,2.04
4.4732,25.0,4.712616822429907,33.68,-117.92,2.456
5.3644,36.0,6.305220883534137,37.63,-122.09,1.688
6.5576,38.0,7.601823708206687,37.91,-122.28,3.585
5.7907,20.0,6.408260524225576,37.67,-121.77,2.642
3.1796,30.0,5.126074498567335,37.68,-122.06,1.703
3.163,26.0,4.267241379310345,34.27,-118.71,1.794
4.2188,26.0,6.534883720930233,39.12,-121.62,0.942
3.1222,13.0,4.231958762886598,36.33,-121.24,1.255
1.4812,39.0,5.42483660130719,36.39,-119.23,0.535
2.3507,12.0,5.531073446327683,39.82,-121.59,0.976
4.9464,26.0,5.689655172413793,37.54,-122.04,2.238
4.0132,14.0,6.27327935222672,40.64,-122.08,1.412
2.6953,36.0,3.4020356234096694,33.93,-118.21,1.21
2.5804,25.0,5.213197969543147,35.27,-119.07,0.979
4.3,34.0,5.990066225165563,37.33,-121.94,3.305
7.1425,18.0,6.75632183908046,33.89,-117.98,3.937
1.9908,33.0,4.491048593350383,38.61,-121.4,1.188
4.2263,21.0,6.5606936416184976,33.94,-117.53,2.032
2.3253,14.0,4.239731768650461,32.57,-117.1,1.337
4.3909,52.0,5.60091743119266,37.74,-122.49,3.177
3.1034,29.0,4.597222222222222,34.11,-117.95,1.408
2.1061,16.0,4.638151425762045,37.39,-120.59,0.728
2.5333,43.0,5.9753086419753085,37.72,-122.47,2.393
4.1607,24.0,5.22680412371134,38.69,-121.25,1.128
1.8462,25.0,4.545045045045045,35.95,-119.04,0.558
5.0596,38.0,5.376413570274637,33.93,-118.41,3.639
3.875,37.0,4.79253112033195,34.07,-118.17,1.485
4.0217,9.0,5.804577464788732,36.09,-119.05,0.992
2.809,20.0,4.305135951661631,33.9,-118.15,1.446
3.2176,16.0,4.22671568627451,34.17,-118.84,1.875
7.7313,17.0,6.793478260869565,33.69,-117.96,3.167
3.2415,32.0,5.230235783633842,38.44,-122.67,1.722
3.875,27.0,6.285714285714286,38.14,-121.29,1.274
2.6842,11.0,5.746730083234245,39.13,-121.65,0.891
4.0529,17.0,5.643026004728132,35.34,-119.05,1.062
1.5057,42.0,4.314655172413793,32.7,-117.1,0.863
1.7019,26.0,4.326315789473684,33.75,-117.87,3.5
5.0877,26.0,6.097058823529411,33.46,-117.66,2.881
5.8399,16.0,5.589285714285714,33.63,-117.71,2.206
5.5701,34.0,7.170616113744076,37.76,-122.14,2.528
1.4886,15.0,3.104761904761905,34.06,-118.26,1.75
3.038,12.0,5.912820512820513,33.57,-116.87,1.281
4.2165,15.0,4.962085308056872,33.67,-117.99,2.346
2.4779,21.0,3.727272727272727,32.75,-117.23,1.65
4.9886,8.0,7.050669772859639,33.98,-117.47,1.581
1.9659,50.0,4.333333333333333,34.06,-117.64,0.857
4.05,35.0,4.94006309148265,34.12,-117.89,1.413
2.178,17.0,5.111301369863014,40.59,-124.14,0.768
1.4729,32.0,4.4541176470588235,36.34,-119.31,0.541
1.8723,46.0,5.044943820224719,36.73,-119.76,0.526
2.1494,37.0,4.479923518164436,37.79,-122.22,1.325
3.4345,37.0,4.486486486486487,33.76,-117.88,2.355
4.9926,40.0,4.787878787878788,37.71,-122.41,2.139
4.5032,11.0,6.3,39.82,-121.87,1.597
4.875,26.0,6.9,33.96,-118.37,1.75
3.2042,11.0,5.852713178294573,36.07,-119.07,0.762
3.9792,42.0,5.263513513513513,34.19,-118.41,1.938
5.1498,35.0,7.256130790190736,37.71,-122.09,2.664
1.5972,34.0,2.510250569476082,34.05,-118.29,1.688
2.7593,23.0,4.391117478510028,34.34,-119.08,1.948
4.3676,28.0,6.392857142857143,34.18,-117.3,1.111
2.6563,36.0,3.072607260726073,33.86,-117.93,1.55
2.8372,26.0,5.955523672883787,32.71,-117.07,1.234
3.636,9.0,5.994983277591973,38.11,-120.91,1.331
5.3559,36.0,5.666666666666667,34.07,-117.93,2.073
2.75,24.0,3.5291073738680465,33.92,-118.35,2.397
2.7868,15.0,5.338129496402877,38.7,-121.33,1.178
3.6995,38.0,5.288503253796096,34.1,-118.06,2.601
3.7857,39.0,5.6635071090047395,34.06,-118.14,2.457
4.1213,35.0,5.239528795811518,34.1,-118.22,2.521
3.8952,17.0,6.2388059701492535,36.96,-120.11,0.953
4.1731,26.0,5.1545741324921135,38.37,-122.8,2.572
1.7568,49.0,3.168646080760095,38.57,-121.49,0.938
3.575,50.0,4.884892086330935,34.12,-118.27,2.306
2.957,52.0,4.496259351620948,37.8,-122.24,1.228
3.6202,34.0,4.382035928143712,34.15,-118.36,3.661
4.0231,41.0,4.330561330561331,34.03,-118.45,3.539
4.4821,35.0,5.9879310344827585,33.84,-118.02,2.141
4.0583,52.0,5.865,34.05,-118.37,4.443
2.9107,29.0,4.97508896797153,38.44,-122.68,1.697
3.1029,27.0,4.135802469135802,33.42,-117.62,1.906
4.6389,17.0,5.6683168316831685,33.94,-118.17,1.655
1.8801,26.0,4.634464751958225,36.42,-119.1,0.576
2.3517,13.0,4.867801047120419,40.18,-122.22,0.889
4.2955,34.0,5.720588235294118,38.17,-122.25,1.213
2.3026,25.0,5.543859649122807,36.59,-120.18,0.906
7.0735,14.0,8.056485355648535,37.38,-121.87,3.356
3.0444,36.0,4.559748427672956,38.46,-122.71,1.672
3.0625,45.0,5.242424242424242,36.6,-121.9,2.603
4.7647,12.0,6.241269841269841,33.26,-116.98,2.541
0.8738,52.0,3.376470588235294,37.96,-121.29,0.75
3.9815,26.0,6.072507552870091,33.22,-117.25,1.426
5.6511,15.0,5.226069246435845,37.32,-122.03,4.048
6.1898,35.0,6.34585289514867,33.95,-117.98,2.824
3.2279,48.0,4.2938331318016925,34.06,-118.35,4.0
2.3611,30.0,3.4295302013422817,34.06,-118.21,1.568
1.9464,16.0,4.4646464646464645,37.79,-121.18,1.125
3.1711,44.0,4.033783783783784,33.79,-118.14,2.154
3.2375,17.0,8.006269592476489,38.97,-122.7,1.142
5.0747,35.0,4.944723618090452,33.84,-117.98,1.896
4.2875,36.0,4.297520661157025,34.21,-118.37,1.766
2.588,40.0,5.09375,34.13,-117.86,2.095
4.8187,20.0,7.664233576642336,36.96,-120.1,0.909
1.2275,38.0,4.04679802955665,34.53,-117.3,0.641
2.6411,52.0,5.170403587443946,37.77,-122.24,2.41
3.5795,12.0,6.857575757575757,37.47,-121.11,1.456
1.9875,18.0,3.481375358166189,32.56,-117.05,1.149
4.9292,17.0,6.802884615384615,34.71,-120.46,2.072
4.5625,33.0,5.867620751341682,37.27,-121.92,2.535
4.4777,44.0,5.604373757455268,32.69,-117.18,4.528
3.2149,22.0,3.6862745098039214,34.08,-118.37,3.0
4.8333,9.0,5.201092896174863,34.24,-118.63,2.772
4.0833,42.0,5.1078838174273855,34.11,-118.32,4.344
4.0337,23.0,6.094420600858369,38.16,-122.26,1.304
3.0393,17.0,4.235802469135803,33.96,-118.36,1.292
6.729,22.0,7.488095238095238,34.31,-119.21,4.093
1.7778,52.0,4.450704225352113,40.79,-124.16,0.769
7.4056,26.0,8.044230769230769,33.68,-117.94,3.742
1.6007,17.0,3.6099290780141846,34.27,-119.3,1.875
1.2069,47.0,4.28051948051948,34.12,-117.29,0.682
3.7125,26.0,4.915254237288136,34.15,-118.43,4.474
2.5985,34.0,4.110157367668097,34.06,-118.07,1.686
5.6935,34.0,6.380246913580247,33.79,-117.95,2.183
2.9625,29.0,5.190207156308851,38.42,-122.84,2.373
3.9375,10.0,5.629107981220657,38.43,-122.58,2.692
4.3542,34.0,5.578313253012048,33.2,-117.27,1.569
7.6166,16.0,7.210412147505423,37.96,-121.99,2.604
1.7875,17.0,6.103174603174603,40.61,-123.41,0.55
2.7298,25.0,5.968253968253968,36.09,-119.08,1.034
1.2679,47.0,5.186567164179104,38.54,-121.47,0.567
6.1195,16.0,7.75251509054326,34.12,-117.66,2.511
3.3056,39.0,3.746630727762803,33.94,-118.36,1.568
2.4516,36.0,3.6062322946175636,33.99,-118.19,1.478
5.4496,17.0,6.1809899787427875,37.68,-121.73,2.389
1.6352,46.0,5.432276657060519,39.51,-121.56,0.531
1.2469,33.0,4.773255813953488,35.37,-119.01,0.467
4.1806,28.0,6.317738791423002,32.83,-117.21,1.996
4.4474,25.0,6.342776203966006,38.03,-122.26,2.037
5.5161,15.0,8.126016260162602,39.04,-121.06,3.619
0.8527,43.0,3.432900432900433,33.94,-118.25,0.904
4.0882,12.0,5.36036036036036,32.85,-116.98,1.345
1.191,52.0,7.69811320754717,37.81,-122.3,0.761
6.0,34.0,6.566298342541437,34.23,-118.23,3.671
1.8843,16.0,4.414746543778802,35.68,-119.22,0.552
3.0398,36.0,3.597609561752988,33.98,-118.18,1.654
6.3923,27.0,5.907356948228883,37.32,-122.02,3.483
4.0347,34.0,5.311015118790497,34.16,-118.43,3.536
2.7875,30.0,4.707423580786026,36.99,-122.02,2.45
3.6827,34.0,5.197508896797153,34.12,-118.08,2.641
5.2497,32.0,6.6292682926829265,37.7,-122.08,2.593
3.8512,47.0,5.280112044817927,33.96,-118.32,1.713
3.65,45.0,4.624678663239075,37.71,-122.46,2.399
5.2527,25.0,6.770491803278689,38.28,-122.04,1.306
3.9934,20.0,5.502336448598131,34.94,-116.96,0.885
6.4419,19.0,5.9450980392156865,37.42,-121.87,2.645
3.6694,17.0,5.098,38.03,-121.63,2.094
6.4214,14.0,6.008849557522124,37.05,-121.93,3.406
2.7928,48.0,5.106598984771574,32.77,-117.12,1.75
3.5511,17.0,6.233870967741935,38.65,-120.76,1.559
5.0443,5.0,6.338568935427574,37.76,-121.44,1.948
3.2672,32.0,5.204379562043796,38.45,-121.83,1.075
3.5562,16.0,3.411602209944751,32.78,-117.11,0.735
3.2857,17.0,5.730769230769231,33.91,-117.49,1.391
3.2569,42.0,4.945273631840796,34.08,-118.06,2.015
2.6758,39.0,5.559701492537314,37.43,-120.57,0.746
3.9625,26.0,4.01878453038674,37.34,-121.99,2.629
2.75,35.0,5.639308855291577,38.39,-122.77,1.975
5.2887,21.0,6.4,37.25,-121.89,2.645
4.6821,8.0,5.393305439330544,37.82,-121.23,1.385
3.0179,37.0,4.822222222222222,34.19,-118.32,2.725
5.6931,18.0,6.696594427244582,37.97,-122.1,2.696
2.8827,11.0,4.8049267643142475,33.05,-116.88,1.667
3.0299,14.0,5.814102564102564,40.95,-122.07,0.732
3.9063,43.0,6.178571428571429,38.66,-122.7,2.1
3.625,37.0,5.325892857142857,34.03,-118.44,3.576
5.7393,9.0,5.792270531400966,34.03,-117.31,1.516
4.5594,13.0,5.084321475625823,34.14,-117.95,1.845
2.2094,20.0,4.9384372533543806,36.8,-119.76,0.837
3.0417,25.0,4.926605504587156,33.67,-117.95,1.373
2.6071,26.0,5.606694560669456,39.44,-121.53,0.571
3.6292,36.0,4.583333333333333,34.25,-118.42,1.452
4.3009,14.0,5.847244094488189,38.71,-121.25,1.434
4.3583,36.0,6.1139896373057,33.82,-117.92,1.872
3.5569,19.0,7.112558139534884,33.72,-116.39,1.28
2.0132,35.0,2.6031746031746033,34.09,-118.29,1.984
5.7295,25.0,6.032040472175379,38.0,-122.03,1.783
5.2155,18.0,6.553133514986376,38.27,-122.52,2.483
5.128,25.0,6.045180722891566,32.78,-115.57,0.996
5.1384,24.0,6.048249763481552,33.73,-118.02,3.369
3.7813,37.0,5.0227272727272725,37.34,-121.96,2.478
3.8239,34.0,5.242703533026114,34.21,-119.19,2.082
5.2817,19.0,5.848017621145375,38.68,-121.3,1.406
1.5429,24.0,2.9702380952380953,34.1,-118.34,3.25
2.4432,21.0,4.464337700145561,34.07,-117.25,0.788
3.712,21.0,6.373333333333333,38.66,-121.3,1.39
2.6629,21.0,4.858156028368795,36.42,-121.31,1.027
1.9238,39.0,3.996941896024465,38.13,-121.27,0.707
1.7891,38.0,5.268361581920904,38.54,-121.45,0.605
4.5625,25.0,5.628205128205129,32.82,-117.18,1.623
3.5052,52.0,3.85824493731919,37.76,-122.42,3.912
2.532,39.0,3.734256926952141,34.04,-118.32,1.727
3.0625,12.0,3.7425149700598803,33.76,-118.0,2.088
4.3523,5.0,6.425531914893617,39.25,-121.2,1.882
4.025,52.0,5.708333333333333,34.08,-118.24,1.375
4.0652,52.0,5.365566037735849,37.78,-122.47,4.213
2.3487,38.0,4.267647058823529,38.53,-121.48,1.016
3.6292,27.0,4.636058230683091,37.31,-121.95,2.646
5.0499,32.0,6.213872832369942,37.9,-122.08,3.068
4.3214,28.0,6.4146868250539955,38.7,-121.2,1.317
4.275,37.0,5.653846153846154,33.85,-117.94,1.862
2.2188,20.0,5.739795918367347,39.14,-122.88,1.063
3.776,52.0,6.222222222222222,38.57,-121.44,1.645
2.81,43.0,4.272340425531915,32.66,-117.08,1.034
2.1937,20.0,3.625766871165644,32.75,-117.14,1.625
3.285,10.0,5.302491103202847,34.93,-120.43,2.183
3.2768,44.0,5.338289962825279,33.95,-118.19,1.791
3.0987,43.0,5.20935412026726,33.92,-118.19,1.394
4.3125,37.0,6.945330296127563,38.5,-122.48,2.765
3.675,52.0,4.851351351351352,37.81,-122.24,2.699
2.3895,17.0,5.173202614379085,39.72,-121.41,0.875
3.1146,24.0,4.88785046728972,32.82,-117.17,1.875
2.5663,26.0,4.036161335187761,36.61,-121.84,1.289
2.1094,44.0,6.129310344827586,34.91,-120.6,0.738
4.4085,8.0,5.745810055865922,38.85,-121.19,1.394
5.6305,26.0,6.980676328502415,38.07,-122.68,4.3
2.6902,15.0,5.087064676616915,40.43,-120.57,0.715
3.4784,17.0,4.510532837670384,34.08,-117.98,1.522
2.0625,39.0,5.837528604118993,39.52,-122.2,0.634
3.7143,52.0,4.859154929577465,37.72,-122.44,2.6
3.5139,28.0,5.265350877192983,33.77,-118.0,2.117
2.7321,31.0,4.703389830508475,34.05,-117.72,1.043
4.9904,29.0,6.328260869565217,37.68,-121.0,1.581
2.32,7.0,3.939873417721519,33.15,-117.18,1.175
2.8462,36.0,5.671348314606742,38.58,-121.39,0.934
5.6428,43.0,4.980582524271845,34.01,-118.46,3.431
2.63,29.0,3.496212121212121,33.97,-118.14,1.56
5.2078,30.0,6.3323170731707314,37.0,-122.03,4.405
1.85,27.0,4.039755351681957,39.4,-123.35,0.718
1.9241,38.0,3.9356223175965663,32.64,-117.08,1.5
6.1636,28.0,6.380952380952381,37.76,-122.46,3.677
1.2875,42.0,3.1493055555555554,34.03,-118.29,1.792
3.7316,13.0,5.508701472556894,36.85,-121.38,1.924
4.6776,8.0,6.871635610766045,35.13,-120.59,2.955
4.1528,15.0,7.389355742296919,36.76,-121.34,3.368
2.8889,30.0,3.639581657280772,34.08,-118.38,3.353
2.2439,18.0,7.426829268292683,33.77,-116.44,0.975
2.6582,15.0,4.540208136234626,34.1,-117.63,1.228
3.6364,42.0,5.087533156498674,34.07,-118.16,2.546
5.6038,34.0,6.626488095238095,37.48,-122.26,4.513
3.2933,16.0,3.9275862068965517,33.83,-118.02,2.6
4.21,11.0,5.1649122807017545,33.2,-117.28,1.756
2.8646,20.0,4.126719768283852,34.19,-118.48,2.211
5.5507,17.0,6.5390243902439025,33.47,-117.71,3.457
1.6318,19.0,2.909090909090909,33.2,-117.37,1.875
5.5792,35.0,5.469740634005763,34.26,-118.47,2.184
3.1793,15.0,5.887673956262425,33.16,-117.18,1.599
2.7083,21.0,4.495588235294117,35.33,-119.03,0.847
2.2216,22.0,6.797752808988764,33.8,-116.54,1.839
2.3578,31.0,5.29038854805726,34.1,-117.36,0.886
2.9955,40.0,4.427835051546392,37.73,-121.43,1.347
3.8403,21.0,4.886842105263158,33.47,-117.7,3.5
3.5473,33.0,4.1089258698941,33.83,-118.3,2.263
4.8105,23.0,6.17769130998703,34.42,-119.28,3.13
3.0278,52.0,5.172932330827067,37.78,-122.49,3.563
5.1782,23.0,6.564476885644769,32.8,-117.07,1.951
3.0139,18.0,6.46875,34.14,-116.15,0.826
4.25,35.0,5.481037924151696,34.1,-117.91,1.667
4.5694,28.0,6.219512195121951,38.38,-122.33,2.875
2.6951,44.0,3.9089615931721196,33.97,-118.23,1.693
4.2841,30.0,5.903394255874674,37.68,-122.15,2.134
2.256,26.0,4.404145077720207,36.79,-119.79,0.645
2.2993,13.0,6.241144414168938,40.52,-121.92,0.995
2.7907,29.0,5.097259062776304,38.02,-121.94,1.139
4.0583,32.0,5.593220338983051,37.72,-122.41,2.362
7.8575,26.0,7.364754098360656,37.29,-121.9,4.246
2.9417,39.0,4.0817843866171,34.1,-118.29,2.542
6.2423,14.0,7.161290322580645,34.22,-118.87,3.054
4.8536,23.0,5.554455445544554,34.37,-118.56,2.026
2.0096,38.0,4.445993031358885,37.45,-122.12,1.557
6.3538,49.0,6.29388560157791,37.9,-122.28,3.337
1.6029,32.0,3.4663461538461537,33.95,-118.29,0.897
5.1727,35.0,5.463414634146342,33.86,-118.3,2.302
1.5667,15.0,6.378494623655914,35.64,-118.33,0.725
4.2132,2.0,6.200305810397554,36.83,-119.88,0.965
3.5288,8.0,5.733455882352941,34.88,-120.41,1.655
1.9832,26.0,4.92814371257485,34.16,-117.28,1.221
2.9728,36.0,4.2994652406417115,34.18,-118.37,1.902
5.5456,35.0,4.909930715935335,33.86,-118.36,2.974
2.1979,25.0,3.735042735042735,32.8,-115.56,0.639
2.1974,18.0,3.3815028901734103,34.43,-119.71,2.55
4.8359,25.0,6.602316602316602,38.0,-121.83,1.453
3.1471,13.0,5.147208121827411,38.03,-121.3,1.028
3.9783,52.0,4.532307692307692,34.08,-118.37,3.741
2.3182,25.0,4.136054421768708,33.98,-118.04,1.821
2.25,50.0,4.20722891566265,37.8,-122.23,1.235
5.5469,16.0,6.226396602417511,33.96,-117.88,2.652
5.6787,52.0,5.770516717325228,37.74,-122.47,3.636
3.7212,26.0,5.07088122605364,37.69,-121.75,1.838
3.7596,36.0,4.497847919655667,33.71,-118.29,3.0
4.0,49.0,6.866295264623956,34.0,-118.34,2.968
3.102,11.0,6.468421052631579,33.69,-117.35,1.113
5.1299,16.0,5.776412776412776,33.69,-117.78,2.389
6.2957,25.0,6.627831715210356,37.25,-121.81,2.518
1.7137,16.0,7.070844686648502,32.74,-116.35,1.107
2.69,20.0,5.6438127090301,37.64,-120.82,2.013
4.9957,22.0,5.718222222222222,33.75,-117.83,2.964
2.933,26.0,4.707667731629393,37.88,-122.08,0.85
2.1458,29.0,5.848484848484849,36.18,-120.43,1.042
2.92,33.0,3.7904191616766467,37.47,-122.21,2.028
6.1064,33.0,6.233817701453105,37.51,-122.28,4.05
1.7727,44.0,4.377314814814815,37.93,-122.36,0.861
4.1429,52.0,5.377155172413793,37.88,-122.28,2.596
5.0543,21.0,6.760925449871466,37.31,-121.8,2.32
3.8621,42.0,3.967889908256881,33.81,-118.27,1.653
6.6204,16.0,6.729303547963206,37.75,-121.94,2.961
5.3664,34.0,6.370689655172414,34.06,-117.9,2.683
4.8448,31.0,5.25497287522604,33.84,-118.08,1.946
1.3807,27.0,4.083333333333333,36.05,-119.01,0.531
2.9063,31.0,5.508710801393728,40.87,-121.67,0.778
1.7945,37.0,4.502623294858342,34.01,-118.34,1.063
3.7807,9.0,4.997677119628339,34.68,-118.16,1.109
2.2647,25.0,4.392628205128205,34.4,-119.88,2.167
6.7248,18.0,7.174083769633508,34.28,-118.54,3.772
1.9926,37.0,4.143478260869565,34.08,-117.31,0.815
4.2719,20.0,3.5479338842975205,37.38,-122.06,2.708
1.2891,18.0,4.12289156626506,34.16,-118.15,1.813
3.4695,6.0,6.402402402402402,34.42,-117.56,1.388
6.5378,34.0,6.696078431372549,37.88,-122.06,3.409
4.7026,34.0,4.530737704918033,33.81,-118.36,3.568
3.0313,18.0,5.304239401496259,34.88,-117.02,0.8
2.0272,29.0,4.2973856209150325,33.2,-117.37,0.996
3.163,40.0,3.875,33.98,-118.34,1.378
4.4732,16.0,6.0,33.5,-117.66,1.863
3.4375,28.0,4.8584905660377355,34.29,-118.89,1.941
4.869,35.0,5.372596153846154,34.27,-118.5,2.216
4.4107,22.0,5.350828729281768,37.51,-121.96,2.235
3.1528,21.0,6.104838709677419,36.13,-119.08,1.137
5.2,10.0,5.043296089385475,37.26,-121.95,2.487
5.3369,18.0,5.340277777777778,33.61,-117.92,3.125
2.3438,37.0,5.862903225806452,34.14,-117.3,0.881
3.9063,52.0,4.569696969696969,37.76,-122.18,0.938
3.9612,39.0,5.3042071197411005,33.97,-118.06,1.758
2.8135,52.0,4.584329349269589,37.76,-122.41,2.603
3.9464,37.0,4.928735632183908,34.16,-118.31,3.15
2.6042,37.0,3.5088195386702847,34.0,-118.47,3.058
3.0,16.0,6.110569105691057,38.09,-120.46,1.226
1.1434,43.0,3.3323353293413174,33.94,-118.25,0.913
4.375,2.0,4.42023346303502,37.39,-121.89,4.25
1.7348,43.0,3.9802371541501977,37.82,-122.27,1.375
1.3092,5.0,3.295663600525624,32.71,-117.16,3.25
1.1645,44.0,5.151943462897527,33.99,-118.3,0.982
6.3568,18.0,6.582018927444795,33.49,-117.68,2.943
2.6,43.0,4.734883720930233,34.12,-117.3,0.669
4.8516,52.0,5.350961538461538,37.75,-122.49,3.238
3.1023,23.0,5.161375661375661,32.84,-117.01,1.433
3.1607,33.0,5.415254237288136,33.94,-118.1,1.89
3.5161,45.0,4.662269129287599,34.04,-118.36,1.57
4.45,27.0,6.3003003003003,39.09,-121.66,0.962
4.2099,21.0,6.283464566929134,33.98,-117.5,1.387
6.3314,27.0,6.490998363338789,38.01,-122.55,3.422
5.5106,10.0,5.789976133651551,34.6,-120.12,2.909
4.4615,16.0,4.774818401937046,32.92,-117.15,1.683
4.0703,37.0,5.16010498687664,38.23,-122.63,2.238
6.3517,18.0,7.0,33.02,-117.05,2.601
4.5769,35.0,5.891447368421052,37.73,-122.42,2.545
3.6937,33.0,6.563318777292577,38.64,-121.39,0.993
3.8,46.0,5.659025787965616,40.78,-124.16,0.818
4.1099,8.0,6.081680280046674,37.19,-119.77,1.136
3.7198,13.0,5.692156862745098,34.13,-117.38,1.129
2.2243,32.0,5.685220729366603,38.69,-121.45,0.892
2.8833,45.0,4.7153846153846155,37.94,-122.33,1.404
1.3882,47.0,4.394190871369295,36.33,-119.65,0.538
2.3365,22.0,6.468085106382978,36.35,-119.45,0.696
2.4615,46.0,4.465573770491804,36.92,-121.75,1.778
5.0092,17.0,6.1170046801872076,36.82,-121.66,2.387
3.0978,28.0,4.937751004016064,34.08,-117.68,1.372
4.5461,33.0,4.696132596685083,33.93,-117.97,1.94
1.6921,52.0,3.240740740740741,34.16,-118.15,1.625
4.9384,28.0,5.005649717514125,33.85,-118.38,3.781
3.227,18.0,3.83249581239531,34.38,-118.53,1.361
5.9585,14.0,7.2727272727272725,39.18,-123.17,2.149
1.0481,19.0,4.181818181818182,36.72,-119.8,0.485
2.3229,16.0,5.205357142857143,33.85,-117.28,1.18
3.2702,24.0,4.955882352941177,38.48,-121.47,0.673
7.5813,20.0,8.197943444730077,37.36,-121.81,3.741
3.7292,35.0,5.729970326409496,37.63,-122.07,1.681
4.9803,29.0,5.33378196500673,33.83,-118.01,2.086
2.3598,23.0,5.461928934010152,39.08,-121.54,0.575
4.1058,37.0,4.976588628762542,34.0,-118.07,1.673
4.4167,37.0,4.919491525423729,33.9,-118.06,1.58
2.5848,52.0,3.8996960486322187,33.99,-118.28,1.019
3.9097,52.0,4.888888888888889,37.76,-122.48,3.238
1.7308,52.0,4.231173380035027,40.8,-124.16,0.805
4.4896,31.0,4.52542372881356,37.36,-121.86,1.568
1.9063,52.0,3.603399433427762,34.09,-118.29,2.616
4.2841,8.0,7.060367454068241,35.63,-120.67,2.567
1.75,35.0,3.82798833819242,37.3,-120.49,0.576
3.038,31.0,3.46843853820598,36.6,-121.86,1.953
3.7708,42.0,5.829568788501026,35.39,-119.0,0.794
3.2935,35.0,4.2894736842105265,38.44,-122.7,1.578
5.454,52.0,5.339534883720931,32.73,-117.13,2.409
2.3077,40.0,3.103151862464183,34.2,-119.17,1.069
5.8143,45.0,5.17490494296578,33.96,-118.39,3.407
2.4342,22.0,5.086666666666667,38.01,-121.24,1.25
4.1687,41.0,5.873333333333333,33.79,-118.12,2.407
1.5292,36.0,4.667519181585678,38.54,-121.46,0.557
5.8325,26.0,5.350140056022409,37.54,-122.0,2.989
6.2403,13.0,6.54320987654321,33.63,-117.68,2.574
4.0144,5.0,5.812903225806451,36.34,-119.34,1.266
3.4331,11.0,5.1552878179384205,38.68,-121.8,1.206
5.0417,15.0,5.26537216828479,33.87,-118.11,2.408
1.3029,52.0,4.813063063063063,36.74,-119.76,0.691
3.2135,4.0,5.764026402640264,34.91,-120.42,2.127
1.871,31.0,5.3628318584070795,37.77,-122.17,0.907
4.625,16.0,4.984375,34.07,-118.6,4.333
4.95,43.0,5.695652173913044,33.81,-118.2,1.94
1.7596,40.0,2.09375,38.68,-121.38,0.938
5.3366,4.0,6.083687943262412,34.04,-117.24,1.651
1.9528,13.0,4.23142509135201,37.32,-120.49,0.853
4.3397,21.0,5.373239436619718,33.86,-118.1,2.681
3.775,23.0,4.239583333333333,33.73,-117.86,1.774
4.9342,23.0,5.735798016230839,34.04,-117.93,1.81
4.5708,25.0,5.6883835279655806,34.11,-117.85,2.23
1.2083,41.0,5.7924528301886795,37.76,-122.19,0.725
2.8571,44.0,2.768041237113402,37.56,-122.32,2.5
2.6921,19.0,6.128500823723229,39.51,-121.47,0.975
3.0135,47.0,4.206270627062707,33.79,-118.2,1.927
1.8264,18.0,5.557603686635945,36.14,-120.36,0.62
2.186,10.0,4.353515625,39.23,-121.06,1.327
5.0464,17.0,6.0130151843817785,33.87,-117.58,1.639
3.4269,26.0,3.376425855513308,34.02,-118.42,3.019
5.1473,16.0,6.663690476190476,37.66,-120.95,1.884
4.9318,20.0,6.247678018575852,37.34,-121.79,2.624
2.5762,29.0,4.048703849175177,37.78,-122.28,1.734
5.2557,25.0,5.343373493975903,34.02,-118.06,1.888
3.4609,29.0,4.507886435331231,32.69,-117.07,1.18
2.3523,37.0,3.8008595988538683,33.77,-118.18,3.25
2.5172,31.0,4.895774647887324,36.97,-121.94,3.308
3.9167,34.0,5.85140562248996,37.63,-122.09,1.895
5.3272,46.0,5.748995983935743,34.16,-118.1,3.302
4.4286,35.0,5.830708661417323,37.62,-122.54,2.621
1.8594,12.0,3.755403868031854,32.74,-117.02,1.192
7.2354,52.0,7.11716621253406,37.85,-122.24,3.911
6.3111,42.0,5.1068376068376065,37.44,-122.13,3.974
2.4107,28.0,3.586206896551724,33.99,-118.24,0.964
1.5625,38.0,5.097510373443983,37.75,-122.16,0.917
4.3911,21.0,5.976027397260274,36.35,-119.65,1.079
2.5263,52.0,5.81981981981982,36.62,-121.92,2.864
3.4184,20.0,4.721481481481481,34.03,-117.69,1.625
3.7727,27.0,4.222748815165877,34.01,-118.47,4.13
5.0761,35.0,6.1072507552870094,37.93,-122.08,2.332
3.6667,47.0,4.3399602385685885,34.11,-118.26,2.109
2.2883,33.0,3.9787472035794185,38.14,-121.27,0.869
1.6325,39.0,4.272388059701493,36.73,-119.75,0.521
3.0208,44.0,6.223021582733813,35.34,-119.01,0.637
4.2312,43.0,5.610108303249097,34.12,-118.07,2.726
4.89,9.0,7.261061946902655,33.46,-117.74,4.541
5.1512,28.0,6.267716535433071,38.42,-122.89,2.683
3.5096,31.0,5.64055944055944,32.61,-117.05,1.399
3.2371,33.0,4.289699570815451,33.92,-118.05,1.547
4.2262,14.0,6.540913921360255,38.67,-121.25,2.443
3.108,27.0,4.365487674169346,34.1,-118.14,2.31
4.3667,50.0,4.881782945736434,34.07,-118.37,4.056
7.6107,33.0,7.554166666666666,37.88,-122.17,4.232
0.9318,35.0,2.803339517625232,33.78,-118.19,1.875
1.1108,41.0,4.473611111111111,37.82,-122.27,0.975
2.1797,26.0,5.617283950617284,33.16,-116.68,1.563
6.3749,24.0,7.0,33.7,-117.98,2.78
3.25,22.0,5.788235294117647,35.39,-119.11,0.889
1.9052,38.0,4.203773584905661,34.0,-117.41,0.834
4.8088,32.0,5.285546415981199,37.9,-122.05,3.212
3.6619,31.0,4.63728323699422,36.96,-121.98,2.451
2.0156,29.0,5.25,41.36,-124.08,0.628
2.1165,48.0,6.898423817863398,38.53,-122.97,0.987
3.6023,37.0,4.2629969418960245,34.3,-118.43,1.618
4.0391,33.0,5.196141479099678,34.16,-118.44,3.375
2.0173,25.0,2.5920055134390076,34.07,-118.28,1.775
3.4375,52.0,3.125,34.11,-118.25,1.7
5.7579,17.0,5.981969486823855,37.58,-122.01,2.318
7.1221,34.0,6.930417495029821,33.8,-118.07,3.845
1.505,22.0,5.177514792899408,35.86,-119.46,0.427
4.6937,26.0,5.484011627906977,34.13,-117.84,1.98
3.5114,52.0,6.372759856630824,33.97,-118.32,1.388
2.9531,34.0,4.316239316239316,37.87,-121.27,1.04
4.3222,15.0,6.361247216035634,33.91,-117.43,1.38
3.3917,25.0,4.7701149425287355,37.38,-122.08,3.429
2.8039,21.0,3.9849183074989525,34.21,-118.6,2.275
3.8081,25.0,5.1837160751565765,34.17,-118.44,2.867
4.5687,33.0,4.962546816479401,37.55,-122.02,1.772
2.1905,17.0,4.7973856209150325,36.71,-119.74,0.618
6.5515,18.0,6.552117263843648,33.88,-118.1,3.196
3.5214,15.0,3.0499445061043287,37.63,-122.43,1.442
2.6579,32.0,4.760456273764259,34.05,-118.04,1.568
2.9844,50.0,5.260869565217392,37.79,-122.19,1.799
2.625,42.0,3.930817610062893,37.98,-121.29,0.654
2.9926,46.0,4.458823529411765,37.88,-122.29,1.921
5.0605,24.0,5.660714285714286,33.82,-117.89,2.162
3.9825,22.0,5.2611940298507465,34.11,-117.76,1.805
1.7813,34.0,3.762376237623762,34.02,-118.17,1.45
1.75,43.0,4.053571428571429,34.04,-118.17,1.34
1.1912,32.0,6.3561643835616435,38.97,-122.65,0.6
1.8008,48.0,3.8636363636363638,32.7,-117.14,0.865
6.3814,8.0,7.606271777003484,32.79,-115.59,1.599
2.0903,34.0,7.612359550561798,41.79,-120.08,0.561
3.2031,21.0,4.610305958132045,33.91,-118.06,1.807
1.9851,17.0,5.474949899799599,38.91,-120.01,0.867
2.1875,27.0,5.267175572519084,37.43,-120.97,1.375
3.663,5.0,5.158536585365853,37.72,-122.17,1.583
2.4886,36.0,2.961864406779661,33.94,-118.34,1.607
2.75,50.0,3.8984375,37.86,-122.3,1.406
2.5374,11.0,5.828267477203648,39.79,-121.62,0.972
3.37,52.0,3.8282828282828283,34.08,-118.32,3.303
1.9963,52.0,4.507352941176471,34.07,-117.32,0.769
4.2813,39.0,4.647058823529412,34.01,-118.46,2.972
0.7054,43.0,2.2291666666666665,33.12,-117.08,1.375
1.5,39.0,3.242811501597444,37.3,-120.48,0.67
6.7228,52.0,7.433249370277078,37.72,-122.46,4.052
2.7829,24.0,4.204678362573099,37.93,-121.29,0.618
1.9955,50.0,5.101010101010101,36.75,-119.75,0.542
4.7604,36.0,5.194444444444445,37.33,-121.95,2.947
6.6257,39.0,5.54177897574124,34.46,-119.19,4.276
4.3468,33.0,4.639815880322209,34.15,-118.41,4.259
2.8558,13.0,4.562314540059347,33.25,-117.31,0.971
3.3621,34.0,5.16271186440678,34.15,-118.04,3.772
3.4596,28.0,5.165378670788254,34.06,-117.93,2.028
3.7292,52.0,4.566724436741768,37.78,-122.47,4.167
3.9032,19.0,5.001422475106685,37.7,-122.13,2.18
5.4103,33.0,5.275747508305648,32.81,-117.24,3.324
2.1484,52.0,5.1923076923076925,37.72,-122.39,1.813
5.759,22.0,7.366568914956011,34.38,-119.57,4.25
4.7625,13.0,5.265206812652068,37.41,-121.95,1.375
2.5966,14.0,3.950892857142857,34.65,-120.46,1.093
3.9632,25.0,4.56,34.18,-118.54,2.403
5.4193,17.0,5.789340101522843,37.23,-121.79,2.595
3.1359,27.0,4.925566343042071,36.61,-121.92,2.68
2.1449,27.0,3.375698324022346,34.18,-118.38,1.653
3.8424,21.0,5.851282051282051,36.75,-121.76,1.557
3.963,28.0,5.427893738140417,32.8,-116.98,1.644
4.4085,52.0,4.68561872909699,37.77,-122.44,4.0
1.6469,24.0,4.274193548387097,35.87,-119.26,0.476
2.3214,41.0,4.738738738738738,38.64,-121.41,0.668
3.2386,16.0,5.03,36.33,-119.78,1.125
2.9405,39.0,4.348530901722391,37.54,-122.3,3.405
1.6354,20.0,5.190283400809717,36.15,-119.06,0.49
2.5769,35.0,4.8700906344410875,37.95,-122.32,1.461
2.1,41.0,3.4976076555023923,34.19,-118.37,1.716
5.3462,46.0,6.75,34.0,-118.35,2.704
5.3106,27.0,5.375722543352601,33.8,-118.3,2.683
3.6875,39.0,4.436018957345971,33.98,-118.09,1.695
4.9955,33.0,6.061784897025172,34.27,-118.48,2.168
2.8542,44.0,5.269230769230769,33.99,-118.33,1.265
2.5197,15.0,3.8697318007662833,33.67,-117.82,3.5
2.99,29.0,5.9125560538116595,34.89,-117.0,0.694
3.154,23.0,5.923312883435583,34.03,-117.08,1.157
3.1406,33.0,5.039634146341464,37.95,-122.04,1.631
5.0227,9.0,6.269565217391304,34.05,-117.15,1.623
4.0096,35.0,5.4366925064599485,33.96,-118.08,1.65
2.375,10.0,4.064456721915286,34.95,-120.45,0.985
2.7206,42.0,3.4309063893016343,33.95,-118.19,1.621
2.0463,17.0,4.649769585253456,33.04,-115.62,0.612
3.2664,29.0,5.057899901864573,38.13,-122.23,1.429
2.1182,40.0,3.7936507936507935,36.7,-119.56,0.589
2.6667,20.0,5.594936708860759,38.39,-120.56,0.866
4.0469,34.0,5.628930817610063,34.06,-117.97,1.668
1.7991,43.0,4.332613390928726,34.03,-118.15,1.588
4.1765,52.0,4.952808988764045,33.77,-118.15,3.939
3.5463,45.0,4.9798994974874375,37.97,-122.33,1.308
3.2917,52.0,5.564245810055866,33.96,-117.39,1.293
5.2528,25.0,5.662983425414365,37.27,-121.98,2.694
2.2366,23.0,3.4433497536945814,38.29,-122.28,1.402
1.7562,30.0,3.4423076923076925,33.97,-118.19,1.813
1.5781,31.0,4.569739952718676,34.02,-118.3,1.193
3.5268,29.0,4.423337856173677,33.86,-118.08,2.155
4.1563,12.0,6.751497005988024,37.13,-118.94,0.94
4.8333,26.0,6.214432989690722,33.93,-117.39,1.279
3.3594,30.0,3.972972972972973,34.18,-118.42,2.022
2.9706,17.0,5.2902892561983474,37.4,-122.0,0.813
5.1377,45.0,4.738636363636363,34.14,-118.4,3.607
4.3594,23.0,5.225572979493365,37.56,-122.02,2.234
2.2292,32.0,5.261744966442953,39.94,-122.17,0.574
6.6264,25.0,7.226993865030675,33.78,-118.05,3.591
6.1768,33.0,5.98635477582846,32.76,-116.97,2.289
4.0581,7.0,7.054014598540146,35.2,-118.66,1.629
3.125,52.0,5.252918287937743,38.06,-122.23,1.711
5.9113,37.0,6.438746438746438,32.73,-117.24,3.883
2.1719,44.0,4.283489096573208,38.57,-121.5,0.875
4.1767,34.0,5.356060606060606,33.92,-118.11,1.566
2.3456,42.0,4.3983739837398375,37.74,-122.18,0.835
3.9732,28.0,4.6524663677130045,33.86,-118.35,2.815
2.0595,37.0,6.116788321167883,36.1,-119.57,0.607
3.6161,11.0,5.640449438202247,36.72,-119.57,0.995
2.3173,25.0,4.329824561403509,33.85,-117.88,2.25
2.5735,31.0,4.622425629290618,38.43,-122.72,1.311
2.25,24.0,6.044871794871795,36.65,-120.31,0.766
4.1997,17.0,5.732758620689655,38.66,-121.76,1.334
4.4625,32.0,5.3743409490333915,33.67,-117.91,2.535
1.9875,17.0,5.076086956521739,33.07,-116.26,0.837
1.6424,50.0,4.40169133192389,37.84,-122.28,1.089
1.6341,38.0,3.355481727574751,33.99,-118.18,1.618
1.0539,30.0,2.934322033898305,34.01,-118.29,1.425
3.4519,36.0,4.463302752293578,34.26,-118.42,1.433
2.5743,9.0,6.587012987012987,34.59,-120.14,3.098
2.4375,30.0,5.165198237885463,34.09,-117.73,1.121
3.4,23.0,5.424107142857143,32.77,-117.18,2.006
2.8835,17.0,4.4476744186046515,33.81,-118.0,1.965
2.1437,40.0,3.900763358778626,33.95,-118.28,0.948
1.8958,33.0,4.939516129032258,36.61,-119.52,0.551
1.4828,21.0,3.697132616487455,32.75,-117.1,0.948
3.929,36.0,4.6782407407407405,37.47,-122.24,3.031
3.6348,17.0,5.666666666666667,33.05,-116.86,1.645
3.0368,25.0,4.948453608247423,34.97,-120.45,1.293
3.5625,14.0,5.769349845201238,38.41,-121.37,1.257
5.584,13.0,7.302127659574468,38.67,-120.98,1.866
2.575,39.0,3.591203104786546,34.16,-118.14,1.535
4.8456,35.0,5.968036529680365,33.92,-118.31,1.464
4.3472,22.0,5.392513368983957,33.74,-118.31,3.512
6.0653,18.0,6.556732223903177,35.63,-117.68,1.053
1.8281,44.0,3.78,34.11,-117.27,0.629
3.5586,26.0,2.844141069397042,37.39,-122.01,2.222
2.1111,14.0,5.253763440860215,34.5,-117.31,1.167
3.375,35.0,4.967479674796748,34.01,-117.92,1.272
2.1602,31.0,3.0842391304347827,34.05,-118.01,1.617
0.9336,10.0,3.6627450980392156,37.66,-120.98,1.271
4.7891,20.0,5.493827160493828,36.43,-121.62,2.306
3.7277,38.0,5.625766871165644,37.94,-122.32,1.651
2.83,22.0,5.654244306418219,38.93,-119.96,1.105
2.5469,35.0,4.637271214642263,39.12,-121.62,0.659
7.5412,16.0,7.033333333333333,38.14,-122.54,3.921
4.9516,3.0,7.338559163867115,38.43,-121.44,1.537
3.9063,25.0,5.079069767441861,34.31,-119.29,1.927
3.3462,34.0,3.9502762430939224,34.02,-118.41,3.07
3.8672,36.0,5.769565217391304,38.6,-121.42,1.114
6.0959,3.0,5.5305867665418225,37.37,-121.88,2.727
3.9762,14.0,5.796803652968037,40.58,-122.26,1.385
2.6161,30.0,6.833333333333333,38.49,-123.04,1.325
2.1418,13.0,4.620558375634518,37.32,-120.48,1.306
2.207,21.0,5.781163434903047,39.95,-122.23,0.864
4.1302,36.0,5.869565217391305,37.66,-122.11,1.727
5.817,18.0,6.982692307692307,37.68,-121.91,2.573
3.1667,22.0,4.437751004016064,33.85,-117.88,1.139
3.625,31.0,5.757009345794392,37.3,-121.91,2.65
4.7969,15.0,6.63939393939394,36.77,-121.65,2.275
6.5587,27.0,6.227642276422764,34.12,-117.65,2.39
1.6071,44.0,3.8625,36.65,-121.63,1.125
2.1618,25.0,5.183673469387755,36.8,-120.02,0.553
4.125,32.0,4.668918918918919,33.74,-117.86,1.759
2.9583,20.0,5.490566037735849,34.92,-118.27,0.917
1.9271,28.0,2.753623188405797,34.05,-118.21,1.364
1.6009,44.0,3.1158455392809588,37.78,-122.23,1.181
3.725,35.0,3.4433198380566803,33.99,-118.42,2.846
4.5402,34.0,6.441791044776119,32.84,-117.21,1.821
2.2545,18.0,3.3413685847589423,34.07,-118.25,1.925
3.2937,13.0,6.832786885245902,38.26,-120.93,1.142
2.6573,29.0,3.4511278195488724,37.31,-121.93,2.528
4.8,21.0,4.60377358490566,33.8,-118.06,1.969
1.3973,47.0,4.796875,34.12,-117.28,0.661
3.9922,35.0,6.540229885057471,32.68,-117.05,1.298
2.4353,36.0,5.717213114754099,38.19,-121.57,1.625
5.2853,31.0,5.169444444444444,34.15,-118.42,3.559
1.4178,42.0,3.0417582417582416,34.02,-118.14,1.455
2.1923,52.0,3.0106761565836297,34.04,-118.21,1.55
4.0,38.0,4.391044776119403,33.8,-118.28,1.655
2.6458,50.0,3.2091836734693877,37.79,-122.25,1.25
3.8194,25.0,6.180769230769231,32.58,-117.07,1.344
3.375,42.0,5.095541401273885,34.14,-118.07,2.604
4.0625,48.0,5.961538461538462,33.96,-118.31,1.387
2.4016,41.0,5.564755838641189,32.74,-117.22,2.875
3.8512,17.0,3.93812375249501,33.83,-118.06,1.638
2.316,35.0,4.100467289719626,33.88,-117.57,1.194
4.1705,17.0,4.6669902912621355,38.09,-122.56,2.098
2.125,30.0,5.201663201663202,40.47,-122.33,0.661
1.9029,36.0,3.721227621483376,34.05,-117.76,0.98
3.9917,25.0,5.576363636363636,38.33,-122.82,2.441
2.681,28.0,3.988294314381271,33.95,-118.35,1.477
1.5208,23.0,7.4375,39.08,-122.79,0.89
3.5,17.0,6.3375,38.47,-120.76,1.238
3.505,28.0,4.410755148741419,34.06,-118.15,2.043
3.5769,12.0,5.9375866851595,32.84,-116.79,2.318
1.9821,43.0,5.186274509803922,37.75,-122.17,0.983
3.1795,52.0,4.556034482758621,37.89,-122.29,2.182
3.3598,34.0,5.087947882736156,38.25,-122.06,1.072
2.9044,52.0,4.404282115869018,37.86,-122.26,2.574
4.0,36.0,6.0,37.33,-121.29,0.75
4.0972,38.0,5.595982142857143,38.57,-121.43,1.637
5.3054,36.0,5.8603896103896105,33.96,-118.01,2.735
3.3125,27.0,4.149080348499516,34.19,-118.58,2.228
4.2083,40.0,5.164133738601824,33.88,-118.2,1.473
3.2016,37.0,5.899736147757256,39.75,-121.82,0.97
4.3723,19.0,5.956030150753769,33.93,-117.5,1.356
5.5702,19.0,5.356435643564357,33.71,-117.96,3.426
2.8994,34.0,5.295208655332303,36.8,-119.78,0.66
2.3844,9.0,4.140442132639792,38.66,-121.37,0.86
3.371,42.0,4.530120481927711,37.72,-122.17,1.65
4.3321,19.0,6.525773195876289,36.98,-121.83,2.986
5.3913,46.0,4.785992217898833,37.71,-122.44,2.489
2.8558,31.0,4.9918367346938775,37.56,-121.27,1.0
2.4375,47.0,4.8961538461538465,34.05,-118.19,1.229
4.0282,16.0,5.842592592592593,39.0,-121.3,1.264
6.4218,19.0,7.153846153846154,33.89,-117.87,2.75
4.317,32.0,4.369318181818182,33.88,-118.29,2.328
1.832,39.0,5.115151515151515,39.45,-121.94,0.705
4.7547,14.0,5.791438526630165,34.11,-117.58,1.576
3.692,46.0,5.67479674796748,34.16,-118.34,2.445
5.5289,43.0,5.711340206185567,32.74,-117.24,2.977
1.875,38.0,4.65625,33.91,-118.24,1.029
3.2083,37.0,5.055147058823529,34.07,-117.95,1.952
2.0221,51.0,3.9751908396946565,38.56,-121.47,0.958
2.1687,41.0,3.2524038461538463,34.1,-118.23,1.57
2.3125,38.0,4.959322033898305,35.34,-119.02,0.658
3.6694,52.0,5.0583941605839415,37.73,-122.43,2.755
2.8701,26.0,3.683250414593698,34.2,-118.53,1.911
5.1948,16.0,5.848626925653048,33.86,-118.22,2.035
5.2649,26.0,6.88785046728972,37.67,-121.78,1.998
4.1847,11.0,3.8308383233532934,37.37,-122.01,1.673
4.7813,35.0,4.678861788617886,33.9,-118.1,1.6
1.0114,45.0,4.29,38.57,-121.5,0.8
3.0777,17.0,4.341796875,33.89,-118.07,1.608
4.3814,16.0,6.286415711947627,36.79,-121.74,2.453
4.8702,33.0,7.047297297297297,37.95,-122.08,2.356
1.808,18.0,4.190305206463195,33.22,-117.23,0.97
5.4716,18.0,6.748251748251748,33.89,-117.92,4.0
2.1667,37.0,3.2721518987341773,34.02,-118.26,1.177
3.2879,32.0,6.097807757166947,34.09,-117.36,0.955
2.5833,25.0,3.4672454617205997,34.23,-118.45,1.837
1.9236,37.0,3.710227272727273,37.38,-120.73,0.644
4.2062,35.0,4.7975460122699385,34.09,-117.93,1.613
3.3021,20.0,4.921052631578948,39.06,-121.53,0.708
2.375,38.0,4.307065217391305,34.09,-117.32,0.753
4.0,13.0,6.40952380952381,38.71,-120.87,1.674
2.9219,18.0,5.46875,38.51,-121.49,1.529
2.2991,44.0,4.209302325581396,34.03,-118.18,1.375
3.05,17.0,5.493449781659389,37.93,-122.36,1.216
2.7232,35.0,5.385416666666667,39.01,-123.36,1.154
3.6667,3.0,3.104575163398693,33.98,-118.42,4.5
3.625,22.0,5.8545454545454545,38.39,-122.82,2.337
3.9537,44.0,4.4282407407407405,34.03,-118.38,2.664
3.6979,34.0,4.771341463414634,33.95,-117.46,0.996
2.8371,43.0,4.372340425531915,33.96,-118.2,1.613
0.8964,24.0,5.726618705035971,33.43,-114.73,0.592
3.4701,12.0,4.917857142857143,32.65,-117.07,2.049
1.9964,26.0,3.8184873949579834,33.77,-118.27,1.506
2.4432,31.0,4.428571428571429,34.68,-118.14,1.011
3.7,29.0,5.883076923076923,40.19,-122.24,0.705
2.4398,22.0,5.503105590062112,37.09,-120.65,1.5
3.2738,29.0,6.432532347504621,35.32,-118.95,0.787
2.5,42.0,5.151515151515151,36.6,-119.45,0.73
1.7062,28.0,4.370967741935484,34.3,-118.43,1.646
3.8869,10.0,7.104854368932039,33.68,-117.23,1.259
2.4263,32.0,3.25207756232687,33.97,-118.15,1.581
1.4913,32.0,4.901785714285714,36.83,-119.69,0.546
3.253,20.0,4.582213987957387,33.98,-117.9,1.867
7.0671,11.0,7.643540669856459,37.34,-121.78,3.782
4.2594,36.0,5.366391184573002,33.94,-118.15,2.424
5.3363,16.0,4.529126213592233,37.32,-121.84,2.128
4.4559,21.0,4.778645833333333,33.81,-118.19,1.985
2.5625,38.0,8.085308056872037,38.93,-123.53,1.656
2.6,19.0,4.043557168784029,37.33,-121.85,1.728
3.6298,34.0,4.2896825396825395,34.06,-117.8,1.085
3.9722,29.0,4.789795918367347,37.97,-122.32,1.61
2.4672,37.0,3.1538461538461537,32.75,-117.25,2.167
6.2578,9.0,7.3259668508287294,32.67,-116.89,2.931
3.6853,10.0,6.716923076923077,40.63,-122.34,1.516
3.2246,19.0,5.764024933214603,37.69,-121.08,1.293
1.2857,39.0,4.031496062992126,37.61,-120.99,0.6
2.3062,16.0,5.2631578947368425,39.09,-121.11,1.388
0.78,10.0,3.835766423357664,36.33,-119.28,0.555
3.9063,41.0,4.633540372670807,37.69,-122.1,1.784
2.6576,18.0,5.304545454545455,35.94,-119.06,0.657
2.5743,15.0,5.64935064935065,36.35,-119.29,0.602
4.0068,16.0,3.7360594795539033,37.39,-122.01,2.495
4.6458,24.0,6.24294670846395,33.82,-118.06,2.134
2.4583,50.0,4.667377398720682,34.0,-118.32,1.209
3.7543,42.0,4.184873949579832,34.02,-118.2,1.266
2.1875,37.0,4.932773109243698,33.92,-118.28,1.759
2.5417,41.0,3.632850241545894,34.01,-118.47,4.182
2.1167,48.0,4.536184210526316,34.69,-118.14,0.949
3.4338,34.0,4.719063545150502,33.87,-117.9,1.952
2.7174,26.0,5.171428571428572,38.69,-121.2,1.375
4.7269,48.0,6.975274725274725,34.19,-118.13,3.039
2.2746,24.0,2.9361207897793262,37.49,-122.21,2.25
2.225,37.0,5.2701149425287355,34.14,-117.34,0.816
5.2269,52.0,6.269607843137255,34.07,-117.75,1.61
4.0469,6.0,5.962264150943396,33.24,-117.31,1.624
3.7813,35.0,5.002331002331002,33.86,-117.96,1.849
1.8235,37.0,2.4851063829787234,34.14,-118.25,2.75
2.3125,38.0,3.3943661971830985,33.94,-118.36,1.485
3.5568,33.0,4.858620689655172,36.6,-121.86,1.912
4.375,16.0,4.908564814814815,32.82,-117.11,1.665
6.1359,16.0,3.1578947368421053,37.97,-122.05,2.5
3.875,27.0,5.328455284552845,34.17,-118.41,3.661
1.6719,41.0,3.908011869436202,39.13,-121.62,0.641
2.6103,2.0,7.30859375,37.52,-120.88,1.336
2.5363,44.0,4.408376963350785,33.97,-118.33,1.588
2.3417,16.0,3.9375,33.89,-117.56,1.917
2.5603,52.0,3.608235294117647,37.8,-122.42,2.875
3.35,14.0,4.434343434343434,32.87,-117.22,1.71
4.0507,34.0,4.984126984126984,37.98,-122.01,1.61
2.2,42.0,3.22,33.81,-117.99,1.531
2.6167,42.0,4.061007957559681,37.99,-122.34,0.851
3.8056,11.0,3.988919667590028,33.78,-117.94,1.711
2.3774,26.0,4.867803837953092,33.6,-117.7,0.743
1.1552,44.0,4.273381294964029,36.97,-122.02,2.5
2.0446,9.0,4.035335689045937,36.77,-119.85,0.813
5.5756,41.0,4.542857142857143,34.2,-118.24,3.099
1.7926,22.0,3.8708860759493673,36.84,-119.79,0.517
3.994,29.0,5.502747252747253,34.08,-118.0,1.953
4.4211,35.0,5.3059701492537314,33.65,-117.93,2.152
6.5173,24.0,6.4526315789473685,34.45,-119.81,3.34
3.1786,34.0,2.8907563025210083,34.06,-117.73,1.178
3.7816,21.0,4.471955533097524,34.26,-118.52,2.542
3.1827,21.0,6.241935483870968,33.88,-115.58,0.717
3.8333,48.0,5.234200743494424,37.76,-122.5,2.963
1.365,40.0,4.756676557863502,35.37,-118.96,0.543
3.0912,40.0,4.396261682242991,36.84,-121.4,1.553
3.7321,41.0,4.5863539445629,37.34,-121.94,2.5
4.7083,34.0,5.926691729323308,33.76,-117.86,2.053
5.3245,8.0,5.987373737373737,38.0,-121.78,1.745
6.4891,35.0,5.423357664233577,33.87,-118.33,2.781
3.2469,33.0,4.560301507537688,34.08,-117.87,2.069
1.5714,31.0,4.639908256880734,39.5,-121.57,0.561
3.6492,8.0,4.577447335811648,32.76,-117.18,1.589
1.7604,32.0,4.384615384615385,32.81,-115.37,0.686
3.0833,52.0,4.532994923857868,37.74,-122.42,3.281
1.9485,48.0,4.705639614855571,38.54,-121.45,0.866
3.2596,42.0,4.0117096018735365,34.17,-118.37,1.918
4.8164,32.0,7.04833836858006,34.25,-118.5,2.411
3.3971,22.0,4.676348547717843,33.9,-118.35,2.203
2.5842,18.0,3.6778975741239894,34.2,-118.45,2.308
5.6437,52.0,5.545774647887324,37.3,-121.9,3.12
1.8047,41.0,3.8588235294117648,33.99,-118.27,1.018
3.1958,39.0,4.665168539325843,37.71,-122.46,2.321
2.1908,37.0,3.6699029126213594,34.05,-117.75,0.946
4.9196,7.0,6.3158551810237205,34.12,-117.39,1.405
2.5833,29.0,3.4818355640535374,33.95,-118.38,1.875
4.1218,35.0,4.943820224719101,34.16,-118.44,3.285
2.1513,43.0,4.407166123778501,32.73,-117.13,1.45
3.5729,17.0,5.563008130081301,33.4,-117.65,3.708
3.5522,11.0,6.0494044993383325,40.55,-122.31,1.001
5.6413,35.0,5.361702127659575,37.44,-122.11,3.766
2.8287,28.0,4.714285714285714,36.58,-119.6,0.731
1.5727,26.0,2.1515711645101665,34.05,-118.27,2.25
3.055,35.0,5.878571428571429,34.07,-117.9,1.72
2.025,33.0,3.432098765432099,33.75,-116.25,0.5
3.6667,31.0,5.581056466302368,32.84,-117.18,1.759
3.7167,43.0,5.418103448275862,33.99,-118.32,1.089
5.0778,16.0,6.274356103023516,33.86,-118.06,2.937
1.9088,20.0,4.422712933753943,32.99,-115.51,0.637
2.5833,35.0,4.472906403940887,34.1,-117.46,0.935
3.1641,21.0,4.833333333333333,34.05,-117.82,1.173
2.5656,21.0,4.375757575757576,33.88,-117.52,1.025
4.4539,28.0,4.889417360285375,33.83,-118.26,1.922
4.8958,33.0,4.75,34.25,-118.44,1.737
0.7473,22.0,3.116650987770461,34.03,-118.29,1.688
6.5138,16.0,8.127098321342926,34.15,-117.62,3.115
1.6187,38.0,3.301994301994302,34.01,-118.34,2.667
3.7143,31.0,4.517829457364341,37.35,-121.83,1.786
3.6,37.0,4.3497267759562845,33.9,-118.1,1.564
4.221,11.0,6.640410958904109,38.36,-122.7,2.271
5.0164,13.0,6.58154859967051,37.98,-121.82,1.652
5.4851,31.0,5.525651144435675,37.91,-122.5,4.411
2.8942,26.0,4.718181818181818,32.73,-117.09,1.241
5.8243,13.0,5.838420107719928,33.89,-117.81,2.979
3.2303,13.0,3.6643518518518516,33.85,-117.89,2.013
1.1122,52.0,2.6440677966101696,34.06,-118.28,1.875
3.125,44.0,4.11328125,34.08,-118.15,2.056
6.2907,15.0,5.974924774322969,37.29,-121.81,2.531
1.4492,29.0,3.781779661016949,35.29,-120.65,2.229
2.9386,18.0,4.895196506550218,34.06,-117.53,1.164
7.7846,26.0,7.663646659116647,34.17,-118.64,4.09
2.575,34.0,5.493265993265993,39.74,-121.83,1.303
2.6368,34.0,5.769021739130435,37.72,-121.22,1.656
5.4032,7.0,5.948654037886341,34.14,-118.72,3.185
4.0179,46.0,4.158690176322418,34.07,-118.35,3.5
1.95,40.0,4.778688524590164,33.97,-117.37,0.848
4.0662,52.0,5.578125,37.74,-122.14,2.042
3.6,44.0,8.419277108433734,36.55,-121.92,4.528
3.7321,41.0,4.659217877094972,33.89,-118.08,1.675
1.9125,36.0,3.332720588235294,34.14,-118.24,2.38
6.2987,23.0,7.1722846441947565,34.48,-119.85,3.482
4.3409,39.0,5.152238805970149,34.09,-117.9,1.918
2.5982,42.0,3.652892561983471,34.09,-118.35,3.158
2.4,25.0,3.2228047182175623,34.08,-118.29,1.739
1.432,44.0,4.04915514592934,34.0,-118.28,1.24
5.0808,24.0,5.008264462809917,37.44,-121.91,2.125
1.7885,40.0,5.916817359855335,41.78,-121.62,0.435
5.9683,34.0,5.468036529680365,33.87,-118.39,3.946
3.1906,11.0,5.877667140825036,33.22,-116.9,2.345
2.9231,21.0,4.005970149253732,33.8,-117.9,0.45
2.6619,32.0,5.349299065420561,37.6,-120.87,0.862
1.2902,43.0,3.3085106382978724,37.64,-121.0,0.675
2.8342,35.0,3.923076923076923,34.16,-118.3,2.568
3.488,23.0,4.7391732283464565,33.94,-118.02,1.918
5.2149,13.0,6.261261261261262,40.52,-122.46,1.465
3.9812,9.0,7.1913875598086126,38.75,-120.54,1.366
4.7321,42.0,6.375,36.96,-121.99,4.224
3.2833,44.0,2.0330188679245285,37.66,-122.41,2.333
1.8516,52.0,6.975609756097561,37.81,-122.3,0.85
6.7559,15.0,7.208173690932312,34.22,-118.91,3.12
2.3454,33.0,2.8876404494382024,34.43,-119.72,2.438
3.1325,27.0,4.378086419753086,33.89,-118.36,2.15
4.3898,52.0,5.32662192393736,37.73,-122.44,2.7
6.0531,25.0,5.833333333333333,33.8,-117.81,2.307
2.2656,23.0,6.690789473684211,39.9,-120.74,0.882
1.7273,19.0,3.432314410480349,32.8,-117.21,1.375
2.1702,27.0,5.008196721311475,35.12,-120.59,1.797
5.0605,32.0,5.7352380952380955,34.18,-118.55,3.11
2.5395,26.0,4.5285996055226825,33.99,-118.12,1.91
4.4611,21.0,6.2759134973900075,34.13,-117.61,1.646
3.7679,10.0,5.313725490196078,34.97,-120.45,1.313
6.1001,29.0,7.023529411764706,33.83,-117.96,2.989
2.1538,25.0,4.324210526315789,40.58,-122.37,0.769
4.425,30.0,5.858461538461539,39.15,-123.17,1.619
3.5938,36.0,5.74384236453202,39.15,-123.22,1.221
5.5085,16.0,5.461920529801325,33.63,-117.66,2.233
5.1491,33.0,6.228843861740167,32.81,-117.19,2.07
3.5802,5.0,5.089689265536723,38.7,-121.35,1.296
3.2731,20.0,5.002502085070892,33.93,-117.45,1.139
5.2405,36.0,6.335,34.09,-117.87,2.2
3.875,44.0,5.691441441441442,37.74,-122.5,2.757
5.2015,37.0,6.194915254237288,33.95,-118.14,3.02
3.9143,8.0,5.306412478336222,38.62,-121.49,1.297
3.7568,4.0,5.727411944869831,33.22,-117.3,1.841
1.7778,44.0,3.448453608247423,33.96,-118.24,1.099
3.9265,11.0,4.975903614457831,38.03,-121.28,1.074
4.6366,40.0,5.311764705882353,37.49,-122.25,3.955
3.3368,11.0,5.923969072164948,34.43,-117.26,0.993
7.0504,14.0,8.009146341463415,34.18,-118.9,3.338
4.6937,33.0,5.316666666666666,37.97,-122.32,1.341
2.8378,25.0,4.099778270509978,33.96,-118.36,1.7
5.3154,18.0,5.4574898785425106,34.66,-120.11,2.894
7.3004,32.0,5.724137931034483,34.17,-119.08,1.25
2.5954,47.0,5.281318681318681,36.98,-122.01,2.294
4.1667,46.0,2.7142857142857144,33.81,-117.99,1.625
4.0985,32.0,5.744394618834081,33.94,-117.98,2.262
2.3169,13.0,5.568286445012788,33.75,-116.91,1.234
5.121,25.0,5.353820598006645,37.33,-121.98,2.876
6.6188,32.0,6.567368421052632,33.75,-118.09,3.8
1.7388,18.0,4.905376344086021,37.36,-118.42,0.544
2.3,30.0,5.015444015444015,34.01,-117.69,0.956
3.7321,33.0,5.616438356164384,34.07,-117.72,1.342
2.1518,16.0,4.896551724137931,37.67,-120.99,1.074
3.875,33.0,3.021276595744681,37.78,-122.18,2.25
0.9573,19.0,2.951219512195122,37.64,-121.0,1.625
3.5625,34.0,3.948186528497409,37.38,-121.84,2.018
3.0677,37.0,4.439024390243903,33.93,-118.34,1.677
4.3897,3.0,5.584053794428434,33.44,-117.59,3.413
3.4423,6.0,2.359154929577465,37.79,-122.42,1.175
1.9073,29.0,5.635593220338983,37.12,-120.16,0.792
2.6312,28.0,4.169312169312169,33.9,-118.31,1.713
5.0731,52.0,5.2489539748953975,37.76,-122.44,4.054
3.4239,12.0,4.518648018648019,36.69,-121.8,1.948
3.3679,52.0,4.613412228796844,37.77,-122.45,3.5
3.1711,52.0,5.058309037900875,38.23,-122.65,2.008
4.4423,37.0,5.684350132625995,33.84,-118.12,2.16
1.1667,52.0,3.75,37.81,-122.27,1.125
2.6389,45.0,5.497175141242938,35.07,-119.45,0.3
1.3021,52.0,3.99163179916318,34.06,-117.18,1.0
3.5446,19.0,6.8045738045738045,37.39,-119.59,1.065
4.1405,5.0,5.956695156695156,33.23,-117.27,1.985
2.4167,20.0,4.808917197452229,39.0,-121.44,0.67
3.1856,32.0,5.472081218274112,37.68,-121.76,1.869
2.4135,52.0,4.031890660592255,34.07,-118.21,1.672
3.1753,27.0,5.134228187919463,35.35,-119.04,0.85
4.6473,36.0,5.482758620689655,33.81,-118.13,2.271
1.6375,18.0,4.566009104704097,34.13,-117.33,0.724
1.7228,36.0,4.962264150943396,37.79,-121.22,1.05
1.175,52.0,4.958158995815899,36.76,-119.79,0.561
3.2229,15.0,2.953216374269006,33.71,-117.76,1.083
4.0,37.0,4.341389728096677,37.57,-122.31,2.737
3.16,23.0,3.8088235294117645,37.34,-122.04,2.25
2.75,27.0,3.296979865771812,34.03,-118.46,3.273
2.5162,21.0,4.429347826086956,38.62,-121.41,0.975
3.13,18.0,5.829457364341085,41.88,-123.83,1.167
2.053,31.0,2.348333333333333,34.05,-118.29,2.292
3.1538,39.0,5.072463768115942,33.92,-118.2,1.556
3.875,22.0,4.313775510204081,33.93,-118.03,1.647
4.3269,13.0,5.926686217008798,33.79,-117.8,2.314
5.2578,39.0,5.820754716981132,37.79,-122.18,2.53
2.1522,43.0,3.4525316455696204,33.98,-118.2,1.594
1.7564,19.0,5.577720207253886,36.06,-118.99,0.426
2.6713,35.0,5.770588235294118,38.69,-121.38,0.844
5.6674,11.0,6.196969696969697,33.02,-116.84,2.098
1.6111,13.0,4.35064935064935,37.8,-121.22,0.741
4.7969,25.0,6.283042394014963,34.11,-117.8,2.117
2.8807,17.0,5.724288840262582,38.73,-120.84,1.426
3.8038,22.0,4.574324324324325,33.72,-118.05,1.745
2.6042,34.0,3.7163636363636363,33.98,-118.19,1.567
2.136,8.0,4.106035889070147,32.81,-116.94,1.435
1.6389,29.0,4.573122529644269,33.97,-117.38,1.55
5.9214,35.0,5.463157894736842,34.04,-118.12,2.549
3.2386,32.0,3.948170731707317,37.6,-122.02,1.496
2.3042,36.0,4.461538461538462,32.75,-117.24,2.206
4.0388,17.0,4.877598152424942,33.51,-117.67,1.204
3.45,52.0,5.573913043478261,38.23,-122.65,2.006
5.2421,40.0,5.330935251798561,37.43,-122.2,4.445
2.6812,43.0,5.843023255813954,37.98,-121.27,0.728
2.0536,44.0,2.7660550458715596,34.03,-118.15,1.864
2.1842,40.0,4.325102880658436,34.09,-117.3,0.752
1.1563,26.0,3.59245960502693,34.02,-118.29,1.188
3.725,32.0,6.266272189349112,38.68,-121.42,1.122
3.0189,29.0,5.557065217391305,32.8,-117.0,1.441
6.2895,45.0,6.5,34.04,-118.38,3.404
2.6607,25.0,5.584070796460177,38.93,-119.98,0.904
3.7344,31.0,5.6770186335403725,33.95,-117.44,1.153
2.0694,33.0,3.344519015659955,33.97,-118.35,1.435
4.9932,18.0,6.211812627291242,33.99,-117.94,2.84
1.64,25.0,3.9119718309859155,32.75,-117.12,1.3
3.2778,41.0,4.5,33.8,-118.21,1.508
2.535,43.0,4.861538461538461,39.21,-121.05,1.171
4.3864,28.0,5.08955223880597,37.89,-122.07,2.668
2.5025,38.0,4.708971553610503,37.79,-121.22,1.019
5.0452,40.0,5.431623931623932,33.9,-118.36,2.319
4.6071,30.0,6.114180478821363,37.97,-121.99,1.841
4.0,31.0,4.990521327014218,33.95,-118.15,2.632
3.6597,21.0,5.962121212121212,34.17,-119.17,1.951
2.5455,47.0,3.1946902654867255,34.05,-118.21,1.143
3.1607,37.0,4.523985239852398,33.98,-118.09,1.722
2.8583,19.0,4.100358422939068,33.62,-117.72,1.058
6.5901,17.0,6.729400749063671,33.88,-118.06,3.374
4.8295,37.0,5.51603498542274,34.19,-118.52,2.121
3.3411,34.0,4.2560975609756095,33.93,-118.15,2.205
2.4962,37.0,5.324324324324325,37.75,-122.17,0.918
3.525,12.0,6.143636363636364,36.7,-121.54,2.017
2.5872,31.0,3.8357963875205257,32.75,-117.13,1.306
3.3512,32.0,4.224308300395257,34.1,-118.07,2.141
7.0778,26.0,7.3150984682713345,33.99,-117.98,3.343
2.9714,37.0,4.071428571428571,33.96,-118.05,1.603
4.21,45.0,5.089171974522293,34.12,-118.18,1.679
2.3787,19.0,4.582037996545768,38.58,-121.3,0.913
3.3074,34.0,5.71578947368421,38.68,-121.37,0.842
3.0125,23.0,3.8745318352059925,34.2,-118.38,1.817
2.2614,50.0,5.378698224852071,36.78,-119.8,0.73
1.0633,18.0,3.0725552050473186,38.54,-121.73,1.375
1.7716,29.0,4.131616595135909,35.24,-118.91,0.455
2.085,9.0,4.3393258426966295,32.71,-117.1,0.926
3.1607,52.0,4.313679245283019,33.99,-118.45,3.39
5.0374,30.0,5.412955465587045,36.74,-121.62,1.654
2.7083,45.0,4.678571428571429,34.01,-118.13,1.618
7.0309,29.0,5.436781609195402,37.41,-122.15,4.75
7.9068,17.0,7.66219723183391,34.15,-117.71,3.491
4.0536,36.0,6.597701149425287,33.94,-118.32,1.89
2.8258,37.0,4.238670694864048,37.47,-122.2,2.328
3.3021,34.0,5.671957671957672,38.92,-121.05,1.588
3.7857,16.0,5.077504725897921,38.69,-121.34,1.127
5.9582,21.0,6.176938369781312,33.72,-117.95,2.88
3.0897,24.0,5.136245110821382,32.75,-117.03,1.873
3.5,26.0,6.373493975903615,38.92,-120.0,1.036
3.4125,46.0,3.587121212121212,36.92,-121.76,1.607
4.5461,16.0,7.723287671232876,35.1,-120.3,2.708
1.4625,47.0,4.201117318435754,33.97,-118.26,0.942
1.9423,22.0,2.6218487394957983,33.9,-118.22,0.984
2.3438,42.0,2.886977886977887,34.07,-118.27,2.133
3.6875,34.0,4.419664268585132,34.18,-118.45,2.464
3.325,39.0,4.869426751592357,34.22,-118.44,1.782
2.5074,35.0,4.882154882154882,40.42,-120.66,0.664
2.625,23.0,5.101176470588236,36.77,-119.83,0.716
2.0259,42.0,4.8119891008174385,34.04,-118.32,1.688
5.1645,26.0,5.48,33.88,-118.08,2.449
5.0479,22.0,5.13587786259542,37.63,-122.46,2.804
1.4766,36.0,4.164383561643835,36.76,-119.74,0.528
2.8333,15.0,3.708955223880597,34.23,-118.36,1.832
2.6673,25.0,3.192039800995025,34.13,-118.26,2.181
1.9766,42.0,4.586666666666667,36.69,-119.58,0.581
2.4798,36.0,5.8120805369127515,37.79,-121.2,1.015
2.7348,16.0,4.2625250501002006,32.99,-117.26,2.313
5.6756,12.0,6.752998667258996,34.21,-119.25,3.018
2.0182,36.0,4.155172413793103,34.7,-118.14,0.984
3.2649,17.0,3.835221421215242,33.91,-118.34,2.021
5.143,9.0,6.139896373056994,37.98,-121.33,1.765
3.4058,13.0,3.334417344173442,34.03,-118.4,2.75
7.2211,23.0,7.557077625570776,37.68,-121.92,2.919
2.1776,22.0,5.4437229437229435,39.39,-121.59,0.738
5.6409,35.0,5.56231884057971,33.87,-117.88,1.909
3.4291,6.0,4.8041575492341355,38.61,-121.49,1.053
4.125,34.0,4.283464566929134,33.21,-117.23,1.646
4.5,18.0,6.142857142857143,38.46,-122.91,2.519
3.5083,14.0,4.242957746478873,34.19,-118.3,2.809
3.35,25.0,4.121468926553672,33.88,-118.35,2.375
4.5588,17.0,6.053691275167785,38.43,-122.67,1.964
4.3897,36.0,6.022950819672131,33.8,-118.11,2.35
3.0703,16.0,5.710651828298887,38.7,-121.32,1.26
3.8864,36.0,5.438405797101449,37.69,-122.15,1.973
3.4659,31.0,5.144288577154309,32.78,-117.02,1.63
2.3276,29.0,4.731075697211155,38.31,-122.48,1.662
3.0911,27.0,5.5285087719298245,37.36,-120.6,0.869
2.7109,37.0,4.292,33.91,-118.21,1.33
5.3847,32.0,6.149681528662421,34.27,-118.53,3.292
5.2957,18.0,6.4839319470699435,38.09,-122.2,1.719
3.0687,34.0,4.08029197080292,33.94,-117.47,0.885
3.8846,19.0,5.659574468085107,33.66,-116.21,1.009
1.245,42.0,3.624254473161034,38.58,-121.48,1.375
4.625,42.0,5.304878048780488,34.12,-118.0,1.738
3.1677,39.0,4.228937728937729,34.07,-118.37,4.534
4.5417,50.0,5.038461538461538,37.71,-122.45,2.337
2.2071,34.0,5.71712158808933,35.49,-119.38,0.646
4.5759,43.0,4.728476821192053,34.23,-118.26,2.092
3.654,38.0,4.9363636363636365,32.75,-117.17,2.49
5.1165,40.0,5.747368421052632,33.94,-117.76,1.842
6.0145,14.0,6.156748911465892,34.23,-118.87,2.871
2.9781,31.0,3.642737896494157,32.8,-117.25,2.125
3.9583,7.0,4.7421602787456445,32.74,-116.95,1.417
2.0729,25.0,5.566037735849057,36.56,-119.38,0.847
2.6818,37.0,3.565610859728507,33.98,-118.21,1.646
2.0324,35.0,4.216666666666667,36.78,-119.81,0.555
2.2946,34.0,4.161716171617162,33.95,-118.27,0.888
2.7981,22.0,4.83623693379791,33.88,-118.36,2.75
3.2125,26.0,4.352,33.63,-117.9,4.55
3.4375,34.0,5.293478260869565,37.34,-121.96,2.526
3.4044,48.0,5.093085106382978,33.97,-117.39,1.179
4.125,52.0,3.125,34.07,-117.37,2.625
4.1827,31.0,5.915555555555556,37.59,-122.55,3.455
3.5978,27.0,6.013333333333334,40.45,-122.24,0.806
6.1461,26.0,7.847633136094674,34.03,-117.15,2.171
6.1309,52.0,6.578199052132701,32.75,-117.19,4.116
1.3594,36.0,5.026315789473684,36.95,-120.04,0.483
6.4598,18.0,7.8400735294117645,33.62,-117.69,2.827
4.555,39.0,4.900621118012422,34.25,-117.55,1.531
3.7931,26.0,5.724050632911393,37.61,-122.08,2.039
6.86,33.0,8.26027397260274,37.75,-122.12,2.5
3.4671,52.0,3.824324324324324,37.77,-122.41,2.5
2.2717,18.0,5.520259319286872,39.83,-120.46,0.759
3.25,45.0,4.800595238095238,37.97,-122.03,1.511
3.3724,16.0,5.740671641791045,35.94,-121.0,1.146
2.2391,43.0,3.4068825910931175,33.95,-118.23,1.528
3.5893,17.0,5.298076923076923,37.86,-122.07,2.063
2.3125,48.0,5.025714285714286,39.2,-121.05,1.083
3.3553,7.0,5.229213483146068,32.7,-117.01,1.322
3.625,18.0,6.469135802469136,38.37,-122.0,1.25
1.2209,38.0,2.907117008443908,38.57,-121.49,0.879
2.4145,14.0,5.838709677419355,33.77,-116.94,1.376
5.7778,41.0,5.274398868458275,34.1,-118.27,4.127
4.1458,52.0,5.354166666666667,37.74,-122.16,1.434
2.4306,39.0,4.899209486166008,37.34,-121.87,2.891
2.2969,16.0,4.140476190476191,33.88,-117.58,1.161
6.0362,20.0,5.082959641255606,33.77,-118.12,4.635
3.0465,43.0,4.528673835125448,37.76,-122.51,2.742
3.5114,41.0,4.401273885350318,37.68,-122.09,1.975
2.4741,34.0,5.611111111111111,38.53,-121.45,0.87
1.2344,52.0,5.316602316602316,36.73,-119.78,0.433
3.1734,38.0,6.0602409638554215,37.67,-122.13,1.816
4.877,6.0,4.782552083333333,33.57,-117.71,1.443
5.0574,37.0,5.530487804878049,33.8,-118.1,2.408
1.8899,23.0,4.664233576642336,32.77,-117.05,1.477
4.7721,52.0,5.772388059701493,37.8,-122.2,2.171
2.425,39.0,5.832844574780059,34.14,-117.29,0.9
4.7679,11.0,6.390804597701149,32.72,-116.99,1.695
4.2312,22.0,4.488027366020525,37.36,-121.83,1.838
3.9024,13.0,5.759342301943199,34.03,-117.32,1.224
3.5436,16.0,5.013824884792626,38.03,-121.92,1.002
4.7861,34.0,5.980997624703088,33.91,-118.02,2.107
5.1099,26.0,5.7664092664092665,37.37,-121.81,2.131
0.9011,50.0,6.229508196721311,37.81,-122.29,0.861
3.5625,32.0,5.016372795969773,37.26,-121.91,2.552
3.0691,16.0,3.933911159263272,34.19,-118.92,1.304
6.221,52.0,6.571428571428571,37.6,-122.4,4.203
2.2898,42.0,4.563981042654029,36.96,-120.07,0.661
3.3125,42.0,4.890675241157556,34.18,-118.15,1.549
1.8316,40.0,3.7833876221498373,34.03,-118.36,1.135
3.7308,35.0,5.690476190476191,33.9,-118.03,2.024
4.9485,32.0,6.167192429022082,37.95,-122.03,2.023
2.8542,37.0,3.996192893401015,36.68,-121.61,1.276
5.0672,24.0,5.919776119402985,37.95,-122.08,2.43
4.6167,13.0,6.221052631578948,35.06,-120.61,2.731
2.2926,17.0,4.860896445131376,39.2,-123.21,1.493
4.1023,46.0,4.80859375,33.92,-118.36,2.268
3.7552,45.0,5.178362573099415,37.74,-122.5,2.966
5.5461,36.0,6.224137931034483,37.71,-122.19,2.625
5.2798,14.0,6.355184743742551,37.96,-121.92,2.374
2.7002,6.0,4.149245388485188,34.05,-117.31,0.883
2.9297,28.0,4.699551569506727,37.79,-122.19,1.405
3.6019,33.0,4.615555555555556,34.18,-118.45,2.25
3.2344,52.0,5.563953488372093,37.88,-122.28,2.455
2.0643,33.0,4.7897727272727275,35.37,-118.94,0.576
3.0134,41.0,3.9130434782608696,33.91,-118.18,1.281
1.7207,40.0,3.0656814449917897,33.98,-118.25,1.051
6.7418,23.0,6.952461799660441,33.73,-118.01,3.025
6.1014,44.0,5.280104712041885,34.01,-118.47,4.801
4.75,35.0,5.626984126984127,33.86,-117.94,1.856
5.6417,13.0,6.76,37.66,-121.84,3.529
3.0187,16.0,3.883578431372549,34.23,-118.46,1.546
3.7562,48.0,5.8504901960784315,37.75,-122.49,3.212
2.7813,35.0,5.49375,39.23,-121.09,1.092
4.0018,14.0,3.5860555826426133,37.84,-122.3,1.438
1.8696,52.0,4.62962962962963,32.71,-117.14,0.911
4.5556,35.0,5.236238532110092,37.47,-122.24,3.186
3.9792,22.0,5.855203619909502,40.8,-124.02,1.339
4.1023,29.0,5.37414030261348,34.23,-118.58,2.302
3.1133,27.0,4.201923076923077,34.11,-117.85,1.806
4.6371,31.0,5.5761421319796955,37.57,-122.31,2.711
1.2034,52.0,5.5825825825825826,34.13,-117.3,0.795
1.2656,17.0,6.466666666666667,33.92,-114.67,0.275
5.6399,14.0,6.389140271493213,37.66,-121.85,3.006
2.9154,9.0,3.7192513368983957,33.79,-118.3,2.033
3.8906,46.0,5.426923076923077,34.09,-118.1,2.383
4.3472,15.0,5.923832923832924,38.34,-122.47,2.61
1.6652,34.0,3.8755244755244753,33.97,-118.28,0.99
3.0,32.0,5.292792792792793,37.4,-120.94,1.094
5.37,26.0,6.127579737335835,37.76,-122.13,2.754
2.5234,40.0,5.245098039215686,37.96,-121.26,0.628
2.875,30.0,4.421686746987952,32.76,-117.1,1.396
3.4231,6.0,4.711428571428572,38.0,-121.35,1.238
4.6705,19.0,6.3896103896103895,38.43,-122.91,2.698
4.125,36.0,5.178571428571429,37.66,-122.42,3.276
2.5387,20.0,4.185263157894737,37.0,-121.56,1.601
1.9647,23.0,4.093220338983051,35.29,-120.66,2.536
1.4786,24.0,4.407317073170732,35.38,-118.98,0.548
3.1964,36.0,4.151724137931034,33.92,-118.21,1.154
2.652,17.0,5.248543689320388,38.3,-122.48,1.713
3.375,45.0,5.377777777777778,37.71,-122.18,1.575
3.37,36.0,4.96013018714402,32.72,-117.12,1.591
5.2134,13.0,7.564102564102564,36.36,-119.64,0.974
1.8814,40.0,4.418897637795276,37.94,-121.28,0.577
3.2011,48.0,4.941463414634146,37.78,-122.45,4.283
5.5385,43.0,6.972093023255814,37.93,-122.54,4.318
1.9531,30.0,4.097560975609756,33.99,-118.27,1.0
2.5,28.0,6.263513513513513,38.69,-121.43,0.962
1.7857,25.0,5.019354838709678,38.81,-121.58,2.583
3.0846,47.0,5.933333333333334,36.34,-119.65,0.761
5.2039,24.0,5.693843594009984,34.4,-119.51,3.013
3.975,18.0,3.9081632653061225,33.8,-117.99,1.625
5.409,16.0,8.151960784313726,33.7,-117.78,2.339
3.3427,16.0,3.748995983935743,33.79,-118.29,1.542
4.9559,43.0,6.6923076923076925,37.8,-122.2,2.73
2.5208,21.0,4.858247422680412,35.68,-119.24,0.585
1.3993,28.0,4.806709265175719,34.03,-117.05,1.046
4.8295,43.0,5.9175,37.62,-122.42,3.19
4.0484,11.0,5.934179222839017,33.09,-117.06,2.625
4.1346,26.0,5.626506024096385,37.48,-121.02,1.875
3.5455,34.0,5.637614678899083,33.84,-117.95,1.8
6.6207,16.0,6.858546168958743,33.84,-117.75,2.705
3.3281,21.0,4.2382176520994,33.88,-118.29,2.37
3.6477,28.0,4.928363988383349,33.82,-118.26,1.174
2.7374,9.0,4.433444259567388,38.01,-121.88,1.5
1.6437,24.0,4.307479224376731,33.92,-118.23,0.988
5.3994,23.0,5.019157088122605,37.44,-121.88,2.379
6.5206,14.0,6.1907790143084265,33.47,-117.71,3.685
3.3833,20.0,4.55524861878453,37.29,-121.83,1.152
4.2723,23.0,5.531772575250836,38.91,-121.15,1.931
3.1591,35.0,5.382075471698113,34.04,-117.96,1.483
1.5455,13.0,5.822222222222222,38.94,-122.62,0.55
2.4526,29.0,5.782051282051282,41.31,-122.3,0.971
1.9872,48.0,3.7896995708154506,33.78,-118.2,1.688
5.1837,6.0,6.364681295715778,33.1,-117.29,2.598
3.2027,11.0,5.276073619631902,38.86,-120.92,1.286
0.4999,52.0,3.875,34.06,-117.75,1.125
4.8594,38.0,6.363636363636363,34.1,-118.06,2.659
3.5112,19.0,5.336225596529284,36.97,-121.91,2.319
5.3057,26.0,4.596875,37.44,-121.88,2.264
3.864,24.0,5.444714459295262,33.96,-117.41,1.234
5.1321,23.0,5.160388821385176,37.55,-122.05,2.113
4.1641,16.0,6.404494382022472,33.14,-117.12,1.636
4.5841,4.0,7.006453099792579,33.52,-117.12,2.123
6.5861,26.0,5.954206602768903,33.82,-118.33,4.178
2.6757,16.0,4.682251908396947,36.98,-121.96,2.292
3.75,52.0,5.024793388429752,37.77,-122.46,4.357
3.6442,17.0,4.584586466165414,33.8,-118.07,1.931
3.4625,36.0,5.7224264705882355,37.98,-121.33,0.846
4.7589,16.0,5.200923787528868,34.01,-117.88,1.782
2.5,18.0,4.136363636363637,36.72,-120.67,1.125
2.3013,34.0,4.8979591836734695,35.13,-119.45,0.266
4.3309,28.0,6.820855614973262,39.75,-121.8,1.252
3.9615,11.0,5.7525641025641026,37.99,-121.34,1.946
2.2156,26.0,3.773076923076923,33.94,-117.94,1.45
3.4087,45.0,4.67948717948718,34.15,-118.07,2.092
6.4246,25.0,6.051808406647116,33.72,-118.33,4.467
1.7641,38.0,2.4232121922626026,34.1,-118.3,2.5
6.4211,17.0,7.0353535353535355,33.03,-117.09,2.207
3.135,10.0,4.028938906752412,37.32,-121.82,2.314
1.4896,39.0,4.381615598885793,34.11,-117.28,0.695
5.7039,19.0,5.674285714285714,33.85,-118.1,2.776
3.5375,38.0,5.840425531914893,39.68,-121.84,1.531
1.1141,39.0,4.566964285714286,37.97,-121.27,0.544
2.2548,35.0,4.631578947368421,33.92,-117.45,1.133
2.4728,20.0,4.494974874371859,38.29,-122.3,1.397
5.2803,35.0,4.710982658959537,37.42,-122.12,3.621
2.1781,32.0,3.4900763358778626,34.06,-118.05,1.745
2.506,25.0,3.374717832957111,34.14,-118.25,1.845
3.7083,43.0,5.166666666666667,33.83,-118.22,1.752
4.4083,41.0,4.311546840958606,34.23,-118.25,2.177
4.6225,13.0,6.115695067264574,38.54,-121.7,2.265
3.3864,45.0,4.824175824175824,34.08,-118.36,3.979
3.7917,36.0,5.579088471849866,37.47,-122.14,1.606
2.0,32.0,3.7413333333333334,33.98,-118.2,1.727
2.9469,4.0,4.297247706422018,33.19,-117.26,2.161
2.8958,32.0,5.758122743682311,40.62,-124.17,0.864
3.3966,20.0,5.375,33.98,-117.48,1.15
4.2917,37.0,5.14859437751004,33.93,-118.31,1.279
2.7201,17.0,5.626118067978533,38.75,-120.63,1.175
3.25,28.0,5.528673835125448,34.0,-118.35,3.01
1.6571,31.0,4.289137380191693,39.15,-123.21,1.089
3.1942,24.0,5.628828828828829,38.69,-121.44,0.949
4.8523,36.0,5.941666666666666,33.96,-118.12,2.673
2.5114,32.0,4.208510638297873,34.11,-118.01,2.122
6.6818,25.0,6.345,37.3,-122.04,4.113
1.9375,40.0,4.766891891891892,36.78,-119.77,0.677
4.4228,23.0,4.514239218877136,33.99,-118.42,3.669
2.1992,26.0,2.6337741607324516,33.74,-117.85,1.708
6.0621,20.0,6.512195121951219,37.06,-122.0,3.044
4.4886,21.0,6.45119305856833,37.5,-120.82,1.354
6.177,20.0,6.938461538461539,37.68,-121.91,2.629
2.325,35.0,6.908355795148248,36.94,-118.31,0.806
3.3625,47.0,4.632022471910112,37.71,-122.4,2.237
1.6351,23.0,4.9950248756218905,32.79,-115.55,0.596
6.1536,37.0,6.838905775075988,34.12,-118.02,3.66
5.6716,15.0,6.286050156739812,33.98,-117.95,3.304
2.6042,52.0,3.4216867469879517,32.74,-117.16,2.25
1.4091,34.0,5.785714285714286,34.63,-117.92,1.375
1.0648,39.0,4.216901408450704,35.38,-118.98,0.5
2.6979,17.0,4.983310152990264,34.0,-117.55,0.75
4.1151,22.0,5.297491039426523,33.77,-117.83,2.032
2.5865,47.0,4.681818181818182,38.12,-122.25,1.098
6.6478,21.0,7.030921052631579,37.55,-121.95,3.334
4.1974,14.0,6.058035714285714,38.33,-121.1,1.578
3.3534,41.0,4.318367346938776,34.21,-118.61,1.805
1.2668,27.0,2.7605321507760534,32.72,-117.16,2.25
6.3501,23.0,6.299479166666667,37.66,-122.04,3.5
4.6989,14.0,6.291469194312796,38.4,-121.22,2.138
3.1538,43.0,3.506726457399103,34.01,-118.13,1.543
3.9286,13.0,5.959183673469388,37.52,-120.8,1.458
1.9206,26.0,4.097639484978541,37.62,-120.98,0.813
1.5208,52.0,3.9080459770114944,37.81,-122.28,1.125
3.4871,30.0,5.682060390763765,34.09,-117.74,1.364
2.4583,29.0,3.8214285714285716,33.92,-118.18,1.369
6.5745,35.0,5.698717948717949,33.89,-118.38,3.793
2.0286,32.0,3.6842105263157894,34.29,-118.44,1.229
3.0,11.0,6.9854651162790695,37.64,-120.31,1.208
2.375,20.0,5.818639798488665,39.17,-123.73,1.588
2.8036,46.0,4.053333333333334,37.89,-122.3,2.116
5.9164,23.0,6.605194805194805,37.24,-121.83,2.374
3.3942,32.0,4.515037593984962,32.81,-117.25,3.074
7.313,35.0,7.061482820976492,37.43,-122.11,4.637
4.9844,52.0,4.541666666666667,34.08,-118.24,1.875
2.8882,10.0,7.8519736842105265,33.68,-116.3,1.375
3.049,33.0,3.171232876712329,37.7,-122.48,3.07
2.65,38.0,4.6887966804979255,32.77,-117.07,1.676
2.9545,47.0,5.632241813602015,36.75,-119.74,0.596
3.8125,38.0,5.758720930232558,34.15,-117.28,0.974
2.945,52.0,4.27456647398844,34.08,-118.38,4.314
4.4292,17.0,4.950965824665676,34.18,-119.22,2.312
2.4297,33.0,3.9565972222222223,32.76,-117.12,1.39
4.0417,32.0,5.351515151515152,33.81,-117.85,2.345
3.4492,34.0,5.787790697674419,39.12,-121.63,0.988
2.0278,33.0,5.458149779735683,37.13,-120.26,0.588
5.0052,44.0,5.463503649635037,33.83,-118.18,3.218
3.0398,31.0,4.587470449172577,34.15,-118.4,3.691
3.0864,29.0,6.16751269035533,38.62,-121.32,1.779
5.5402,20.0,6.56175972927242,34.22,-118.89,2.646
2.3934,33.0,5.259740259740259,35.59,-119.34,0.719
5.9941,23.0,6.495274102079395,34.05,-118.11,2.667
2.5902,14.0,5.202608695652174,34.09,-117.35,1.115
6.981,31.0,6.645833333333333,34.21,-118.33,4.029
5.0714,33.0,5.799319727891157,37.27,-121.9,2.556
2.3036,22.0,6.246808510638298,39.97,-121.51,0.73
1.0962,11.0,4.092651757188499,36.19,-119.32,0.723
3.0057,22.0,6.751461988304094,39.24,-120.02,0.936
3.3125,39.0,5.589506172839506,33.83,-118.18,4.255
6.3433,15.0,7.36848792884371,33.94,-117.91,3.505
5.1708,41.0,5.741228070175438,34.01,-118.44,4.188
2.4211,22.0,5.046511627906977,37.71,-120.98,2.688
2.7388,15.0,4.077071290944123,38.67,-121.27,1.116
0.8984,32.0,4.201581027667984,33.93,-118.24,0.887
3.0383,20.0,3.568093385214008,36.63,-121.89,2.173
3.25,17.0,5.277777777777778,39.13,-122.95,1.375
3.3182,46.0,5.3875,37.77,-120.69,2.821
3.5671,28.0,4.7049525816649105,34.13,-118.08,2.285
3.2131,4.0,4.373493975903615,34.05,-117.21,1.375
2.181,36.0,3.399581589958159,34.04,-118.2,1.472
3.8803,6.0,5.762492981471084,34.58,-117.78,1.2
1.223,30.0,4.02076124567474,33.98,-118.29,1.0
5.6293,15.0,6.4192307692307695,38.03,-122.25,1.976
2.035,19.0,5.060728744939271,40.16,-122.24,0.551
4.064,34.0,4.852216748768473,34.08,-117.94,2.012
3.0437,20.0,3.860805860805861,36.42,-121.32,0.766
2.8648,29.0,4.7405857740585775,33.73,-116.23,0.721
2.6352,12.0,5.633967789165447,40.32,-122.34,0.922
4.2798,14.0,3.9945205479452053,33.76,-117.84,2.188
2.462,6.0,3.2325581395348837,34.04,-118.26,1.625
5.4788,28.0,7.782608695652174,33.83,-117.56,3.393
4.0658,44.0,4.523456790123457,33.87,-118.18,1.751
3.7557,16.0,6.282110091743119,41.8,-124.17,1.094
4.3533,35.0,4.9877622377622375,37.69,-121.78,1.684
4.4474,42.0,4.176829268292683,33.83,-118.22,1.602
2.3319,15.0,5.488745980707395,32.68,-115.48,0.912
3.0495,16.0,5.413872832369942,32.59,-117.05,0.983
2.5562,43.0,6.072463768115942,36.65,-119.53,0.932
3.3315,18.0,5.345565749235474,40.45,-122.37,0.854
1.5313,19.0,5.609489051094891,39.49,-121.53,0.503
7.642,23.0,7.232981783317354,34.19,-118.66,3.749
4.4536,23.0,5.7468671679198,37.98,-121.99,1.84
3.7045,52.0,4.720430107526882,37.5,-122.26,3.605
5.697,38.0,5.984455958549223,37.95,-122.54,4.357
2.7846,21.0,5.130590339892666,33.22,-117.33,0.912
2.3463,16.0,4.196805111821086,36.68,-121.64,1.561
1.0714,36.0,2.7995495495495497,34.05,-118.22,1.375
3.6362,6.0,4.871772805507745,34.17,-117.32,1.065
1.8187,36.0,4.4734513274336285,32.7,-117.12,0.841
3.6712,30.0,3.6599825632083696,37.46,-122.15,3.086
1.4917,35.0,3.8472906403940885,33.93,-118.26,0.932
3.2425,45.0,4.678474114441417,38.81,-123.02,1.388
3.3536,17.0,4.2419962335216574,33.15,-117.34,2.833
3.2872,17.0,4.558295964125561,38.01,-121.34,1.75
1.8771,34.0,2.5783505154639177,34.08,-118.3,2.475
2.5179,42.0,4.424242424242424,33.93,-118.28,0.974
3.95,40.0,5.517571884984026,34.02,-118.11,2.102
2.5885,52.0,4.842639593908629,34.01,-118.3,1.362
6.3443,39.0,5.508130081300813,37.62,-122.42,3.247
6.2517,25.0,7.195372750642673,33.99,-117.96,3.111
5.0275,36.0,5.469387755102041,33.83,-117.92,1.793
4.0938,29.0,5.721973094170403,38.6,-121.29,1.091
6.0609,25.0,6.582792207792208,33.74,-118.01,2.649
3.996,36.0,6.257425742574258,35.41,-118.97,0.855
3.2465,19.0,5.8769716088328074,33.79,-118.05,2.774
1.5489,13.0,5.65,34.15,-116.33,0.574
3.4583,31.0,4.4674556213017755,33.84,-117.96,1.863
1.3007,24.0,3.1424870466321244,38.1,-122.26,0.946
2.398,18.0,5.395299145299146,38.54,-121.42,0.876
4.5167,26.0,5.2593856655290105,34.23,-118.5,3.19
5.1249,48.0,6.155902004454343,32.69,-117.18,4.324
2.621,28.0,4.790152403282533,34.1,-117.76,2.022
2.4444,46.0,5.109014675052411,34.03,-118.34,1.341
4.625,19.0,6.155709342560554,33.01,-117.05,2.111
2.4286,32.0,5.029824561403509,36.77,-119.83,0.681
2.4735,43.0,5.185792349726776,34.1,-117.43,0.899
6.4333,16.0,6.198952879581152,34.02,-117.87,2.715
4.0729,16.0,5.297297297297297,33.84,-116.51,1.0
5.4858,5.0,5.204488778054863,37.68,-122.18,1.878
1.4583,32.0,4.681159420289855,32.98,-115.52,0.586
2.6042,46.0,4.489563567362429,37.79,-122.22,1.247
2.1434,20.0,5.755952380952381,35.87,-119.3,0.626
6.8099,15.0,6.221590909090909,33.03,-117.07,3.282
6.0777,35.0,5.918681318681319,37.36,-122.06,3.275
2.8261,24.0,4.532994923857868,33.75,-117.82,1.465
4.0147,34.0,6.0246913580246915,34.58,-118.07,1.074
2.1439,38.0,4.661764705882353,36.77,-119.76,0.602
3.6128,10.0,3.8323529411764707,34.16,-118.37,2.25
6.5783,15.0,5.9335443037974684,33.69,-117.79,2.448
6.2712,47.0,6.949090909090909,37.94,-122.32,2.677
3.9963,33.0,5.671974522292993,34.65,-118.19,1.268
6.0162,20.0,5.639830508474576,33.82,-118.03,3.185
5.1418,32.0,5.030508474576271,33.79,-117.88,1.903
4.0882,16.0,5.851351351351352,33.41,-117.19,2.961
1.1563,38.0,4.84390243902439,32.71,-117.13,0.827
3.358,26.0,4.253475935828877,34.1,-118.35,3.645
5.7306,15.0,6.803174603174603,34.88,-120.45,2.697
1.0208,38.0,3.345890410958904,33.96,-118.27,0.864
4.8438,22.0,5.490312965722802,33.83,-118.24,2.131
1.9798,49.0,4.822368421052632,37.86,-122.28,1.474
3.7604,36.0,4.2631578947368425,33.9,-118.09,1.587
2.0278,46.0,5.189024390243903,34.17,-118.15,1.275
6.9508,18.0,6.906577693040991,37.22,-121.86,3.612
4.4861,47.0,4.678466076696165,33.96,-118.31,1.404
5.1182,17.0,6.00250626566416,33.84,-117.87,2.492
1.1642,14.0,2.342070773263434,34.06,-118.28,4.0
2.2847,26.0,6.001420454545454,35.28,-120.69,2.47
2.5556,42.0,5.3004587155963305,36.57,-119.6,0.697
2.5536,31.0,4.071917808219178,37.97,-121.26,0.505
3.1371,11.0,5.070222822417286,38.57,-121.76,2.018
4.6349,31.0,6.052795031055901,37.54,-121.97,1.962
3.5174,36.0,4.5479452054794525,34.21,-118.23,2.68
4.2115,34.0,5.474747474747475,38.35,-122.0,1.189
4.4167,28.0,4.282846715328467,34.09,-118.39,4.25
4.9688,4.0,6.333333333333333,34.06,-117.13,1.632
6.8132,4.0,6.359838274932614,37.68,-121.85,2.825
4.4375,13.0,4.548387096774194,32.69,-117.06,1.549
6.1935,11.0,6.131645569620253,33.64,-117.64,2.932
4.15,19.0,6.180451127819549,38.51,-121.3,1.575
4.8542,31.0,4.868804664723032,37.3,-121.97,2.75
2.3716,52.0,3.9415730337078654,34.03,-118.2,1.228
4.4,52.0,5.967667436489608,37.34,-121.92,3.913
4.2727,46.0,5.837349397590361,37.8,-122.19,2.469
4.4091,37.0,5.4171597633136095,33.93,-118.33,1.484
2.2687,34.0,3.642857142857143,32.75,-117.16,2.0
2.9643,38.0,3.7400346620450606,34.09,-118.36,3.553
4.2917,8.0,7.164285714285715,33.62,-116.96,2.219
3.6875,22.0,4.510948905109489,37.39,-122.06,0.4
3.4375,30.0,4.290322580645161,37.69,-122.12,1.578
2.5575,12.0,5.202676864244742,35.32,-119.03,1.002
2.4792,24.0,3.4547038327526134,34.18,-118.38,2.0
5.0,26.0,5.599173553719008,38.32,-122.32,1.752
3.1319,25.0,4.30188679245283,37.74,-121.44,1.125
5.3279,23.0,5.73109243697479,34.42,-119.73,4.139
1.5872,52.0,3.5324858757062145,38.58,-121.48,1.575
2.7031,10.0,4.507204610951009,37.98,-121.33,1.5
4.2708,52.0,5.065693430656935,37.75,-122.44,3.689
5.5955,18.0,5.881266490765172,34.28,-118.72,2.177
4.075,18.0,5.733749349973999,34.1,-117.83,2.311
3.25,28.0,5.979674796747967,39.55,-122.18,0.816
6.2464,4.0,6.461855670103093,33.65,-117.6,2.339
1.9773,21.0,5.841509433962264,40.07,-122.19,0.55
5.5335,21.0,6.113924050632911,33.88,-118.37,3.426
6.1552,10.0,6.047899778924097,33.98,-117.92,3.625
2.4348,34.0,4.911290322580645,34.74,-118.09,1.048
3.4237,4.0,5.966887417218543,33.81,-117.22,1.137
2.6266,23.0,4.76803118908382,38.65,-121.33,1.985
3.1875,44.0,4.012886597938144,33.96,-118.2,1.717
3.2386,43.0,3.942622950819672,34.08,-118.27,1.85
2.7125,40.0,4.7478991596638656,34.03,-118.3,1.5
6.1986,17.0,6.778225806451613,34.04,-117.24,2.145
5.4409,4.0,7.853351955307263,37.99,-121.77,2.051
2.4716,21.0,3.7210743801652892,34.04,-117.64,1.025
3.8672,42.0,4.416666666666667,33.9,-118.07,1.627
3.5481,44.0,5.248847926267281,32.76,-117.09,2.031
3.599,6.0,6.659670164917541,34.44,-117.62,1.402
4.9125,38.0,5.38337182448037,32.76,-117.25,4.526
4.0,30.0,3.6875,34.28,-119.16,2.192
2.2019,50.0,4.134517766497462,34.12,-117.3,0.635
6.4232,7.0,6.707512764405544,38.08,-122.17,2.292
6.4242,12.0,6.200585651537335,33.86,-118.38,3.655
2.4074,24.0,3.3333333333333335,34.17,-118.31,2.194
5.0969,4.0,5.729942693409742,38.06,-122.32,1.742
2.6771,42.0,4.375,34.11,-117.3,0.67
3.1354,26.0,4.394611727416799,33.96,-118.35,1.643
2.6036,29.0,3.327698309492848,34.25,-118.28,1.621
7.226,12.0,8.24468085106383,38.35,-122.69,2.553
2.7712,29.0,3.6916129032258063,33.98,-118.36,1.609
5.1523,36.0,5.776190476190476,33.0,-117.27,3.878
2.3818,17.0,6.84390243902439,37.72,-120.02,0.881
6.7079,17.0,6.101923076923077,33.64,-117.66,2.508
3.3611,36.0,5.911764705882353,39.16,-121.58,0.798
1.7301,5.0,3.1649122807017545,32.56,-117.06,1.25
2.2375,24.0,4.381736526946108,32.73,-117.1,1.029
3.0417,41.0,6.0092879256965945,33.88,-118.23,1.137
3.2642,34.0,5.7,36.79,-119.77,0.896
6.3434,52.0,6.947890818858561,37.85,-122.23,3.736
3.2639,31.0,3.8903654485049834,33.73,-117.9,1.552
2.9939,31.0,4.560553633217993,34.08,-118.18,1.355
4.1576,26.0,5.175925925925926,34.21,-118.86,2.118
4.125,41.0,3.3666666666666667,34.04,-118.39,2.375
2.7381,10.0,4.822147651006712,37.48,-120.84,1.046
2.4932,35.0,3.7172312223858617,34.12,-118.19,1.677
4.6483,12.0,4.74721941354904,33.7,-117.9,1.908
3.225,21.0,3.935483870967742,33.66,-117.91,1.938
3.1563,29.0,3.416141235813367,34.02,-118.49,3.3
2.625,32.0,5.320284697508897,38.25,-121.76,2.125
2.6339,41.0,3.7753303964757707,33.93,-118.2,1.457
4.0294,18.0,5.865269461077844,34.13,-117.37,1.332
2.4741,8.0,3.447460595446585,33.91,-118.34,1.857
2.7137,7.0,4.700305810397554,34.27,-118.77,1.964
2.5352,32.0,3.717299578059072,33.98,-118.22,1.844
5.0468,5.0,6.530330882352941,37.98,-121.72,1.688
2.0385,25.0,5.021875,37.65,-120.76,0.843
4.0074,25.0,5.181818181818182,34.17,-119.17,1.88
1.875,16.0,4.436647173489279,32.8,-115.57,0.938
1.6991,17.0,6.3740648379052365,34.89,-114.65,0.691
5.2359,9.0,6.70334928229665,39.23,-121.2,2.133
6.2884,34.0,5.487394957983193,37.38,-122.09,4.147
2.4387,34.0,2.7439903846153846,33.98,-118.22,1.75
3.6106,27.0,4.469262295081967,33.91,-117.91,1.964
3.6719,52.0,5.465753424657534,34.16,-118.13,2.279
3.767,35.0,4.9786476868327405,32.77,-117.17,1.668
2.325,24.0,5.186131386861314,39.5,-123.79,1.573
1.9937,40.0,4.076015727391874,34.08,-118.36,3.671
4.3039,29.0,4.5987012987012985,37.66,-122.43,2.784
2.6563,29.0,4.243478260869566,37.87,-121.29,1.031
4.163,30.0,4.0,38.36,-121.98,1.125
1.3289,38.0,5.2290909090909095,39.5,-121.54,0.394
5.1691,38.0,6.854497354497354,37.91,-122.29,2.632
5.0493,4.0,7.947058823529412,33.87,-117.5,2.398
2.3611,31.0,6.151079136690647,38.46,-123.07,1.125
3.7188,37.0,6.237226277372263,34.16,-117.25,1.166
6.6772,13.0,7.37707182320442,34.68,-118.17,1.856
1.7,30.0,3.758695652173913,32.71,-117.11,0.859
3.2813,31.0,6.162679425837321,36.8,-119.69,0.687
4.0,33.0,5.002347417840376,33.89,-118.08,1.457
3.8906,31.0,4.767258382642998,34.18,-118.43,2.822
6.0,27.0,5.2105263157894735,33.63,-117.95,3.815
2.7256,36.0,5.6396103896103895,35.34,-119.03,0.719
2.9861,17.0,5.376413570274637,37.12,-120.27,0.815
3.0347,45.0,4.5375,34.07,-118.09,1.832
1.3963,41.0,2.746765249537893,33.99,-118.25,0.929
3.5625,31.0,4.386904761904762,34.25,-119.12,1.941
3.2917,27.0,4.435114503816794,33.93,-118.25,0.831
2.725,28.0,5.484732824427481,34.09,-117.69,1.402
5.112,29.0,6.3352826510721245,34.06,-117.91,2.183
4.0833,29.0,5.053003533568905,33.97,-117.53,1.41
3.3289,39.0,5.580487804878048,36.38,-121.4,1.906
2.4283,49.0,6.16996699669967,39.26,-121.03,1.431
3.125,34.0,5.084821428571429,34.08,-117.95,1.541
4.2383,18.0,7.572438162544169,33.17,-117.32,2.39
4.0,38.0,5.1658536585365855,33.86,-118.33,2.486
5.259,13.0,6.733133433283358,38.64,-121.24,2.494
6.9712,5.0,7.241805635422657,34.26,-118.9,3.213
5.7117,16.0,5.774881516587678,33.69,-117.98,2.472
3.825,52.0,5.465753424657534,34.04,-118.37,2.785
2.9107,28.0,4.083333333333333,34.07,-117.98,1.525
2.8445,35.0,4.636494252873563,33.88,-118.3,2.421
5.1966,15.0,6.426865671641791,38.34,-122.63,3.254
2.8125,28.0,5.7277936962750715,38.37,-120.87,1.134
3.2317,41.0,3.8616600790513833,37.32,-121.89,1.848
1.85,49.0,5.096153846153846,34.02,-118.3,1.168
3.4028,33.0,3.9106382978723406,33.93,-117.47,1.105
7.5791,18.0,6.783904619970194,33.59,-117.66,2.881
3.9688,21.0,4.714693295292439,37.28,-121.87,2.496
4.0089,20.0,5.747875354107649,32.58,-117.04,1.321
1.8519,52.0,2.654450261780105,37.78,-122.41,0.325
5.0044,38.0,6.0251572327044025,33.48,-117.76,3.812
3.1196,16.0,5.306089743589744,32.84,-116.76,1.872
3.0526,37.0,4.068459657701712,33.9,-118.32,2.164
4.4211,41.0,5.656903765690377,34.01,-118.47,4.629
3.2011,20.0,4.00179211469534,33.78,-118.28,1.691
3.2344,40.0,5.090196078431372,33.98,-118.32,1.043
2.6563,30.0,5.223175965665236,39.49,-121.52,0.636
1.9208,37.0,4.150793650793651,34.0,-118.26,1.034
1.9485,27.0,3.0804232804232803,33.97,-118.19,1.463
3.0079,25.0,4.170229007633588,37.3,-121.97,2.773
3.5227,35.0,5.612903225806452,33.94,-117.46,1.054
4.945,11.0,6.661971830985915,38.41,-122.0,2.984
3.6429,28.0,5.249180327868852,38.69,-121.41,1.052
5.5,33.0,5.556768558951965,37.36,-121.99,2.822
3.0536,36.0,4.9614243323442135,38.54,-121.54,0.731
4.8516,13.0,6.15014164305949,40.75,-124.17,1.161
4.125,43.0,4.934973637961336,34.06,-118.32,4.368
2.6546,41.0,3.8271604938271606,33.91,-118.28,1.596
3.1728,17.0,6.524271844660194,38.01,-121.79,1.468
6.5413,12.0,7.489655172413793,33.6,-117.69,3.32
2.234,19.0,5.988352745424293,41.86,-122.33,0.586
3.9,37.0,4.35279805352798,34.26,-118.42,1.386
4.6187,6.0,5.98639455782313,33.25,-117.25,2.05
4.5089,32.0,4.37160751565762,34.12,-118.23,2.211
4.4375,24.0,5.335423197492163,34.26,-118.32,1.915
1.815,52.0,2.8531468531468533,32.73,-117.17,1.167
3.125,31.0,4.863753213367609,37.68,-122.1,1.671
2.6979,33.0,4.075242718446602,34.17,-118.43,2.66
4.9286,24.0,5.781065088757397,32.74,-116.98,1.737
2.0789,34.0,4.216374269005848,33.94,-118.27,0.924
5.6407,39.0,5.351239669421488,37.47,-122.15,3.264
1.51,30.0,2.4884814292430653,34.1,-118.33,1.875
2.9081,36.0,5.095022624434389,36.77,-119.82,0.656
3.8438,37.0,5.035046728971962,37.66,-122.41,2.507
3.7422,16.0,5.042124542124542,33.61,-117.74,2.298
3.8269,29.0,5.767543859649122,38.25,-122.68,3.06
3.5234,52.0,4.5770750988142295,33.99,-118.46,3.347
3.6512,18.0,4.3730407523510975,34.04,-118.09,1.685
4.9583,10.0,5.0625,38.87,-120.5,0.875
4.5375,23.0,4.6,37.74,-122.44,3.5
2.3469,35.0,4.383458646616542,37.74,-120.94,0.902
4.2414,52.0,5.68956043956044,37.3,-121.89,2.848
2.5658,14.0,4.815483870967742,38.29,-122.47,2.08
4.2283,36.0,5.6109422492401215,34.4,-119.71,3.268
2.8261,19.0,4.34156976744186,38.34,-122.7,1.545
1.4833,23.0,4.799307958477509,39.53,-121.65,0.652
7.7785,13.0,7.96969696969697,34.25,-118.78,4.047
4.9676,26.0,5.333690987124464,34.11,-118.17,3.814
3.3893,52.0,5.368029739776952,37.86,-122.26,2.417
4.3362,31.0,5.9450980392156865,34.16,-117.25,1.594
2.5536,37.0,4.344086021505376,33.97,-118.24,1.172
0.9304,24.0,2.8344155844155843,34.0,-118.33,1.516
4.4821,38.0,4.811377245508982,33.81,-118.27,1.907
3.9628,29.0,5.862068965517241,33.84,-118.01,2.156
8.0,28.0,2.888888888888889,34.25,-119.23,2.75
3.2073,20.0,4.76332899869961,34.01,-117.68,1.235
2.0848,38.0,3.4036281179138324,34.03,-118.29,1.352
4.5,23.0,4.835734870317003,33.84,-117.87,2.373
2.3496,17.0,4.5513918629550325,39.12,-121.54,0.65
5.1337,13.0,4.9480519480519485,38.02,-121.93,1.548
1.5676,43.0,4.396484375,40.57,-122.38,0.582
5.7942,36.0,6.008108108108108,33.79,-118.11,2.57
2.375,41.0,5.205078125,32.68,-117.06,1.135
1.5972,44.0,4.68299711815562,40.58,-122.39,0.689
1.5809,34.0,3.5180722891566263,33.68,-116.21,1.0
4.0125,37.0,5.738589211618257,37.61,-122.03,1.614
4.1033,34.0,4.892253931275481,37.64,-122.43,3.01
4.3428,20.0,5.7973621103117505,33.2,-117.28,1.521
3.6384,32.0,4.573308270676692,34.25,-118.43,1.593
2.9803,26.0,5.170568561872909,38.67,-121.2,1.154
2.6583,52.0,4.310204081632653,37.78,-122.21,1.426
3.1713,42.0,4.642714570858283,33.88,-118.18,1.61
3.875,45.0,4.664634146341464,37.92,-122.53,3.908
1.9074,26.0,4.26417704011065,33.77,-118.08,0.685
5.1008,47.0,5.338144329896907,34.17,-118.32,2.471
2.3605,39.0,4.005012531328321,33.79,-118.21,1.418
2.2672,30.0,4.054919908466819,37.9,-122.3,1.625
1.7875,18.0,5.270440251572327,39.76,-121.58,1.038
2.1471,33.0,4.313131313131313,33.99,-118.47,2.393
2.3267,12.0,5.016483516483516,33.14,-117.19,0.92
1.9766,27.0,3.685279187817259,34.06,-117.77,1.08
3.449,27.0,3.7245053272450535,37.69,-122.47,2.391
4.4034,5.0,6.427829698857736,34.09,-117.4,1.332
3.0222,17.0,4.576470588235294,37.68,-121.78,1.725
4.46,22.0,5.947890818858561,33.83,-117.52,1.898
4.3586,8.0,5.744265080713679,38.27,-122.07,1.734
2.735,26.0,5.672794117647059,38.49,-121.49,0.746
3.5737,30.0,5.685185185185185,38.53,-121.52,1.712
4.6964,31.0,6.316770186335404,36.59,-121.91,2.913
2.6403,31.0,3.7816711590296497,32.8,-117.23,2.161
4.3152,33.0,6.046686746987952,32.79,-117.01,1.593
1.8846,22.0,4.20952380952381,38.26,-121.31,0.883
3.5462,19.0,5.226640159045726,33.14,-117.08,1.568
3.0804,14.0,6.162280701754386,39.11,-121.22,1.568
2.8942,16.0,6.160493827160494,39.22,-120.99,1.825
2.3269,35.0,4.614754098360656,32.73,-117.11,0.973
3.5179,29.0,3.4613259668508287,33.65,-117.93,2.25
3.375,19.0,3.67984693877551,37.31,-122.03,2.757
4.1667,35.0,4.9316939890710385,33.93,-118.04,1.519
4.8083,5.0,6.914342629482071,33.52,-117.05,3.477
1.1346,42.0,3.5921052631578947,33.93,-118.25,0.854
2.8621,31.0,4.225108225108225,32.77,-117.2,1.969
1.1742,25.0,3.4881266490765173,40.86,-124.09,0.75
4.4954,34.0,5.388329979879276,33.9,-118.02,2.029
2.343,33.0,4.899280575539568,36.06,-118.98,0.474
3.1375,32.0,4.809379727685325,34.11,-117.38,1.012
1.6196,38.0,3.83011583011583,37.75,-122.17,0.851
1.5109,38.0,4.895622895622895,33.99,-118.28,1.04
4.2554,50.0,6.365384615384615,34.02,-118.32,1.943
3.0089,44.0,4.738255033557047,34.27,-119.28,1.667
3.3681,18.0,5.410377358490566,36.3,-119.66,0.705
3.1304,16.0,3.7909356725146197,32.8,-117.19,1.663
3.75,36.0,5.202105263157895,33.73,-117.88,1.705
1.5917,28.0,5.45136186770428,37.3,-120.4,0.894
2.883,28.0,5.875930521091812,37.84,-120.97,1.419
3.4722,35.0,3.822274881516588,37.83,-122.25,2.431
1.8533,15.0,4.9030955585464335,41.72,-122.65,0.575
4.6908,27.0,5.6061776061776065,34.28,-118.75,1.866
2.6959,21.0,3.757617728531856,33.78,-117.86,1.788
3.5313,20.0,5.8526011560693645,36.32,-119.33,0.828
3.4812,35.0,4.508830022075055,34.3,-118.45,1.602
5.8053,24.0,6.4576271186440675,33.77,-118.03,2.559
2.0915,47.0,4.57957957957958,33.99,-118.31,1.266
2.9688,16.0,5.321243523316062,36.99,-120.43,0.638
1.7344,6.0,3.3983572895277208,33.89,-118.16,1.458
3.0114,47.0,4.211594202898551,34.16,-118.27,2.555
2.9405,52.0,5.5581737849779085,37.86,-122.26,2.895
2.6964,33.0,6.16060606060606,39.16,-121.57,0.685
3.125,38.0,6.020408163265306,32.77,-117.09,2.165
4.75,36.0,5.92654028436019,33.88,-118.38,4.421
3.6895,29.0,5.475,36.32,-119.32,0.877
2.8482,39.0,4.148648648648648,37.48,-122.21,2.472
3.8269,18.0,4.873362445414847,36.87,-122.05,2.76
5.9836,17.0,6.360655737704918,34.17,-118.92,2.948
2.5603,32.0,3.517821782178218,34.18,-118.38,1.742
6.0715,24.0,6.782051282051282,34.04,-117.2,1.734
3.9531,35.0,5.426890756302521,34.05,-118.13,2.684
3.2196,31.0,4.293159609120521,34.18,-119.18,1.758
3.0221,28.0,4.5943012211668925,34.2,-118.43,2.901
6.2028,35.0,6.326530612244898,33.72,-118.3,3.615
2.1397,32.0,3.5943060498220643,33.79,-118.21,1.453
4.2096,37.0,5.58235294117647,38.54,-122.48,2.566
3.5694,31.0,4.305019305019305,33.73,-117.86,1.505
1.2387,42.0,4.248741188318228,37.72,-122.42,2.128
1.2411,52.0,3.441860465116279,37.96,-121.29,1.125
4.2619,17.0,4.593511450381679,33.88,-118.07,1.397
2.9485,29.0,5.37218045112782,40.92,-124.0,0.988
2.8586,12.0,5.082983193277311,33.14,-117.21,1.633
1.275,23.0,4.541114058355437,32.79,-115.54,0.604
5.0294,27.0,6.427884615384615,34.44,-119.8,2.802
3.3571,52.0,7.034883720930233,37.77,-122.26,4.054
4.5,34.0,7.366013071895424,37.93,-122.3,3.04
7.7116,38.0,6.535483870967742,34.14,-118.18,3.609
3.337,35.0,5.320537428023033,32.82,-117.2,1.723
6.244,31.0,6.828947368421052,38.62,-121.31,2.4
2.975,37.0,4.314148681055156,34.13,-118.23,2.445
2.3011,18.0,4.856823266219239,39.11,-121.56,0.575
3.9699,14.0,5.375397667020149,34.23,-118.96,2.17
5.1265,40.0,6.498194945848375,38.02,-122.16,1.961
2.2755,21.0,4.064606741573034,32.58,-117.11,1.25
5.2129,34.0,5.937190082644628,33.79,-117.93,1.934
2.3333,27.0,3.9377593360995853,37.42,-120.77,0.728
4.3281,19.0,5.499288762446657,32.8,-117.03,2.2
3.65,10.0,5.502092050209205,37.82,-121.28,1.194
4.2727,47.0,4.612648221343873,37.72,-122.4,2.419
4.0647,14.0,5.279596977329975,38.46,-122.65,1.878
3.925,12.0,6.089795918367347,34.52,-117.2,1.185
3.1012,34.0,3.6923076923076925,33.9,-118.18,1.404
3.0035,16.0,4.46,32.8,-117.05,0.946
3.8214,36.0,5.897435897435898,33.83,-117.95,2.109
4.5,41.0,4.114558472553699,33.77,-118.15,3.398
2.5,35.0,3.36697247706422,37.47,-122.22,1.667
3.338,19.0,5.07981220657277,36.8,-121.69,1.853
3.5391,27.0,5.835260115606936,34.9,-120.43,1.447
2.5224,19.0,3.5606299212598427,33.74,-117.88,1.485
3.3542,44.0,5.7215189873417724,34.03,-118.42,3.442
4.3462,36.0,5.919491525423729,34.22,-118.51,2.221
2.875,38.0,5.4260485651214125,34.16,-117.29,0.991
4.3458,21.0,5.660433070866142,34.24,-118.55,4.075
3.6719,48.0,5.485106382978723,37.72,-122.43,2.598
4.8021,28.0,7.033678756476684,37.0,-121.79,2.904
1.8446,25.0,4.8359375,33.74,-116.98,0.857
3.2546,16.0,4.045725646123261,33.83,-117.97,1.875
3.6169,28.0,4.111702127659575,33.87,-118.35,2.57
1.0349,19.0,4.563106796116505,34.96,-120.43,1.308
1.0096,52.0,3.0,38.3,-122.29,1.625
3.2813,37.0,4.78494623655914,34.15,-118.44,3.017
7.8904,33.0,7.082802547770701,37.95,-122.52,4.688
3.3062,11.0,5.051420838971583,35.11,-120.61,1.585
4.4375,49.0,5.439506172839506,37.75,-122.48,3.292
5.1365,14.0,6.7549194991055455,33.82,-117.52,2.15
6.4797,25.0,7.529644268774703,32.8,-117.05,2.49
2.8448,31.0,4.356807511737089,34.15,-118.43,3.606
7.0546,16.0,7.425925925925926,32.91,-117.09,2.822
3.0417,35.0,4.050970873786408,33.92,-118.21,1.173
2.8417,22.0,3.8372093023255816,34.36,-119.05,1.625
2.7153,35.0,3.45928338762215,34.0,-118.41,2.655
1.6522,37.0,4.897435897435898,35.31,-119.0,0.533
2.8321,29.0,4.823529411764706,37.79,-122.2,1.5
1.5326,31.0,4.244111349036403,40.88,-124.09,0.741
4.0083,37.0,4.989655172413793,34.13,-117.98,1.429
1.9439,26.0,5.768976897689769,36.02,-119.08,0.621
1.4481,25.0,3.4057377049180326,36.62,-119.31,0.517
1.7225,50.0,3.6004098360655736,34.04,-118.3,1.8
2.9663,39.0,4.813708260105448,38.45,-122.71,1.854
2.6779,26.0,5.467871485943775,34.1,-117.74,1.36
3.141,27.0,4.45,33.87,-117.96,1.675
2.1343,52.0,3.219138755980861,37.79,-122.42,4.0
3.7337,17.0,4.770175438596492,35.27,-120.66,2.082
2.8009,46.0,4.206831119544592,35.27,-120.66,1.926
3.0909,30.0,5.503171247357294,37.18,-121.06,1.234
2.5755,52.0,3.4025764895330113,37.77,-122.42,3.25
4.05,45.0,5.221884498480243,32.74,-117.24,2.849
2.0227,44.0,5.102325581395349,37.74,-122.16,1.031
2.3167,31.0,5.980645161290322,40.57,-123.96,0.926
2.6513,21.0,4.9800796812749,40.55,-122.36,1.133
2.6493,17.0,3.13215859030837,32.76,-117.18,0.675
6.8007,9.0,6.694444444444445,33.55,-117.69,3.183
2.0972,52.0,3.149812734082397,32.73,-117.16,1.125
2.5101,15.0,4.148063781321184,32.75,-117.08,0.953
5.7797,5.0,5.654320987654321,33.67,-117.67,3.092
5.6047,34.0,5.369565217391305,33.81,-117.92,2.051
3.25,39.0,4.503205128205129,34.06,-118.36,3.55
3.9722,34.0,6.027713625866051,34.16,-119.19,1.89
6.837,20.0,6.503225806451613,37.35,-122.04,3.83
3.0469,25.0,6.386666666666667,40.66,-123.74,1.36
4.2218,37.0,5.351585014409222,33.85,-118.17,2.005
1.9923,42.0,2.9171029668411865,34.05,-118.32,2.5
4.9609,29.0,5.45398773006135,33.91,-118.11,1.867
2.1715,36.0,3.996383363471971,33.93,-118.2,1.311
4.7222,36.0,6.003134796238244,33.84,-118.1,2.258
3.88,42.0,5.02803738317757,34.14,-118.08,2.811
0.9702,28.0,2.5576470588235294,33.65,-117.92,2.254
3.7092,17.0,5.141287284144427,34.4,-118.93,1.905
5.543,16.0,7.239737274220033,33.2,-117.2,2.864
4.233,35.0,6.125,34.2,-118.58,2.213
1.8958,39.0,5.014409221902017,36.74,-119.75,0.513
3.7292,6.0,4.583333333333333,37.8,-121.29,4.75
6.5254,38.0,6.821510297482837,34.18,-117.99,3.65
3.2734,32.0,4.239583333333333,33.92,-118.18,1.364
3.0147,30.0,4.385714285714286,33.91,-118.3,1.551
4.1364,31.0,5.414932680538556,37.6,-122.41,4.12
3.3622,19.0,5.479713603818616,34.0,-117.36,1.051
2.8401,9.0,5.354263565891473,33.77,-117.24,1.042
2.625,32.0,4.135860979462875,34.19,-118.53,1.923
5.3774,22.0,7.019230769230769,37.38,-121.79,3.256
2.1061,32.0,3.4592391304347827,34.06,-118.11,2.147
4.6808,24.0,5.258479532163743,33.65,-117.9,2.455
4.125,36.0,6.26984126984127,37.99,-122.04,1.362
1.8993,17.0,4.699367088607595,40.95,-124.1,0.784
3.6875,44.0,5.177777777777778,33.98,-118.12,1.781
4.25,43.0,6.0814814814814815,37.37,-121.83,2.091
2.0658,34.0,5.938144329896907,36.56,-119.64,0.925
4.8438,36.0,5.626923076923077,33.84,-118.11,2.263
4.5062,20.0,4.336134453781512,37.39,-121.96,2.193
4.131,24.0,5.397163120567376,33.88,-117.51,1.238
6.1359,31.0,6.04054054054054,34.17,-118.42,3.597
5.2415,12.0,5.1610337972166995,37.38,-121.85,2.865
3.5839,5.0,5.248618784530387,33.16,-117.15,1.585
1.6563,37.0,4.2823315118397085,37.96,-121.23,0.572
3.3438,18.0,5.622596153846154,35.48,-120.67,1.761
4.6786,52.0,4.642228739002933,37.73,-122.43,2.632
1.899,17.0,5.50561797752809,32.69,-115.49,0.64
6.0,22.0,4.8842592592592595,33.85,-118.08,1.913
4.3698,26.0,5.184275184275184,33.76,-117.84,2.296
4.1339,34.0,4.950413223140496,34.26,-118.31,1.873
3.267,21.0,5.230379746835443,38.48,-122.66,1.762
4.0,13.0,4.935185185185185,32.68,-117.04,0.893
2.2377,27.0,3.3765822784810124,34.2,-118.42,2.317
4.6369,43.0,4.413394919168591,33.77,-117.62,1.864
3.6528,13.0,6.259615384615385,38.25,-121.06,2.0
3.2396,33.0,5.46,32.85,-115.57,0.623
7.4837,8.0,7.773191094619666,34.13,-117.76,3.587
2.8981,32.0,4.002232142857143,34.03,-118.48,3.536
4.53,22.0,5.181194906953967,33.83,-118.06,2.264
5.0733,9.0,5.920388349514563,32.86,-116.88,1.966
2.5536,37.0,4.687096774193549,40.78,-124.18,0.702
2.5764,14.0,5.08984375,34.71,-118.06,1.5
3.4777,33.0,4.345415778251599,34.13,-117.97,1.445
4.2009,6.0,5.723880597014926,33.63,-117.63,2.38
4.3846,46.0,5.13855421686747,37.71,-122.45,2.706
4.5859,17.0,4.433333333333334,37.7,-122.14,1.872
4.8264,6.0,5.489285714285714,33.9,-117.98,1.468
6.8189,29.0,7.711388455538222,33.95,-117.95,3.793
5.0384,35.0,6.228070175438597,33.89,-118.0,2.008
3.6505,16.0,4.3538461538461535,33.71,-117.91,1.457
5.2887,25.0,6.344488188976378,34.42,-118.47,1.83
2.5,23.0,4.902127659574468,33.63,-116.2,0.963
4.3958,35.0,5.85754189944134,38.0,-121.31,1.084
1.2404,26.0,3.045238095238095,40.59,-122.39,0.813
2.6087,18.0,5.606741573033708,36.96,-119.95,0.96
2.6159,45.0,3.647482014388489,37.55,-122.31,2.729
2.774,38.0,4.809523809523809,35.39,-118.97,0.595
3.705,33.0,5.191304347826087,34.27,-118.45,1.858
2.9559,16.0,4.284403669724771,36.2,-121.13,1.632
1.2347,16.0,3.6666666666666665,32.75,-117.08,1.281
5.049,52.0,6.382470119521912,34.18,-118.29,3.235
3.0083,25.0,3.3438661710037176,33.74,-117.88,1.635
4.6719,17.0,5.980327868852459,38.48,-121.99,2.5
4.2969,32.0,5.199346405228758,34.29,-118.41,1.458
5.0594,41.0,5.851985559566787,33.92,-118.42,3.46
2.6673,38.0,4.608365019011407,33.99,-118.19,1.423
3.1315,18.0,3.8207024029574863,33.83,-117.96,1.375
3.5893,26.0,5.411552346570397,33.84,-117.88,2.385
2.9915,20.0,4.3942414174972315,37.97,-122.03,1.667
2.7125,35.0,4.443037974683544,36.98,-122.02,2.175
3.4539,43.0,4.561068702290076,33.92,-118.22,1.25
4.711,27.0,6.535885167464115,33.99,-117.32,1.335
2.6214,7.0,5.4910891089108915,37.4,-120.84,1.038
3.7632,30.0,4.360082304526749,37.31,-121.94,3.07
5.1292,24.0,5.815789473684211,37.9,-122.56,3.625
4.2454,33.0,4.604206500956023,33.88,-118.36,2.368
2.9877,5.0,4.46780303030303,34.17,-117.33,1.199
4.25,33.0,4.6375838926174495,37.63,-122.08,1.926
3.0907,13.0,5.743537414965987,33.92,-117.27,1.272
2.2813,29.0,4.476340694006309,34.0,-118.25,1.013
3.5893,48.0,5.625954198473282,34.13,-118.23,2.125
2.2024,9.0,3.4922279792746114,37.95,-121.3,0.45
3.3987,37.0,5.700869565217391,38.14,-121.28,0.995
4.5833,27.0,5.817258883248731,34.27,-118.79,1.985
2.75,52.0,5.615141955835962,38.1,-122.25,1.099
3.3214,33.0,4.419811320754717,34.27,-118.42,1.313
2.3438,40.0,3.9173553719008263,34.02,-118.19,1.375
7.7062,18.0,7.662087912087912,36.81,-119.84,1.883
2.9133,4.0,5.376395534290271,33.18,-117.27,2.157
4.075,49.0,5.361305361305361,38.23,-122.64,2.288
2.7515,33.0,4.235772357723577,32.74,-117.28,2.477
3.5556,35.0,4.8475,33.88,-118.31,2.38
4.1411,30.0,4.978998384491114,34.11,-117.88,1.827
3.7549,23.0,3.3681183237469186,34.05,-118.45,2.75
3.2679,49.0,4.385802469135802,37.76,-122.47,3.457
2.9922,17.0,4.62453531598513,37.7,-122.12,1.799
5.0784,37.0,6.096551724137931,33.86,-118.36,2.959
5.4243,25.0,6.390845070422535,34.25,-118.74,2.147
4.7034,5.0,4.85781990521327,34.28,-118.68,2.23
2.1189,13.0,4.4779195289499505,34.08,-117.43,1.217
2.9219,38.0,4.205882352941177,34.27,-118.41,1.379
2.8906,35.0,5.403141361256544,34.08,-117.99,1.348
6.8,33.0,6.539877300613497,38.37,-122.39,2.408
2.319,21.0,3.5901639344262297,34.02,-118.27,0.972
2.3333,32.0,5.816976127320955,34.65,-120.47,1.302
5.8123,29.0,6.404517453798768,36.99,-121.99,2.815
3.4833,23.0,4.259933774834437,33.79,-118.14,2.094
3.9615,36.0,5.964601769911504,34.7,-118.15,1.163
5.0285,8.0,6.66371158392435,34.67,-118.19,1.679
1.625,34.0,4.473684210526316,35.38,-118.98,0.508
4.0,26.0,5.068840579710145,34.1,-117.97,1.601
3.4943,40.0,5.977777777777778,36.63,-121.92,3.111
7.5196,16.0,7.895287958115183,33.58,-117.66,3.156
2.273,36.0,4.8127272727272725,37.61,-121.0,0.629
3.8333,24.0,7.572413793103448,39.12,-123.07,0.926
3.2396,5.0,5.762973352033661,37.48,-121.12,1.252
5.7535,18.0,5.281012658227848,37.66,-122.47,2.979
4.7404,29.0,5.553225806451613,33.74,-117.98,2.075
2.4943,45.0,4.447368421052632,32.68,-117.1,0.996
4.5766,34.0,4.2,34.13,-118.23,1.858
2.0469,41.0,4.484581497797357,37.77,-122.19,0.893
3.858,16.0,5.498973305954825,35.6,-117.7,0.702
2.4123,24.0,4.686006825938566,35.35,-119.07,0.862
2.7473,32.0,4.739413680781759,34.11,-117.25,0.708
4.7083,28.0,5.8,33.88,-118.0,2.681
1.8696,23.0,5.4278606965174125,40.54,-123.12,0.615
3.5365,22.0,5.368200836820083,37.88,-121.17,1.118
1.9464,27.0,3.9711286089238844,32.98,-115.54,0.606
5.7524,52.0,5.794466403162056,34.08,-118.37,3.936
1.4844,52.0,3.8666666666666667,37.78,-122.23,1.194
2.9821,29.0,4.827160493827161,34.34,-119.22,1.757
7.0215,6.0,6.534090909090909,33.94,-117.56,2.571
3.6042,21.0,5.619883040935672,38.33,-122.31,1.833
4.1012,17.0,8.084057971014493,32.98,-117.31,2.447
2.3929,30.0,3.0,32.59,-117.08,1.344
3.2174,15.0,7.370967741935484,32.68,-117.05,1.651
2.4107,42.0,3.314917127071823,34.17,-118.37,1.844
4.4094,52.0,5.158227848101266,37.76,-122.48,3.361
1.95,21.0,5.510729613733906,33.89,-116.51,0.61
4.1645,32.0,6.1985611510791365,37.28,-121.89,2.819
5.4791,35.0,5.595375722543353,33.86,-118.34,2.859
6.0116,34.0,5.740259740259741,37.36,-121.97,2.712
1.2,20.0,4.625,35.32,-119.04,0.5
4.5078,36.0,5.6887966804979255,34.08,-117.93,1.871
1.6331,35.0,4.182926829268292,38.61,-121.47,0.675
2.625,42.0,4.152777777777778,34.1,-118.25,1.643
5.7407,25.0,7.405882352941177,33.98,-117.96,3.022
6.2488,16.0,5.461538461538462,33.71,-117.9,2.52
2.5197,34.0,5.1861702127659575,40.14,-122.12,0.823
2.5012,42.0,4.183729433272394,33.8,-118.2,1.975
4.5,36.0,6.332185886402754,37.66,-121.01,1.514
1.2281,25.0,5.503978779840849,39.77,-123.23,0.603
3.244,38.0,4.494949494949495,37.71,-122.17,1.798
2.3274,29.0,3.8402366863905324,37.7,-122.11,1.704
2.875,52.0,3.8742138364779874,37.77,-122.26,2.34
5.3006,9.0,7.329596412556054,33.85,-117.6,2.214
2.5313,30.0,5.039383561643835,35.14,-119.46,0.458
3.8,42.0,4.38974358974359,33.91,-118.17,1.458
3.5714,48.0,5.94392523364486,35.4,-118.99,0.846
3.7083,10.0,5.703603603603604,38.46,-121.82,1.548
4.3571,16.0,4.142857142857143,33.03,-117.05,1.446
3.5265,11.0,5.285115303983228,38.8,-121.22,1.248
4.6776,34.0,5.754137115839243,38.05,-122.16,2.083
2.9958,37.0,3.857657657657658,37.69,-122.14,1.784
4.7375,32.0,5.553030303030303,37.43,-122.13,4.319
5.3017,15.0,7.495305164319249,38.33,-122.33,2.026
4.575,36.0,5.625,37.36,-121.97,2.476
5.8151,6.0,6.402616279069767,37.58,-122.0,2.956
3.1977,31.0,3.6412213740458017,36.58,-121.9,2.893
3.0233,26.0,3.2530813475760065,37.82,-122.25,2.55
2.9167,32.0,4.501440922190202,33.74,-117.89,1.584
3.275,34.0,5.45945945945946,33.93,-118.01,1.899
4.9153,17.0,5.203883495145631,33.7,-117.87,2.664
2.6667,52.0,5.6521739130434785,37.34,-121.87,3.259
1.7941,22.0,4.216145833333333,34.97,-120.44,1.103
1.875,41.0,4.4,33.9,-118.05,1.199
2.7284,26.0,6.004901960784314,33.98,-117.6,2.25
3.5313,26.0,4.341530054644808,33.8,-118.17,1.875
3.0943,10.0,5.51970802919708,34.53,-117.33,0.971
3.5735,30.0,4.782089552238806,32.82,-115.37,0.711
2.5321,35.0,4.196601941747573,34.06,-118.12,1.972
2.8061,14.0,4.8798076923076925,33.66,-117.97,1.803
3.1373,23.0,3.752241238793806,34.15,-118.37,2.631
4.1366,10.0,4.38388625592417,33.71,-117.93,1.588
2.9934,52.0,3.4413793103448276,37.57,-122.32,2.563
4.0686,18.0,3.433333333333333,37.43,-122.14,3.786
0.8131,8.0,3.114343029087262,34.05,-118.25,2.75
3.6969,35.0,4.474820143884892,34.39,-119.59,3.35
0.4999,23.0,6.054545454545455,36.09,-119.99,1.0
5.2759,14.0,6.5014381591562795,33.99,-117.52,1.829
5.3508,25.0,5.39493670886076,37.31,-122.03,4.091
2.9402,33.0,5.550617283950618,35.3,-118.99,0.562
1.4856,33.0,4.626168224299065,32.7,-117.11,0.864
3.5625,17.0,4.776523702031603,33.61,-117.74,1.808
2.6528,9.0,8.010752688172044,37.97,-120.67,1.33
3.2798,45.0,4.066202090592334,33.85,-118.19,1.503
4.7813,35.0,6.470162748643761,32.79,-117.14,1.886
3.1736,26.0,5.392361111111111,34.17,-117.28,1.222
4.0909,16.0,5.278350515463917,36.33,-119.66,0.928
1.7165,30.0,4.345679012345679,36.54,-119.39,0.591
2.052,31.0,3.812267657992565,32.67,-117.09,1.089
5.0756,52.0,5.4010507880910685,37.58,-122.36,3.742
2.3156,51.0,3.963917525773196,34.07,-117.76,1.098
4.6923,39.0,5.566433566433567,38.53,-121.5,1.92
6.0132,21.0,6.146341463414634,36.77,-119.68,1.508
2.6833,52.0,4.139013452914798,37.76,-122.24,2.409
3.2794,48.0,5.031372549019608,37.91,-122.55,4.6
1.9767,23.0,5.7084019769357495,33.78,-117.23,0.815
5.1238,52.0,6.167076167076167,37.73,-122.45,3.351
5.0772,17.0,5.2439678284182305,37.27,-121.8,2.215
3.8929,34.0,4.441037735849057,33.79,-117.86,1.875
1.9056,25.0,3.6958424507658645,36.75,-120.38,0.6
1.5625,36.0,4.157534246575342,36.74,-119.81,0.475
4.0357,17.0,6.472843450479234,40.74,-124.17,1.289
6.2141,4.0,6.716019417475728,33.92,-117.7,2.522
6.9532,4.0,7.2701062215478,34.14,-117.68,2.77
3.8882,37.0,6.052486187845304,38.61,-121.36,1.595
3.1932,25.0,4.614953271028037,33.72,-118.29,2.575
5.0346,10.0,7.106598984771574,33.88,-117.36,2.405
4.05,34.0,4.191489361702128,37.33,-121.9,2.0
2.1727,32.0,3.98,32.76,-117.14,1.455
3.5625,8.0,5.44017094017094,38.27,-122.49,2.132
4.1205,36.0,5.771604938271605,33.94,-117.97,2.17
6.2299,39.0,5.2368421052631575,38.25,-122.05,1.054
3.8085,27.0,4.351885098743267,34.1,-118.01,1.814
2.7857,8.0,5.680733944954128,36.78,-119.85,0.797
2.9076,24.0,4.220496894409938,34.24,-118.53,2.753
4.3125,34.0,5.535433070866142,34.19,-118.61,2.101
3.212,33.0,5.684073107049608,38.0,-120.39,1.052
5.4602,35.0,5.84180790960452,33.8,-118.11,2.316
2.7917,49.0,5.128865979381444,34.04,-118.36,2.42
6.1159,52.0,6.855614973262032,34.14,-118.08,4.708
5.0956,21.0,5.808917197452229,33.7,-117.87,2.46
2.2708,26.0,3.947058823529412,33.77,-118.08,0.675
4.3194,44.0,5.764069264069264,33.86,-118.12,1.995
3.0859,16.0,8.181533646322379,33.78,-116.45,1.346
6.9014,27.0,7.925373134328358,33.76,-117.8,3.668
5.0329,14.0,8.022099447513812,40.94,-124.05,1.656
6.0918,21.0,7.661788617886179,37.93,-122.03,3.448
4.8092,23.0,5.645061728395062,37.32,-121.8,2.174
3.2237,31.0,4.65792759051186,33.92,-118.14,2.182
0.4999,36.0,2.5,33.9,-118.04,1.625
3.8413,50.0,3.988538681948424,37.58,-122.34,3.722
4.0196,17.0,6.139767054908486,36.83,-119.76,0.842
2.0179,11.0,4.140608604407135,37.36,-120.59,0.873
4.2273,35.0,5.8566978193146415,37.35,-121.97,2.699
1.625,32.0,4.582491582491582,35.38,-118.97,0.468
4.6587,36.0,5.002232142857143,34.05,-117.92,1.619
2.4811,17.0,5.202401372212693,39.21,-121.08,1.118
2.3508,37.0,5.094138543516874,34.12,-117.32,0.705
2.7614,30.0,3.7735849056603774,33.77,-118.16,2.722
6.196,25.0,6.741935483870968,34.25,-119.03,3.406
5.8666,37.0,5.824561403508772,34.01,-118.45,4.401
3.3801,20.0,4.186991869918699,34.1,-118.11,1.925
3.3491,39.0,3.675675675675676,33.91,-118.33,1.818
2.3977,11.0,5.483333333333333,33.97,-116.86,0.58
2.9063,33.0,5.252918287937743,34.08,-117.73,1.152
3.2069,34.0,4.601834862385321,33.89,-118.11,2.365
3.9167,20.0,4.3316831683168315,33.74,-118.3,2.852
3.5877,14.0,5.53314606741573,37.7,-120.99,1.609
2.4375,52.0,5.019607843137255,36.76,-119.81,0.571
2.9886,18.0,4.377521613832853,32.75,-116.98,1.708
1.125,26.0,5.0,37.67,-121.0,0.875
1.3191,50.0,3.4483471074380163,37.96,-121.29,0.923
3.8594,52.0,4.962962962962963,37.86,-122.28,1.964
2.4044,36.0,5.438448566610456,35.77,-119.23,0.725
6.3566,16.0,5.561643835616438,37.27,-121.82,2.791
2.8229,16.0,4.700389105058366,34.06,-118.11,1.637
2.6801,12.0,4.378486055776892,36.24,-121.02,1.0
2.375,26.0,6.48,37.65,-122.12,1.375
4.4655,7.0,6.1487964989059085,33.15,-117.12,1.828
2.3036,39.0,3.793296089385475,33.88,-117.57,1.106
4.8036,37.0,5.842592592592593,34.18,-118.51,2.953
2.4278,14.0,5.338790931989925,38.93,-121.08,1.677
2.2639,52.0,4.9734513274336285,38.01,-121.81,1.285
4.745,28.0,6.313932980599647,38.46,-122.81,2.486
4.3636,33.0,5.510204081632653,33.81,-118.0,2.018
2.4511,37.0,4.992957746478873,33.2,-115.6,0.725
3.0877,47.0,4.184782608695652,37.78,-122.49,3.291
2.5013,52.0,3.1043324491600353,37.79,-122.42,2.75
4.4551,16.0,5.260649087221095,37.86,-122.06,2.524
3.875,35.0,4.604026845637584,37.66,-122.1,1.621
5.3409,15.0,6.081081081081081,38.48,-122.68,2.446
4.4375,43.0,5.710344827586207,37.3,-121.91,3.276
3.1848,43.0,4.946428571428571,38.11,-122.22,1.127
7.248,24.0,6.557823129251701,33.7,-118.01,3.027
3.7262,20.0,5.0,37.97,-122.07,2.118
7.5372,28.0,6.683297180043384,37.34,-122.04,4.326
5.5464,3.0,5.224137931034483,33.7,-117.77,2.075
2.2132,46.0,4.687344913151365,36.51,-119.55,0.766
5.4868,7.0,6.466101694915254,36.84,-119.82,1.588
1.6898,38.0,3.907042253521127,33.95,-118.26,0.951
4.0332,8.0,6.0476190476190474,34.82,-118.93,1.283
2.7639,17.0,4.652661064425771,40.93,-124.11,0.902
5.5845,20.0,5.677644710578842,37.67,-122.47,3.043
5.0623,35.0,5.972350230414746,34.21,-118.55,2.464
2.1217,38.0,5.557377049180328,33.73,-116.22,0.685
5.3351,14.0,7.714596949891067,38.29,-122.33,2.699
7.0544,25.0,6.801089918256131,37.41,-121.81,3.207
6.0142,16.0,6.890625,33.85,-118.06,4.374
3.5833,36.0,5.181818181818182,34.04,-118.13,2.273
3.5156,39.0,5.954545454545454,37.72,-122.14,2.189
2.1667,42.0,5.173076923076923,36.96,-122.04,1.964
4.625,16.0,3.75,34.17,-117.27,2.5
4.0036,13.0,5.84393063583815,38.63,-121.34,1.617
4.1573,19.0,6.162629757785467,34.63,-118.18,2.281
2.197,30.0,5.104938271604938,36.8,-119.75,0.745
5.7376,17.0,6.163636363636364,34.28,-118.72,2.186
5.2903,20.0,6.550161812297735,38.89,-121.15,2.394
2.0625,6.0,4.720538720538721,32.67,-115.52,0.677
6.019,22.0,6.41696113074205,34.0,-117.98,3.249
3.1115,39.0,4.328451882845188,37.67,-122.09,1.535
2.6917,24.0,4.351464435146443,34.09,-118.02,1.7
1.9535,11.0,4.613941018766756,37.28,-120.49,0.571
5.0261,33.0,5.640756302521009,33.8,-118.04,2.451
2.8456,30.0,4.970588235294118,37.92,-122.31,1.833
4.26,23.0,5.104105571847508,34.32,-118.45,1.894
4.4236,38.0,5.78140703517588,34.1,-118.03,2.336
2.9016,25.0,5.339080459770115,38.65,-121.27,1.598
6.07,52.0,6.329317269076305,34.16,-118.16,2.618
4.0968,30.0,3.9354624085163006,33.74,-118.18,3.1
5.152,26.0,6.209302325581396,32.6,-117.03,1.434
2.85,38.0,3.7934782608695654,34.09,-118.14,2.19
7.7643,26.0,6.270396270396271,37.33,-122.04,4.747
1.7734,23.0,4.283783783783784,36.3,-119.21,0.414
6.448,30.0,6.641025641025641,37.34,-122.02,3.606
2.4663,39.0,4.22020725388601,36.6,-121.9,2.365
3.0718,52.0,5.068965517241379,37.76,-122.24,2.667
1.9063,18.0,5.661971830985915,37.06,-120.08,0.958
5.01,19.0,6.136792452830188,33.69,-117.93,2.638
2.5714,18.0,4.549492385786802,33.67,-116.17,0.659
5.373,36.0,5.375886524822695,33.89,-118.34,2.445
2.8611,31.0,4.385767790262173,33.03,-117.33,3.143
2.2417,48.0,5.048484848484849,38.09,-122.25,0.879
4.4,44.0,4.6440677966101696,33.88,-118.35,2.258
1.6214,17.0,6.0,37.33,-121.01,0.715
4.0114,42.0,6.68724279835391,38.12,-122.24,1.669
3.0156,37.0,4.818740399385561,37.33,-121.87,2.703
5.5608,35.0,5.948818897637795,34.28,-118.48,2.267
1.2315,43.0,4.053191489361702,33.98,-118.26,0.982
5.1408,36.0,4.12303664921466,37.4,-122.09,2.647
1.8854,30.0,3.7984790874524714,37.79,-122.23,1.375
4.7984,37.0,4.429280397022333,33.87,-117.96,1.758
2.5612,5.0,5.7405857740585775,33.76,-116.87,1.308
3.668,19.0,4.544658493870402,33.47,-117.69,2.438
7.1088,33.0,6.9806122448979595,37.46,-122.25,4.433
1.7929,14.0,4.085653104925053,39.16,-123.2,0.823
3.1929,26.0,4.311871227364185,34.17,-118.39,2.652
1.3169,47.0,2.1530944625407167,34.05,-118.27,1.125
3.5179,25.0,4.96969696969697,37.98,-122.01,1.655
4.1304,27.0,4.683727034120735,34.09,-117.97,1.605
3.9917,35.0,4.6091370558375635,37.96,-122.53,2.908
6.1985,38.0,6.773006134969325,33.96,-118.43,4.22
6.5004,16.0,5.45475113122172,37.41,-121.86,2.636
1.2375,35.0,4.459915611814346,36.75,-119.78,0.5
4.675,35.0,6.235294117647059,37.24,-121.94,2.453
5.756,13.0,6.9655172413793105,33.47,-117.69,3.056
5.5632,9.0,7.241086587436333,34.02,-117.62,1.951
3.6908,23.0,7.406474820143885,35.4,-120.92,2.788
1.3333,26.0,2.1339285714285716,33.8,-118.23,1.875
2.8529,35.0,4.933179723502304,40.77,-124.16,0.856
5.3254,32.0,5.786259541984733,34.29,-119.27,3.852
2.6442,31.0,4.391812865497076,33.21,-117.38,1.033
5.2987,18.0,6.159325210871603,34.32,-118.41,2.034
5.8186,52.0,4.796839729119639,37.31,-121.9,2.811
3.8333,24.0,5.733333333333333,37.67,-119.81,0.938
3.2639,50.0,5.121212121212121,34.03,-118.19,1.426
1.8819,16.0,6.686493184634449,35.58,-118.45,0.697
3.7321,36.0,5.235807860262009,38.01,-122.64,2.667
2.775,52.0,5.9395770392749245,37.85,-122.27,1.525
1.7064,46.0,3.2180579216354346,33.78,-118.2,1.75
3.4222,33.0,5.073322932917317,36.7,-121.66,1.581
3.1696,13.0,5.079365079365079,32.57,-117.05,1.38
3.0,5.0,6.067796610169491,39.13,-121.32,1.625
2.9306,37.0,5.4363636363636365,37.04,-120.35,0.463
2.507,30.0,3.96375,32.64,-117.09,1.427
7.2074,3.0,6.488188976377953,33.73,-117.79,2.913
4.6389,34.0,4.736111111111111,33.91,-118.12,1.738
3.6875,36.0,5.861940298507463,32.69,-117.08,1.114
6.2654,17.0,6.570637119113574,34.16,-117.95,2.738
5.798,21.0,6.232558139534884,33.02,-117.27,2.861
4.125,19.0,5.423267326732673,38.41,-122.84,2.046
1.0714,27.0,2.9645390070921986,36.19,-119.33,0.638
3.5859,17.0,4.0,33.67,-117.99,2.625
3.3009,15.0,5.777992277992278,39.2,-120.99,1.568
7.7108,39.0,6.846607669616519,34.18,-118.1,4.5
4.0,4.0,5.268041237113402,33.16,-117.23,2.281
2.6994,16.0,4.303411131059246,38.01,-121.25,1.125
3.3026,9.0,5.370542635658914,32.75,-117.07,1.191
2.5212,18.0,4.907723169508525,38.03,-121.31,1.1
3.5129,34.0,5.234072022160665,38.01,-121.9,1.106
1.7245,21.0,5.796033994334278,38.95,-119.95,0.922
5.9214,20.0,6.91684434968017,37.27,-121.81,2.24
4.0132,46.0,4.480295566502463,37.73,-122.42,2.294
2.9899,52.0,4.050964187327824,37.76,-122.47,4.065
3.8117,14.0,5.018112488083889,35.33,-119.06,0.828
2.9063,52.0,6.590443686006826,37.73,-122.39,1.92
4.8281,11.0,5.525606469002695,34.03,-117.64,1.37
0.8585,15.0,4.826666666666667,32.76,-114.63,0.45
2.5179,45.0,4.938837920489297,38.24,-122.63,1.455
1.4688,40.0,4.32,33.91,-118.24,0.882
4.0341,33.0,5.565040650406504,38.24,-122.62,1.565
3.7614,31.0,4.145945945945946,37.63,-122.08,1.76
3.3444,13.0,5.33458177278402,33.18,-117.22,1.839
4.0893,38.0,3.814432989690722,33.99,-118.42,2.489
1.9875,19.0,6.6375,38.29,-122.28,3.25
2.7339,28.0,4.057239057239057,33.9,-118.16,1.567
3.3393,15.0,5.777777777777778,38.5,-120.93,1.072
6.4247,14.0,6.560196560196561,33.07,-117.3,2.951
6.1168,27.0,5.712837837837838,37.97,-121.97,2.105
2.8438,32.0,3.851985559566787,33.95,-118.37,1.817
2.125,47.0,4.528052805280528,37.79,-122.24,0.955
3.7315,20.0,7.368303571428571,37.58,-118.74,1.593
4.485,30.0,5.276315789473684,33.81,-117.97,1.806
2.9441,39.0,4.805008944543828,37.91,-122.3,2.004
2.1979,52.0,4.804444444444444,38.13,-121.27,1.141
6.4666,37.0,6.608910891089109,37.88,-122.11,3.482
3.707,29.0,5.08411214953271,33.82,-117.96,1.804
1.879,28.0,2.8479685452162515,34.09,-118.32,2.188
5.4482,20.0,4.5772357723577235,37.95,-122.05,1.908
1.5863,21.0,5.154081632653061,39.7,-121.81,0.813
6.0922,7.0,6.922535211267606,33.08,-117.27,3.424
4.0,36.0,5.6298076923076925,37.97,-122.02,1.71
1.8472,39.0,4.666666666666667,33.96,-118.28,0.991
3.5156,42.0,4.794621026894865,37.71,-122.47,2.394
7.7814,10.0,7.665952890792291,33.65,-117.63,2.887
4.95,45.0,5.507598784194529,37.5,-122.25,3.45
3.7258,32.0,5.244736842105263,34.05,-117.96,1.819
6.8089,5.0,7.191666666666666,33.88,-117.44,3.341
5.062,32.0,7.106761565836299,34.87,-120.41,1.589
4.2989,34.0,4.787658802177859,34.16,-118.4,3.647
3.63,32.0,4.752079866888519,33.82,-117.96,1.834
1.3569,32.0,4.603340292275574,36.32,-119.64,0.431
4.0227,10.0,6.346846846846847,38.03,-121.3,1.077
4.125,6.0,7.214285714285714,33.82,-117.54,2.167
3.6588,45.0,4.93993993993994,37.7,-122.47,2.386
2.4042,29.0,4.32037037037037,37.68,-122.09,2.056
1.9014,24.0,5.024326672458732,33.7,-117.19,0.835
5.7613,23.0,6.296747967479675,34.2,-118.62,2.358
4.6875,28.0,5.99738219895288,32.82,-117.16,1.88
3.0132,47.0,5.606217616580311,34.03,-118.32,2.232
3.675,22.0,5.098712446351931,38.0,-121.35,1.524
2.4167,43.0,4.733333333333333,36.71,-119.83,0.739
4.1953,5.0,6.161695447409733,33.89,-117.23,1.366
5.8518,23.0,5.751807228915663,33.87,-118.38,3.379
5.3238,8.0,7.831597738768224,33.68,-117.27,2.289
3.2158,11.0,4.781059063136456,34.27,-119.22,2.236
2.8812,23.0,5.064272211720227,39.93,-120.9,0.819
2.5685,26.0,4.517777777777778,33.61,-117.72,0.804
4.2045,30.0,5.61271676300578,36.96,-122.05,2.265
3.2824,52.0,4.356984478935699,34.08,-118.36,3.048
3.1406,32.0,4.4082191780821915,34.0,-118.15,1.753
1.9912,16.0,5.758842443729904,33.72,-117.2,0.986
4.125,29.0,5.373313343328336,33.01,-117.32,3.944
1.8,32.0,3.9397590361445785,36.72,-120.06,0.604
2.3696,17.0,5.765743073047859,39.04,-120.99,1.668
2.1806,8.0,4.884848484848485,35.78,-119.23,0.672
3.1887,16.0,3.79831045406547,34.18,-118.53,1.893
3.3081,14.0,5.365195027861123,32.83,-116.95,1.687
7.0329,11.0,7.450865051903114,33.97,-117.83,3.683
3.7566,32.0,5.453389830508475,34.28,-118.41,1.467
2.9871,52.0,3.7246376811594204,37.79,-122.41,3.8
3.8173,31.0,4.896193771626297,33.91,-118.31,1.779
3.4306,35.0,4.966292134831461,33.99,-118.1,1.625
3.5536,26.0,6.680365296803653,36.34,-119.63,0.714
4.1932,52.0,3.568888888888889,34.24,-117.86,0.14999
3.0,35.0,3.986175115207373,37.63,-122.41,2.291
1.7961,52.0,3.5789473684210527,32.67,-117.11,0.475
2.3851,44.0,4.346590909090909,34.17,-118.36,1.941
1.9844,32.0,4.0,37.48,-122.2,2.7
2.3125,7.0,5.348684210526316,36.85,-121.42,1.708
3.8125,37.0,3.9421965317919074,34.05,-118.01,1.38
6.6539,22.0,6.412121212121212,33.73,-117.98,2.849
3.5364,36.0,4.002010050251256,37.42,-122.13,3.141
3.9567,52.0,5.173664122137405,37.71,-122.44,2.515
6.3369,4.0,4.863731656184487,33.47,-117.63,2.56
4.8052,13.0,5.032731376975169,37.56,-121.97,2.54
3.4712,40.0,4.798561151079137,33.93,-118.19,1.443
3.5208,20.0,5.2,34.0,-116.57,0.766
5.4834,22.0,6.622324159021407,32.81,-116.91,2.32
1.6579,32.0,5.4491525423728815,40.45,-122.3,0.685
5.2533,22.0,5.257093723129836,37.27,-121.96,2.691
4.1554,33.0,5.664107485604607,37.28,-121.88,3.131
2.2612,36.0,2.5156418554476807,34.09,-118.3,2.304
2.6914,52.0,4.846575342465753,37.86,-122.27,2.188
4.6944,26.0,6.157258064516129,38.01,-122.32,1.711
1.5139,38.0,3.727272727272727,37.95,-122.36,0.817
3.7452,26.0,5.11395101171459,38.55,-121.75,2.277
4.0873,18.0,5.452781371280724,32.84,-116.9,1.469
1.8463,17.0,4.83203732503888,34.12,-117.25,0.726
2.6563,26.0,4.29489291598023,37.68,-122.08,1.841
1.8824,46.0,3.0625,34.01,-118.28,1.625
5.431,8.0,6.424471299093655,37.95,-121.97,2.467
2.5898,52.0,3.4942528735632186,37.83,-122.26,1.76
1.4639,6.0,3.6898263027295286,34.0,-118.29,1.125
3.0042,28.0,5.677067082683307,38.01,-121.89,1.039
4.3281,49.0,5.825622775800712,37.76,-122.49,3.231
3.875,19.0,4.951754385964913,34.02,-117.95,1.356
3.3984,36.0,5.739130434782608,40.78,-124.15,0.9
3.3831,41.0,4.752650176678445,38.01,-122.11,1.294
3.4833,15.0,5.746153846153846,33.15,-117.13,1.932
4.7946,18.0,7.049056603773585,34.69,-120.37,2.906
2.3967,43.0,4.932059447983015,36.77,-119.79,0.587
4.0568,52.0,5.176842105263158,37.75,-122.43,3.879
3.2708,33.0,4.4319066147859925,34.0,-118.42,3.25
3.6936,25.0,4.448735019973369,33.94,-118.16,2.383
6.5755,23.0,5.137640449438202,33.87,-118.37,3.599
3.4107,42.0,3.929606625258799,33.78,-118.14,2.333
2.6786,45.0,3.4833333333333334,33.77,-118.17,1.911
3.9539,33.0,5.6567901234567906,33.84,-117.98,1.911
3.125,39.0,4.380281690140845,34.03,-118.46,3.25
3.402,23.0,5.179948586118252,38.25,-122.65,1.933
3.1979,20.0,5.186676994577847,32.83,-116.99,1.546
7.6832,11.0,7.26775956284153,33.06,-117.26,3.198
2.7917,40.0,4.173333333333333,36.6,-121.89,2.25
3.8542,30.0,6.249363867684479,32.8,-117.18,1.985
2.0368,37.0,5.662650602409639,34.17,-119.11,2.438
2.0437,31.0,4.047817047817047,33.93,-118.29,1.372
2.0432,18.0,4.2435064935064934,38.59,-121.4,1.568
2.0441,33.0,5.983758700696056,35.63,-117.66,0.421
2.0674,14.0,5.2253668763102725,34.2,-116.38,0.65
3.6458,35.0,5.341176470588235,32.79,-117.13,1.738
3.8281,3.0,7.980769230769231,33.52,-116.8,1.635
3.9821,22.0,5.783132530120482,37.57,-120.88,2.043
1.746,19.0,4.672566371681416,39.36,-123.1,1.05
3.7214,42.0,5.022413793103448,37.37,-121.82,1.679
6.299,17.0,6.478021978021978,33.87,-118.04,2.858
4.0345,25.0,5.466124661246613,33.7,-117.99,2.294
2.6397,29.0,4.469026548672566,33.91,-118.1,1.644
4.5,50.0,5.569620253164557,38.01,-122.14,1.783
4.8359,35.0,5.473015873015873,34.26,-118.45,1.956
4.5357,27.0,5.162079510703364,33.88,-118.37,3.342
2.1955,46.0,5.695020746887967,35.13,-119.46,0.269
5.5591,36.0,5.410714285714286,33.88,-118.26,1.365
2.8929,50.0,5.132246376811594,37.8,-122.21,2.167
3.6336,27.0,5.319630872483222,34.14,-117.98,2.352
4.5,15.0,6.072115384615385,38.41,-121.94,2.609
2.06,40.0,5.28021978021978,34.15,-117.3,0.855
4.6806,41.0,5.211805555555555,37.68,-121.77,2.094
2.5313,35.0,4.167487684729064,34.05,-118.31,3.058
3.9052,2.0,6.237741456166419,33.82,-117.21,1.221
4.7872,16.0,5.845505617977528,34.04,-117.66,1.476
4.8889,18.0,5.860894941634241,34.11,-117.6,1.557
1.8333,38.0,4.576923076923077,32.66,-117.09,1.271
3.0278,15.0,5.333333333333333,36.09,-119.04,0.774
3.93,52.0,4.781578947368421,37.76,-122.46,3.9
3.2857,16.0,5.146788990825688,38.34,-122.69,1.602
3.235,12.0,6.094650205761317,33.64,-117.19,2.107
4.0474,22.0,4.745070422535211,34.28,-118.88,1.821
4.9801,36.0,6.327472527472527,37.71,-122.07,2.415
5.3765,15.0,6.502976190476191,34.74,-120.46,2.231
5.0769,16.0,6.1046099290780145,34.03,-117.59,1.614
3.3616,30.0,4.348159509202454,33.73,-118.29,2.685
1.8438,17.0,5.322784810126582,40.39,-122.29,0.764
2.683,24.0,5.287037037037037,37.86,-121.06,1.694
2.5813,30.0,3.5719237435008666,32.8,-117.25,2.531
4.5714,33.0,5.649289099526066,32.8,-115.57,0.686
4.3594,14.0,5.041095890410959,37.52,-122.25,3.66
5.5867,35.0,5.350574712643678,33.86,-117.93,1.825
2.7717,25.0,5.79175704989154,33.12,-117.32,3.54
4.1344,36.0,4.115839243498818,33.9,-118.32,2.103
2.1722,12.0,4.9073359073359075,33.76,-116.99,0.694
1.7692,34.0,5.560196560196561,36.65,-119.8,0.742
3.7222,30.0,5.484154929577465,37.69,-122.1,1.958
7.2582,4.0,7.376840696117805,38.63,-121.24,2.732
4.4004,24.0,5.706373292867982,37.24,-121.9,2.558
5.2799,36.0,5.3203125,33.86,-118.36,3.326
4.9097,17.0,5.365853658536586,37.28,-121.76,2.41
4.2136,26.0,4.69683908045977,37.33,-121.96,2.883
6.2944,33.0,6.815724815724816,33.76,-117.82,2.656
3.5313,15.0,5.306425041186161,34.27,-118.67,1.918
7.6717,26.0,8.1285140562249,37.81,-122.12,4.165
3.6094,52.0,6.05625,37.96,-121.31,1.184
3.6382,25.0,7.772189349112426,34.66,-118.23,1.382
4.1944,33.0,4.667785234899329,34.12,-117.91,1.495
7.4201,17.0,8.320441988950277,36.83,-119.84,2.297
4.6,28.0,5.238888888888889,37.53,-121.98,2.232
2.2917,29.0,7.257142857142857,36.05,-119.27,1.125
4.4125,12.0,6.864406779661017,35.41,-119.19,1.49
3.0,35.0,5.040697674418604,34.04,-118.04,1.606
6.5778,46.0,6.561194029850746,33.97,-118.39,3.508
4.3393,20.0,5.232388663967611,37.56,-121.99,2.312
3.3472,19.0,5.802752293577981,38.65,-121.95,0.698
2.25,15.0,6.11214953271028,35.68,-118.06,0.675
1.564,35.0,4.519886363636363,37.63,-121.02,0.818
1.95,28.0,3.6581059390048156,32.75,-117.13,1.5
3.197,7.0,5.4851190476190474,33.06,-117.27,3.671
2.0284,34.0,4.942857142857143,32.77,-117.06,1.618
2.5625,35.0,5.86344537815126,39.31,-122.17,0.627
4.6528,32.0,5.657505285412262,37.9,-122.05,3.357
3.0781,7.0,5.4875,39.09,-121.0,1.625
5.5673,7.0,5.865384615384615,32.81,-117.09,2.882
6.1321,27.0,6.708185053380783,34.13,-117.82,3.097
4.6761,31.0,5.649501661129568,38.07,-122.14,1.431
4.8173,16.0,6.121621621621622,37.3,-121.8,2.356
2.891,11.0,3.7643229166666665,34.19,-118.44,1.781
3.2917,26.0,5.034979423868313,33.2,-117.36,1.508
3.0542,37.0,5.094076655052265,33.95,-117.41,1.239
1.9309,23.0,2.926829268292683,34.06,-118.29,2.333
3.2792,32.0,4.657894736842105,34.27,-119.24,2.205
5.9357,19.0,5.8584070796460175,33.78,-118.01,2.074
2.875,43.0,4.779467680608365,34.43,-119.69,2.806
3.8304,52.0,5.395437262357414,37.73,-122.44,2.614
2.8102,17.0,5.560581583198708,39.31,-121.13,1.289
5.4639,35.0,6.057534246575343,37.71,-122.08,2.386
4.375,28.0,6.656742556917688,37.99,-122.28,1.933
2.8125,29.0,6.078571428571428,36.46,-119.69,0.792
1.5743,31.0,4.544871794871795,35.36,-118.97,0.467
3.4306,34.0,5.774410774410774,36.22,-119.09,0.743
2.0508,11.0,4.99388379204893,34.86,-120.4,2.75
4.125,37.0,5.109792284866469,37.93,-122.53,3.103
5.17,39.0,6.190804597701149,34.16,-118.52,3.354
4.5066,14.0,6.121301775147929,34.96,-120.42,1.498
2.5186,52.0,3.0083102493074794,37.77,-122.42,2.5
1.125,26.0,3.7943396226415094,38.45,-122.7,2.333
4.199,52.0,3.649214659685864,37.8,-122.43,4.0
2.4599,17.0,3.3465798045602604,34.06,-118.12,1.816
3.3125,22.0,4.069986541049798,33.75,-117.99,1.918
5.2149,18.0,4.758426966292135,34.2,-118.59,2.019
4.3542,37.0,6.269372693726937,33.94,-118.03,1.798
5.4493,6.0,5.772687986171133,34.33,-118.83,2.426
4.3036,52.0,5.763333333333334,37.72,-122.45,2.618
4.7557,7.0,6.874717832957111,38.41,-121.38,1.504
3.8703,23.0,3.765925925925926,33.73,-117.82,1.37
2.1406,19.0,2.847741935483871,37.45,-122.16,4.025
0.9566,52.0,4.260233918128655,39.72,-121.84,0.69
5.2049,37.0,5.090196078431372,34.12,-118.22,2.408
4.0833,33.0,4.836065573770492,33.93,-117.94,1.625
2.9688,39.0,5.579207920792079,37.72,-122.46,2.32
3.5962,36.0,6.095419847328245,40.31,-121.24,0.936
3.5268,23.0,4.894308943089431,34.09,-118.05,1.464
3.3261,30.0,4.62993762993763,34.08,-117.97,1.641
3.8068,29.0,4.45578231292517,33.87,-117.98,1.587
1.7719,26.0,6.047244094488189,37.81,-122.29,0.825
2.1287,30.0,5.876168224299065,37.93,-122.34,0.95
3.3529,14.0,5.2174688057041,35.32,-119.02,0.826
5.6501,4.0,6.162349968414403,33.97,-117.74,2.549
2.3578,41.0,5.455598455598456,32.8,-117.15,1.667
5.0864,16.0,6.6573426573426575,32.73,-116.98,1.753
2.6618,19.0,4.666666666666667,33.88,-118.28,1.797
7.2639,15.0,7.473684210526316,37.67,-121.9,3.324
7.9059,38.0,6.5479452054794525,33.9,-118.4,4.771
4.7981,16.0,6.408536585365853,33.54,-117.67,1.708
5.0086,36.0,5.101190476190476,37.38,-122.08,3.667
3.1458,4.0,4.879818594104308,34.07,-117.57,1.188
2.4952,14.0,5.708609271523179,39.47,-121.54,0.539
5.6513,26.0,7.1936339522546415,34.0,-117.85,2.279
4.8304,33.0,5.754639175257732,37.43,-121.91,2.249
2.9712,33.0,4.609467455621302,34.1,-117.97,1.439
2.8125,42.0,4.402985074626866,37.77,-122.18,0.973
4.2059,52.0,5.578512396694215,33.73,-118.31,3.5
4.6687,44.0,5.782016348773842,34.0,-118.4,3.443
2.0285,25.0,5.2930379746835445,36.32,-119.93,1.063
2.7305,16.0,5.298657718120805,34.9,-117.16,0.738
4.2837,16.0,4.214046822742475,37.36,-121.96,2.645
3.7636,6.0,6.096236890808143,34.57,-118.14,1.676
4.3164,6.0,3.353467561521253,33.99,-118.22,1.432
3.1395,27.0,4.643086816720257,33.42,-117.62,3.1
1.5064,42.0,4.3858615611192935,39.72,-121.82,0.663
3.2031,52.0,5.477611940298507,37.85,-122.26,2.815
3.24,45.0,5.085141903171953,34.18,-118.34,2.269
1.4429,32.0,4.174757281553398,36.22,-119.35,0.546
4.4148,17.0,5.8563049853372435,33.7,-117.98,2.392
4.175,14.0,5.604698672114402,37.14,-121.64,2.298
2.6094,52.0,6.98639455782313,37.8,-122.29,0.813
3.7431,19.0,6.240208877284595,33.93,-117.46,1.328
1.2269,28.0,4.873663751214772,37.71,-122.41,1.819
6.6272,19.0,7.138888888888889,32.66,-117.02,2.736
4.3897,29.0,6.271739130434782,34.21,-119.18,2.576
6.1995,36.0,6.309756097560975,37.38,-122.09,4.072
4.0833,49.0,5.603104212860311,33.96,-117.39,1.144
1.5208,28.0,4.425954198473282,34.1,-117.31,0.695
4.0703,10.0,6.343575418994414,36.32,-118.94,1.471
3.8162,18.0,5.2247557003257326,34.25,-119.2,2.35
1.625,20.0,4.4226190476190474,39.79,-121.59,0.883
1.398,14.0,5.654223968565815,37.51,-119.99,1.038
6.706,49.0,6.802020202020202,34.11,-118.1,3.514
4.7022,15.0,6.261180679785331,33.13,-117.03,1.728
3.1205,30.0,4.132530120481928,36.97,-122.0,2.405
4.9028,14.0,6.372151898734177,37.1,-121.63,3.35
3.3375,32.0,5.245098039215686,33.85,-117.9,1.862
5.9171,14.0,6.017241379310345,34.52,-118.35,3.333
2.0682,40.0,4.635658914728682,33.88,-117.56,1.13
4.0341,26.0,5.162186379928316,33.66,-117.91,2.433
3.0139,45.0,4.796610169491525,38.23,-122.63,1.941
2.9375,17.0,5.021396396396397,38.16,-122.25,1.067
3.5,32.0,4.316666666666666,37.6,-122.02,1.543
4.7917,27.0,4.98125,33.84,-118.09,2.177
4.0687,38.0,4.832080200501253,33.84,-118.22,1.603
2.8203,27.0,4.148264984227129,37.65,-122.09,1.952
2.975,21.0,5.816568047337278,36.07,-118.99,0.639
4.2685,32.0,5.55794701986755,34.1,-117.88,2.166
3.3482,30.0,5.680412371134021,37.67,-121.09,2.2
1.6554,44.0,4.260504201680672,37.93,-121.68,1.194
2.5238,32.0,5.063106796116505,34.07,-117.33,0.892
3.3036,17.0,5.779220779220779,40.51,-121.02,0.783
3.3889,15.0,6.094936708860759,35.12,-118.01,0.685
3.8021,45.0,4.876456876456876,33.99,-118.43,3.23
3.1429,42.0,4.685344827586207,37.34,-121.94,2.865
3.209,14.0,7.239942528735632,33.14,-117.38,3.133
1.725,52.0,3.765151515151515,37.74,-121.43,1.115
2.6014,15.0,4.099201824401368,34.14,-117.97,1.503
1.6792,43.0,3.255357142857143,33.79,-118.19,1.306
4.6094,26.0,4.726114649681529,33.9,-118.01,2.01
3.2156,10.0,5.3905013192612135,39.46,-123.4,1.044
6.3199,23.0,6.909407665505227,34.3,-118.71,2.367
5.1696,52.0,6.115902964959568,37.89,-122.29,2.614
2.0192,18.0,4.4268707482993195,39.75,-122.2,0.637
1.2054,16.0,3.34375,37.29,-120.47,0.609
1.995,8.0,3.4344422700587085,33.37,-117.25,1.469
3.3802,17.0,5.756559766763848,38.86,-121.12,2.165
6.4967,15.0,6.180904522613066,33.66,-117.82,3.875
2.364,21.0,4.817097415506958,38.29,-122.46,1.733
2.1782,29.0,5.3261455525606465,33.88,-118.21,1.268
4.3292,14.0,5.048054919908467,33.77,-117.84,2.065
5.4063,36.0,5.378651685393258,37.41,-122.13,4.409
2.32,25.0,4.517676767676767,38.95,-119.94,0.913
3.7147,4.0,4.367857142857143,33.7,-117.77,1.375
5.0318,24.0,6.509933774834437,34.03,-117.31,1.345
3.1742,20.0,4.228710462287105,33.71,-117.88,2.45
2.45,41.0,3.5365853658536586,33.75,-118.28,1.868
1.6607,18.0,5.125,37.37,-120.67,0.875
5.1506,21.0,5.429790026246719,37.33,-121.97,3.021
6.6678,16.0,7.6923076923076925,33.88,-117.78,3.019
4.119,38.0,5.5068762278978385,38.14,-121.28,1.288
5.1585,18.0,6.48015873015873,40.57,-122.23,1.508
3.5497,25.0,4.801946193474528,34.26,-118.49,2.613
3.7303,9.0,6.175108538350217,35.74,-120.47,1.627
3.3083,20.0,5.387832699619772,37.53,-120.79,1.083
7.5604,9.0,6.696969696969697,32.91,-117.08,3.279
4.2823,16.0,6.170398009950249,37.66,-120.96,1.383
3.9828,36.0,5.761363636363637,32.8,-117.07,1.689
2.0523,44.0,4.220779220779221,38.02,-122.14,1.339
1.6642,39.0,3.504950495049505,36.97,-122.02,2.813
3.8427,35.0,5.471311475409836,33.93,-118.11,2.835
3.9727,17.0,5.745231030097499,38.61,-121.29,1.327
2.2969,47.0,4.284722222222222,33.98,-118.25,1.167
4.0211,4.0,6.3704712612367205,34.68,-118.09,1.44
4.744,48.0,7.117647058823529,37.8,-122.19,2.573
4.2829,30.0,4.186813186813187,33.89,-118.35,2.4
4.1319,33.0,5.262529832935561,34.19,-118.54,2.037
1.2989,25.0,2.9809322033898304,34.03,-118.28,2.25
3.925,18.0,4.90017825311943,37.28,-121.84,1.661
1.9688,43.0,4.740663900414938,40.79,-124.17,0.705
7.8601,16.0,7.922190201729107,37.15,-121.61,4.163
4.4375,24.0,5.791304347826087,33.89,-117.96,3.341
2.7139,52.0,5.389830508474576,33.97,-118.32,1.649
1.6785,12.0,4.485285101164929,39.74,-121.88,1.531
2.1458,22.0,5.287610619469026,40.71,-122.4,0.847
5.815,34.0,7.670411985018727,38.33,-122.26,3.392
5.9547,18.0,6.5473251028806585,32.95,-117.24,3.293
2.6637,14.0,3.925438596491228,35.34,-119.05,1.75
4.0,26.0,4.128440366972477,32.73,-117.14,1.375
1.6887,44.0,4.465587044534413,33.94,-118.26,0.996
3.3438,8.0,5.455172413793103,34.09,-117.38,1.276
4.7788,31.0,6.422932330827067,32.79,-117.2,2.76
5.2549,28.0,4.519911504424779,33.65,-117.9,2.618
4.3424,10.0,5.669135802469135,33.03,-117.08,1.606
3.4191,52.0,4.530612244897959,39.73,-121.85,1.375
5.3002,8.0,6.687022900763359,37.98,-121.34,1.917
2.1838,18.0,4.565217391304348,39.78,-121.59,0.58
3.05,33.0,6.868596881959911,34.02,-117.43,0.978
2.006,37.0,3.769230769230769,34.04,-118.3,1.5
3.2315,35.0,6.698757763975156,38.54,-123.02,1.369
2.3173,27.0,3.804195804195804,37.79,-122.24,1.25
2.7865,17.0,3.7037037037037037,33.71,-117.99,2.167
3.55,36.0,4.654320987654321,33.85,-118.13,2.128
1.5812,39.0,3.837920489296636,33.96,-118.26,0.94
2.933,13.0,6.244604316546763,33.73,-116.86,1.707
5.7133,13.0,6.75625,38.7,-121.24,1.668
2.7587,15.0,4.8951890034364265,36.97,-121.97,2.286
3.2865,35.0,4.0492610837438425,34.28,-118.42,1.333
5.1664,32.0,5.825454545454545,37.16,-122.12,1.851
4.2232,33.0,6.1896955503512885,37.46,-122.23,3.637
2.0417,34.0,5.052631578947368,36.6,-119.44,0.725
5.1619,36.0,5.2026666666666666,34.25,-118.48,1.953
5.3674,26.0,6.875722543352601,33.65,-117.97,3.393
2.2254,11.0,4.598499061913696,37.8,-121.23,1.308
2.5556,13.0,4.013201320132013,38.1,-121.28,1.331
3.2061,41.0,3.8682634730538923,34.0,-118.48,3.7
2.3359,24.0,4.994082840236686,37.1,-119.49,0.924
3.6434,14.0,6.637931034482759,39.13,-120.99,1.554
3.215,36.0,4.566666666666666,34.19,-118.22,3.313
3.2083,35.0,3.9404388714733543,34.16,-118.29,2.38
4.2207,22.0,5.563944530046225,33.91,-117.48,1.411
3.5744,20.0,5.07037643207856,35.11,-120.59,1.978
3.4312,52.0,6.359908883826879,33.99,-118.03,2.438
1.5957,18.0,6.327586206896552,35.7,-118.5,1.014
4.25,44.0,3.8004926108374386,33.76,-118.13,4.393
3.0469,40.0,4.299086757990867,37.71,-122.4,2.38
5.1728,7.0,4.650485436893204,36.29,-119.8,1.075
2.9293,38.0,4.3344120819848975,33.89,-118.19,1.136
2.7308,45.0,4.312267657992565,33.8,-118.21,1.39
2.4141,28.0,4.327169274537695,32.8,-116.94,1.375
3.3438,19.0,6.963768115942029,34.7,-119.31,1.563
3.0087,19.0,4.3125,33.84,-117.86,1.594
3.2083,34.0,5.471264367816092,32.78,-115.56,0.762
7.1382,35.0,6.381176470588235,37.41,-122.11,4.438
2.0227,20.0,7.552486187845304,41.82,-120.48,0.475
1.2206,20.0,3.9465408805031448,33.79,-118.18,1.625
3.8421,29.0,4.676470588235294,37.46,-121.9,2.207
4.0521,35.0,5.7531380753138075,34.03,-117.94,1.518
5.103,34.0,5.90625,33.84,-117.99,2.07
2.0114,38.0,4.412903225806452,37.8,-122.28,1.313
2.5795,42.0,3.933333333333333,38.03,-122.14,2.25
2.2562,39.0,5.007448789571694,37.77,-122.2,0.948
2.6531,29.0,5.1274298056155505,34.96,-120.44,1.083
1.8363,37.0,4.62882096069869,33.12,-117.08,1.455
2.5625,49.0,4.615384615384615,34.1,-117.3,0.75
2.0562,41.0,4.536656891495602,37.77,-122.2,1.02
2.851,18.0,3.5619335347432024,34.09,-117.95,1.406
1.925,20.0,5.549618320610687,33.57,-114.57,0.655
4.6786,16.0,5.350061199510404,37.59,-122.03,2.56
2.1979,41.0,3.975378787878788,34.03,-118.17,1.408
3.4907,34.0,4.901719901719901,33.92,-118.04,1.535
2.1516,52.0,2.75,37.78,-122.42,1.875
2.4706,22.0,5.232273838630807,37.49,-120.86,0.894
1.4279,38.0,5.15566037735849,34.08,-117.27,0.73
3.1364,18.0,3.629032258064516,36.59,-121.89,1.5
3.1083,40.0,4.765676567656766,34.04,-118.13,2.205
2.7316,46.0,4.181303116147308,38.56,-121.48,1.347
4.1312,35.0,5.882352941176471,33.93,-118.02,1.938
3.1571,43.0,4.976127320954907,37.94,-122.33,1.416
4.0806,6.0,5.716269841269841,36.32,-119.27,1.102
4.0588,45.0,5.822274881516588,37.68,-122.13,1.828
2.9013,19.0,6.090909090909091,36.65,-119.74,0.895
3.0078,26.0,5.184065934065934,38.33,-122.7,1.604
2.5719,32.0,4.370253164556962,33.9,-118.19,1.056
2.1141,27.0,3.8552036199095023,34.05,-117.74,1.109
4.5682,21.0,5.905982905982906,37.01,-121.97,3.716
2.7,32.0,5.563380281690141,39.44,-123.73,1.65
1.7418,8.0,4.754360465116279,35.79,-119.25,0.622
3.0263,29.0,3.948207171314741,33.76,-118.0,1.942
1.3929,33.0,3.657458563535912,36.75,-119.83,0.556
2.1949,22.0,5.1937984496124034,32.65,-116.45,1.271
4.2656,22.0,6.6970740103270225,34.4,-119.29,2.414
3.0125,52.0,4.941780821917808,37.83,-122.26,1.844
1.9181,17.0,4.674329501915709,40.58,-122.36,1.188
3.9808,35.0,5.3099630996309966,34.07,-117.89,1.886
2.9471,33.0,6.68,36.8,-119.82,0.995
3.8618,41.0,6.345724907063197,33.97,-117.4,1.348
3.9079,52.0,4.8173515981735155,37.76,-122.44,3.7
3.0938,31.0,3.6676557863501484,33.98,-118.17,1.554
4.125,38.0,4.7734375,33.9,-118.12,1.739
5.6349,24.0,5.71313672922252,37.84,-122.14,3.556
4.9,42.0,5.929765886287625,33.83,-118.19,4.063
3.3603,14.0,6.552123552123552,35.07,-120.56,2.802
1.5662,28.0,3.8308823529411766,36.97,-120.07,0.48
5.1365,2.0,5.453947368421052,34.06,-117.28,1.367
4.0625,11.0,5.714285714285714,33.15,-117.29,0.875
2.5495,27.0,5.445026178010472,39.19,-121.53,0.983
2.1125,26.0,4.690821256038648,34.07,-117.32,0.84
7.7197,26.0,6.0,38.0,-122.49,4.0
2.0326,19.0,3.9211703958691912,32.79,-116.95,1.232
3.8667,32.0,6.280936454849498,32.79,-116.98,1.897
4.25,40.0,5.302593659942363,34.19,-118.16,1.779
2.3636,32.0,3.633946830265849,34.07,-118.28,1.9
3.7344,46.0,4.817767653758542,34.19,-118.33,2.22
4.5,36.0,5.071698113207547,37.69,-122.49,2.756
5.0323,30.0,6.295264623955432,38.35,-122.76,2.224
2.1513,27.0,4.698550724637681,37.93,-121.19,0.997
2.7212,39.0,3.9673202614379086,33.77,-118.15,2.663
5.7621,9.0,6.490666666666667,38.5,-121.55,2.046
3.8,36.0,5.702702702702703,37.67,-122.11,1.875
3.1814,28.0,5.677811550151976,36.83,-119.69,0.789
2.6932,31.0,4.85,36.8,-119.7,0.664
2.1265,32.0,4.436314363143631,37.98,-121.26,0.557
4.125,52.0,5.036144578313253,33.95,-118.37,1.74
1.7805,32.0,4.199831365935919,33.72,-116.23,0.769
2.5434,28.0,3.25,34.1,-118.34,2.321
3.1923,42.0,4.1735751295336785,34.18,-118.52,2.218
4.175,18.0,5.709371293001186,38.4,-121.36,1.444
1.3962,36.0,3.7667238421955402,33.93,-118.3,1.243
6.5538,7.0,6.309623430962343,34.52,-118.22,3.116
1.056,24.0,4.462068965517242,35.36,-119.01,0.516
3.6761,18.0,4.403581267217631,33.82,-117.89,1.405
2.2375,19.0,4.742105263157895,36.94,-120.06,0.643
4.7381,26.0,6.007490636704119,38.66,-121.31,1.405
4.1169,23.0,5.544303797468355,33.81,-118.31,3.626
3.4886,35.0,5.332480818414322,33.95,-118.02,1.739
4.189,3.0,7.489331436699858,33.9,-117.19,1.43
1.8652,35.0,3.498533724340176,34.01,-118.27,1.161
1.6081,35.0,3.354131534569983,34.09,-118.35,2.889
2.9844,32.0,5.322033898305085,37.48,-120.96,1.359
4.1141,20.0,4.158852344296711,34.05,-118.44,3.05
4.3859,45.0,4.939024390243903,37.75,-122.5,2.702
1.2375,52.0,3.2962962962962963,32.71,-117.14,1.0
4.0274,36.0,6.007537688442211,34.06,-117.98,1.607
3.5192,26.0,4.908554572271386,34.1,-117.79,1.905
3.125,14.0,7.271111111111111,37.04,-119.94,0.885
3.5536,52.0,4.116959064327485,37.75,-122.42,4.0
4.7283,11.0,5.421348314606742,38.44,-122.76,1.702
1.9423,29.0,4.689458689458689,34.14,-117.33,0.697
5.2837,27.0,6.900523560209424,32.81,-117.21,2.838
2.9196,33.0,4.824528301886793,34.09,-118.08,2.088
3.256,25.0,3.804395604395604,33.81,-117.94,2.143
3.4561,20.0,5.451171875,38.43,-122.59,2.167
6.1426,32.0,6.621973929236499,33.63,-117.9,4.507
4.4946,48.0,5.379912663755459,37.76,-122.47,3.586
4.5217,23.0,5.1867612293144205,33.84,-117.84,2.194
3.7738,48.0,4.378006872852234,37.32,-121.9,2.206
3.312,17.0,6.451757666417352,33.72,-116.37,1.213
1.8575,27.0,4.247663551401869,38.12,-121.26,0.738
1.6786,36.0,4.076923076923077,35.33,-118.99,0.529
2.5486,23.0,5.604081632653061,37.72,-121.01,1.611
4.4102,34.0,6.098630136986301,34.06,-117.96,1.832
1.9342,32.0,4.89957264957265,36.39,-119.31,0.686
6.1575,38.0,7.171974522292993,36.8,-119.81,1.601
3.4559,39.0,4.645783132530121,34.1,-118.15,3.649
1.9531,41.0,3.826530612244898,37.94,-121.31,0.45
3.2,52.0,6.108374384236453,39.27,-121.02,1.55
2.1164,34.0,3.9858823529411764,32.71,-117.14,1.394
3.2604,9.0,5.018105849582173,34.06,-117.24,0.933
6.4949,32.0,5.662962962962963,37.42,-122.11,4.178
2.3079,12.0,5.672727272727273,39.83,-121.6,0.953
3.6771,31.0,4.705263157894737,33.93,-118.05,1.415
3.6196,38.0,4.964601769911504,33.99,-118.08,1.707
1.75,47.0,4.0,37.76,-122.2,0.857
6.2079,12.0,6.2322097378277155,33.24,-117.2,3.073
4.6556,23.0,5.5169606512890095,34.11,-117.87,1.996
2.5625,2.0,2.7719298245614037,37.82,-122.29,0.6
4.4318,36.0,5.721014492753623,33.95,-118.01,1.811
2.3568,5.0,3.47911227154047,34.09,-118.34,2.047
1.4024,26.0,4.332236842105263,35.38,-118.99,0.51
6.8323,33.0,6.603960396039604,37.75,-122.14,2.559
6.1498,26.0,6.276243093922652,34.09,-117.86,2.391
2.5506,23.0,3.6280701754385967,34.42,-119.71,2.308
1.4007,20.0,3.9021113243762,38.5,-121.44,0.975
5.5176,47.0,5.2644927536231885,33.96,-118.32,1.91
4.1125,30.0,4.038759689922481,34.19,-118.4,2.167
6.204,19.0,6.56420233463035,38.24,-122.62,2.018
3.2344,44.0,5.045081967213115,33.85,-117.92,1.701
2.5909,31.0,4.4106529209622,32.76,-117.09,1.591
3.6548,30.0,6.147214854111406,35.36,-119.05,0.847
2.0458,18.0,5.047727272727273,39.78,-121.57,1.057
3.2841,15.0,5.4788461538461535,33.71,-117.75,1.583
3.09,35.0,4.421461897356143,37.66,-122.11,1.741
2.5383,11.0,4.471327572663001,33.69,-116.19,0.74
3.425,28.0,5.421212121212121,33.86,-118.07,1.897
2.0781,41.0,4.7981220657277,36.75,-119.82,0.488
4.7273,23.0,5.506306306306306,33.73,-117.81,2.342
2.3293,31.0,4.673866090712743,36.78,-119.78,0.734
2.2619,13.0,5.099041533546326,38.13,-121.47,1.235
3.1607,28.0,3.587336244541485,34.26,-118.3,2.006
5.0839,25.0,6.03921568627451,34.73,-118.61,1.567
4.0862,44.0,5.295373665480427,32.74,-117.24,3.218
3.9909,14.0,4.608303249097473,37.54,-121.96,2.36
6.1509,25.0,6.111269614835948,34.06,-118.16,3.151
3.3047,52.0,7.9363636363636365,37.18,-122.38,2.861
6.3132,18.0,6.73536299765808,37.69,-121.91,2.592
2.8299,43.0,4.57630979498861,33.96,-118.3,1.095
3.5878,43.0,4.634228187919463,33.91,-118.2,1.184
6.3373,7.0,6.927083333333333,33.09,-117.23,2.796
3.2312,38.0,4.5762081784386615,34.08,-118.07,2.119
3.5156,21.0,4.864864864864865,38.8,-123.01,1.333
2.3768,18.0,4.906,34.07,-117.43,0.953
1.9829,34.0,4.4407484407484406,37.5,-120.86,0.828
1.4619,32.0,4.004444444444444,35.6,-119.33,0.605
4.3077,23.0,3.4683794466403164,37.4,-122.1,2.935
3.0917,38.0,4.620535714285714,37.67,-122.11,1.672
3.0685,33.0,4.155866900175131,33.87,-118.15,1.818
6.7123,26.0,6.6767676767676765,37.3,-122.02,3.546
2.5865,42.0,4.952586206896552,36.96,-122.04,2.064
1.7292,33.0,4.513677811550152,36.62,-119.31,0.52
6.3017,16.0,5.704491725768322,33.61,-117.89,3.5
2.1838,32.0,4.057347670250896,33.89,-118.24,0.983
4.1577,24.0,4.484593837535014,33.76,-117.93,1.741
4.2788,10.0,5.375,33.68,-117.35,1.25
1.1576,44.0,3.279620853080569,40.87,-124.09,0.875
3.7933,22.0,6.1128608923884515,33.25,-117.3,1.31
3.1284,8.0,4.3759873617693525,38.11,-121.26,1.151
3.1546,34.0,4.669576059850374,36.98,-121.95,2.612
1.6838,14.0,4.745856353591161,34.58,-117.41,0.579
4.875,16.0,6.472,38.03,-121.32,1.431
3.1635,34.0,5.767650834403081,34.52,-117.3,0.743
2.5119,26.0,4.6348773841961854,33.2,-117.24,1.717
3.0052,34.0,3.6564625850340136,37.66,-122.41,2.425
2.9567,52.0,4.05344295991778,37.77,-122.43,4.25
3.3482,21.0,5.366824644549763,34.08,-117.68,1.373
6.3688,30.0,5.589743589743589,34.24,-118.27,2.776
6.0965,34.0,6.420195439739413,34.24,-118.49,2.623
4.2214,14.0,5.933689839572192,35.4,-118.94,1.046
2.892,30.0,5.701357466063349,37.94,-122.07,2.208
3.3239,52.0,5.292328042328043,37.76,-122.47,3.5
3.375,47.0,4.473684210526316,37.72,-122.15,1.983
3.3846,15.0,2.930327868852459,33.74,-117.91,1.625
1.0313,20.0,2.4368421052631577,38.59,-121.49,0.85
5.9053,16.0,6.577464788732394,37.26,-121.8,2.605
3.0905,21.0,4.674634794156707,36.98,-121.94,2.643
3.725,30.0,5.404166666666667,35.38,-118.95,0.831
7.2589,21.0,8.035714285714286,38.23,-122.18,3.204
4.8693,23.0,6.448863636363637,36.99,-121.91,3.223
5.6358,29.0,6.2837684449489215,37.27,-121.92,2.821
4.25,37.0,5.346067415730337,33.93,-118.32,1.721
4.425,35.0,4.723958333333333,37.67,-122.44,2.684
3.9097,41.0,5.010309278350515,35.36,-119.03,0.813
5.7104,5.0,6.526867627785059,37.95,-121.74,1.863
2.7321,31.0,5.491150442477876,36.51,-119.81,0.836
2.4861,36.0,4.655555555555556,33.88,-117.56,0.962
3.2444,16.0,6.179166666666666,38.7,-121.32,1.184
4.1947,16.0,6.384803921568627,38.0,-121.88,1.403
2.4583,35.0,4.04,37.77,-120.85,0.75
3.2705,12.0,5.330082520630158,33.93,-117.24,1.132
4.0648,45.0,5.362363919129082,34.17,-118.32,2.588
4.0,31.0,4.691666666666666,34.17,-118.61,2.785
2.6226,40.0,4.071216617210682,34.09,-118.18,1.488
3.5096,23.0,3.9393305439330546,34.14,-118.37,3.964
4.1862,15.0,5.538551401869159,38.33,-122.3,1.836
4.9946,10.0,5.6863636363636365,34.27,-118.67,2.046
1.8355,29.0,4.487364620938628,36.68,-119.76,0.742
5.3157,16.0,6.590551181102362,37.23,-121.81,2.533
1.6122,41.0,3.2764976958525347,34.05,-118.22,1.571
5.7001,16.0,6.7781954887218046,38.02,-122.25,2.051
5.0362,29.0,6.110112359550562,37.91,-122.03,2.753
4.1125,39.0,5.165605095541402,34.3,-118.38,1.83
4.2036,34.0,4.9906759906759905,33.65,-117.93,2.201
4.1375,26.0,5.789644012944984,34.45,-119.75,3.95
6.2556,25.0,7.6781115879828326,33.88,-117.96,3.413
2.875,37.0,5.802666666666667,32.7,-117.08,0.989
2.3444,30.0,3.18348623853211,33.98,-118.18,1.561
1.7016,27.0,2.8199052132701423,34.07,-118.27,1.6
1.4648,28.0,6.330708661417323,32.64,-116.2,0.618
6.3719,26.0,6.972151898734177,37.6,-122.41,4.669
3.0777,23.0,4.941714285714285,36.97,-121.96,2.638
3.8705,36.0,5.562770562770563,34.08,-117.92,1.919
4.0714,9.0,6.679279279279279,38.65,-120.97,3.006
1.5517,31.0,3.110831234256927,32.76,-117.09,1.225
3.1167,39.0,4.659574468085107,37.78,-122.2,1.216
6.0115,3.0,5.533980582524272,37.98,-122.33,1.75
6.8591,52.0,7.599388379204893,37.81,-122.24,3.524
4.7986,24.0,5.701227830832196,33.79,-117.94,2.365
4.7135,28.0,4.950749464668094,37.54,-121.97,2.032
1.6006,52.0,4.427083333333333,34.07,-117.75,1.462
2.442,30.0,5.102915951972555,40.77,-124.19,0.69
6.0824,3.0,5.0904467853251,37.52,-122.07,2.735
1.8625,32.0,3.399568034557235,34.95,-120.45,0.902
6.3702,23.0,6.440263405456256,37.31,-122.01,3.32
6.58,25.0,7.704334365325077,33.78,-117.82,3.185
3.6815,43.0,6.516129032258065,34.95,-120.43,1.818
7.3841,40.0,6.698412698412699,37.65,-120.98,1.722
3.184,23.0,5.450408401400233,39.39,-123.85,1.405
4.0625,52.0,4.156118143459915,37.75,-122.43,3.556
5.6846,32.0,6.654109589041096,32.8,-116.91,2.088
4.6125,41.0,6.022471910112359,37.53,-122.31,3.617
5.0234,37.0,5.774941995359629,34.25,-118.27,2.576
1.6731,41.0,4.036827195467422,33.99,-118.24,0.882
5.4446,37.0,6.176691729323308,37.81,-122.18,3.367
3.8897,52.0,5.564432989690721,37.88,-122.29,2.184
5.5925,13.0,5.757981462409886,34.3,-118.9,2.086
3.2301,23.0,4.79933110367893,33.84,-117.93,1.899
4.25,24.0,5.322147651006712,33.21,-117.35,1.503
3.5179,22.0,3.168085106382979,37.4,-122.09,1.972
2.2097,50.0,3.111111111111111,34.42,-119.71,2.583
2.765,13.0,4.490074441687345,33.23,-117.3,0.985
6.6719,26.0,8.026819923371647,33.84,-117.85,2.717
5.0423,25.0,5.85590465872156,37.53,-121.99,2.222
1.2542,42.0,3.2535714285714286,38.58,-121.51,0.76
2.3417,40.0,3.2385008517887566,33.98,-118.51,4.25
1.8894,39.0,5.228571428571429,36.04,-119.4,1.125
1.6,43.0,3.324324324324324,37.94,-122.36,0.794
3.1741,52.0,5.398190045248869,34.17,-118.16,1.638
4.7723,9.0,5.781847133757962,36.32,-119.27,1.131
2.0114,20.0,3.6439716312056736,32.68,-117.09,1.049
1.1553,12.0,4.238888888888889,38.54,-122.81,1.393
4.3594,44.0,5.843003412969283,33.83,-118.12,2.213
6.1953,14.0,6.684418145956608,38.31,-122.33,2.589
4.045,4.0,5.052227342549923,33.57,-117.71,2.26
3.7478,13.0,6.297435897435897,34.41,-117.33,1.135
2.6658,29.0,4.961605584642234,34.58,-118.1,1.069
3.0759,52.0,4.898907103825136,34.01,-118.31,1.237
2.9063,42.0,4.590909090909091,37.73,-122.18,0.8
1.8162,50.0,3.5025641025641026,37.64,-120.99,0.7
2.5663,19.0,3.9004267425320056,34.1,-118.13,1.975
5.133,17.0,6.334500875656743,33.51,-117.72,3.24
2.9559,15.0,5.272151898734177,39.96,-120.93,1.188
3.5073,42.0,4.251351351351351,33.85,-118.32,2.348
5.4288,6.0,6.50625,32.83,-116.83,1.678
1.7548,30.0,4.227920227920228,36.21,-121.13,0.958
7.001,26.0,7.885245901639344,34.2,-118.87,2.868
2.7983,16.0,5.77725674091442,33.72,-117.07,1.125
3.4919,44.0,5.138418079096045,37.75,-122.5,2.718
2.9072,8.0,5.389845094664372,34.54,-117.22,1.192
5.1322,43.0,4.309859154929577,33.99,-118.39,3.149
6.2178,3.0,8.174479166666666,34.12,-117.17,1.739
4.061,52.0,5.8431372549019605,37.97,-121.3,1.136
2.9028,11.0,4.013207547169811,34.22,-118.37,1.741
3.8417,11.0,6.667844522968198,39.03,-121.06,1.872
2.6083,27.0,3.5095320623916813,34.06,-118.18,1.486
3.1989,31.0,4.376310272536688,34.15,-119.19,1.854
3.6563,40.0,4.405194805194805,34.17,-118.39,2.224
1.3844,29.0,3.4564643799472297,37.78,-122.43,1.775
5.4842,22.0,5.1553956834532375,37.3,-122.03,3.353
3.3214,37.0,4.327142857142857,37.7,-122.46,2.432
2.1782,34.0,4.535037878787879,33.61,-114.59,0.584
2.5125,5.0,4.817472698907956,33.98,-117.89,1.845
5.741,35.0,6.46067415730337,34.27,-118.47,2.206
5.35,35.0,5.400763358778626,34.21,-118.41,2.105
5.8635,24.0,7.226315789473684,34.45,-119.79,3.487
2.125,37.0,3.6574923547400613,33.98,-118.24,1.089
2.9,20.0,4.083333333333333,33.86,-117.99,1.761
1.9946,52.0,4.475806451612903,37.86,-122.29,1.569
5.98,22.0,6.586469534050179,37.66,-121.79,2.45
4.4853,23.0,7.060931899641577,37.99,-121.83,1.459
3.9732,41.0,4.8141891891891895,34.03,-118.37,1.884
3.0354,23.0,4.327217125382263,37.96,-121.34,1.137
2.9438,18.0,4.97923197492163,35.33,-119.05,0.872
6.5881,34.0,6.173469387755102,32.81,-117.24,3.944
4.0972,24.0,4.130526315789473,37.43,-122.17,3.875
2.7222,40.0,4.911864406779661,38.44,-122.69,1.612
3.7813,39.0,4.564738292011019,34.03,-118.45,3.363
3.6373,52.0,6.841397849462366,34.04,-118.33,4.2
1.2413,11.0,3.9677002583979326,32.69,-117.1,0.831
2.5938,45.0,4.6328125,34.07,-118.09,1.993
3.8529,43.0,4.2191142191142195,34.12,-118.15,3.5
7.7307,34.0,6.619528619528619,34.13,-118.02,4.29
2.0899,21.0,4.583497053045186,40.48,-122.36,0.748
3.6437,17.0,5.158730158730159,37.85,-122.06,1.865
2.0702,30.0,3.277158774373259,34.09,-118.36,2.833
3.525,34.0,4.296296296296297,37.63,-122.49,2.541
3.8083,41.0,4.618834080717488,34.22,-118.44,1.838
2.2202,22.0,4.557017543859649,36.05,-119.02,0.652
2.5139,43.0,4.561290322580645,37.74,-122.19,0.834
2.6437,19.0,3.531096563011457,34.2,-118.52,1.95
1.5758,11.0,4.789346246973365,34.41,-117.29,1.083
4.0365,18.0,5.9742489270386265,38.21,-121.15,1.742
5.444,37.0,5.922779922779923,34.0,-118.4,3.36
4.125,39.0,5.126353790613718,37.7,-122.07,2.325
3.6639,21.0,5.584016393442623,34.98,-120.43,1.286
6.0226,16.0,6.901554404145077,32.98,-117.04,1.929
4.3875,10.0,5.648915187376726,37.99,-122.11,2.877
3.2845,16.0,4.642126789366054,33.61,-117.75,2.276
1.4524,42.0,3.5231316725978647,34.01,-118.27,1.268
4.2234,16.0,4.682678311499272,32.9,-117.14,1.621
5.716,27.0,7.15625,37.4,-121.83,3.483
4.75,15.0,4.678227360308285,37.45,-121.89,2.544
6.3093,19.0,6.037174721189591,33.85,-118.09,2.865
4.5272,18.0,6.1943231441048034,36.81,-121.69,2.21
5.3074,42.0,5.359504132231405,33.67,-118.31,4.019
1.767,37.0,3.7111111111111112,34.04,-118.31,1.703
6.1388,30.0,5.93026941362916,37.33,-121.98,3.024
4.0329,16.0,5.8275,38.34,-121.97,1.268
3.9219,37.0,4.024024024024024,34.12,-118.0,1.75
4.9517,29.0,5.979343863912515,36.94,-121.84,3.079
3.9167,36.0,5.695652173913044,32.62,-117.06,1.897
1.4455,35.0,4.9621380846325165,36.21,-119.37,0.541
3.0057,35.0,4.095307917888563,33.79,-118.3,2.353
3.8105,52.0,6.098765432098766,36.77,-119.8,0.876
3.3929,52.0,5.994652406417113,37.83,-122.29,0.757
4.0048,16.0,5.987096774193549,32.82,-116.92,1.846
4.6167,25.0,5.777292576419214,33.75,-117.96,2.373
5.9508,16.0,6.039906103286385,34.64,-118.21,1.811
3.3816,15.0,5.404710920770878,40.57,-122.32,0.938
2.2264,31.0,4.9804469273743015,36.2,-119.35,0.508
4.385,35.0,6.356451612903226,38.26,-122.73,3.177
3.8,36.0,5.403225806451613,37.64,-122.08,1.72
1.7969,10.0,7.448979591836735,40.4,-123.08,0.375
3.4013,27.0,4.119402985074627,34.17,-118.4,2.86
4.2297,47.0,3.8737419945105214,37.45,-122.16,4.25
3.375,16.0,4.576961271102284,34.23,-119.18,2.188
4.8424,23.0,5.381188118811881,37.34,-121.82,1.953
4.7768,52.0,5.853754940711463,37.33,-121.92,3.011
1.95,19.0,3.218390804597701,34.25,-118.41,1.375
2.0323,43.0,4.096069868995633,33.96,-118.25,1.125
2.8192,29.0,5.350378787878788,33.68,-117.7,1.625
5.2113,19.0,6.330494037478705,32.86,-117.19,2.674
2.3152,10.0,3.4055944055944054,37.97,-122.04,1.406
2.5938,40.0,3.8114754098360657,33.94,-118.22,1.154
2.1771,18.0,5.127272727272727,36.44,-119.97,0.392
4.2269,14.0,5.874371859296482,38.0,-122.26,1.705
3.1884,25.0,5.188630490956072,33.84,-117.94,1.354
4.2137,34.0,4.917710196779964,34.17,-119.17,1.856
3.7986,38.0,5.35799522673031,34.01,-118.07,1.71
5.0362,27.0,6.480916030534351,37.98,-121.23,1.813
2.1927,43.0,4.32994923857868,38.68,-121.77,1.079
6.083,34.0,6.099767981438515,37.31,-122.02,3.414
5.1067,40.0,6.353430353430354,37.93,-122.32,2.473
2.0213,22.0,3.4210526315789473,32.67,-117.1,1.106
3.4267,11.0,5.128698224852071,34.03,-117.71,1.644
6.0574,32.0,7.502923976608187,37.64,-121.97,4.31
5.7509,47.0,5.212218649517685,34.05,-118.39,4.741
4.6111,36.0,5.4576271186440675,38.64,-121.37,1.393
5.3738,35.0,6.444776119402985,33.88,-117.94,3.651
3.0217,26.0,4.146341463414634,32.58,-117.12,1.316
4.1179,4.0,6.42707240293809,38.26,-121.32,1.346
5.0917,52.0,5.628458498023716,37.82,-122.25,2.625
2.6768,25.0,4.592417061611374,33.61,-114.58,0.824
2.8095,30.0,4.061633281972265,33.82,-118.08,1.183
4.2865,38.0,5.757255936675461,34.19,-118.51,2.211
2.2679,25.0,3.9716981132075473,37.78,-120.85,0.713
3.2197,17.0,6.53781512605042,32.8,-117.11,0.675
4.2375,38.0,5.897674418604651,35.5,-119.26,0.786
2.0417,34.0,4.76303317535545,38.64,-121.43,0.659
3.7375,29.0,4.166666666666667,33.88,-118.3,2.477
3.0061,40.0,3.952471482889734,34.18,-118.38,1.908
3.8586,45.0,4.680412371134021,33.81,-118.21,1.579
2.5625,52.0,4.947368421052632,36.62,-121.92,2.354
3.9583,8.0,5.550552251486831,32.55,-117.09,1.444
7.9794,28.0,6.427083333333333,33.53,-117.76,4.261
4.5337,31.0,5.524390243902439,37.68,-122.47,3.067
2.1975,41.0,5.373801916932908,38.54,-121.48,0.735
4.5625,34.0,5.764119601328904,37.36,-121.98,2.427
1.6563,16.0,5.125,35.34,-120.69,0.425
2.7619,21.0,4.043795620437956,38.3,-122.3,1.546
3.9519,39.0,7.23463687150838,39.23,-122.9,0.989
2.881,47.0,3.8613138686131387,33.97,-118.22,1.833
2.8427,27.0,3.2203098106712567,33.98,-118.17,1.644
4.9219,35.0,6.15406162464986,32.82,-117.19,1.929
7.3861,16.0,5.661596958174905,37.41,-121.86,2.67
1.7756,19.0,5.009708737864078,37.28,-120.47,0.733
3.4015,21.0,4.803867403314917,35.05,-118.0,0.865
4.7566,23.0,5.762917933130699,33.09,-117.08,1.783
5.1098,16.0,5.814878892733564,32.74,-116.98,1.623
2.6944,17.0,5.1475195822454305,32.74,-116.98,1.583
1.7727,31.0,4.961937716262976,39.44,-121.55,0.49
3.0536,35.0,5.318435754189944,40.62,-124.18,1.07
3.6607,38.0,4.766467065868263,33.9,-118.22,1.104
3.1771,17.0,6.3806584362139915,32.74,-116.99,1.899
2.4459,40.0,3.839655172413793,33.94,-118.21,1.438
2.4896,38.0,5.333333333333333,40.79,-124.14,0.81
5.2852,25.0,6.74,33.99,-117.96,2.976
2.1641,31.0,3.809045226130653,33.93,-118.18,1.229
4.025,21.0,5.478935698447893,36.89,-121.37,2.938
4.9222,7.0,6.279615795090715,38.25,-122.0,1.429
2.7813,41.0,3.4464285714285716,33.77,-118.2,1.292
1.9044,18.0,3.879194630872483,38.55,-121.39,1.543
3.0833,50.0,4.641160949868074,34.05,-118.36,3.381
3.5757,35.0,4.539087947882736,33.99,-118.09,1.779
4.9917,26.0,5.387387387387387,33.81,-117.85,2.481
4.3864,35.0,5.415637860082304,37.68,-122.15,2.052
1.9483,16.0,4.21669341894061,36.82,-119.72,1.125
4.4318,52.0,5.74384236453202,37.76,-122.43,4.375
3.7083,35.0,5.858181818181818,34.07,-117.69,1.31
3.4464,33.0,4.968085106382978,37.45,-121.06,1.625
5.8642,36.0,7.388349514563107,37.04,-121.93,3.635
3.6625,35.0,4.8986175115207375,33.9,-118.32,1.88
2.4949,44.0,5.318284424379232,38.12,-121.27,1.08
1.7656,26.0,4.149367088607595,35.23,-118.85,0.68
7.1572,25.0,7.705882352941177,33.76,-118.04,2.949
2.7986,15.0,5.874113475177305,33.34,-117.17,1.899
7.75,17.0,8.23076923076923,34.49,-119.14,3.75
5.1074,27.0,5.2835820895522385,34.28,-118.77,1.852
3.599,18.0,5.707910750507099,33.74,-117.97,2.62
4.2386,25.0,6.010840108401084,32.81,-116.99,2.01
6.1008,37.0,7.157439446366782,37.39,-121.82,2.862
5.4459,17.0,5.88470066518847,34.28,-118.72,2.239
3.2639,22.0,5.5046728971962615,40.57,-122.35,0.875
5.0699,25.0,5.293361884368308,33.73,-118.05,2.661
4.5833,27.0,6.080321285140562,37.28,-121.92,3.088
3.6696,19.0,4.868811881188119,33.71,-117.99,2.188
5.533,24.0,6.682779456193353,34.28,-119.22,2.997
2.5313,38.0,3.918918918918919,34.26,-118.41,1.361
7.7364,24.0,6.576271186440678,37.52,-122.31,4.358
3.7708,52.0,4.611320754716981,37.78,-122.27,2.153
2.8569,52.0,4.703315881326352,37.78,-122.44,3.722
4.6771,35.0,6.264845605700713,37.67,-122.49,2.664
2.1417,31.0,2.6511627906976742,34.43,-119.83,2.05
4.5568,38.0,4.4520547945205475,37.48,-122.19,2.869
5.9024,21.0,6.3974763406940065,34.28,-118.74,2.21
2.4135,27.0,2.258771929824561,34.02,-118.4,1.844
1.7878,16.0,4.329563812600969,35.13,-120.63,0.55
1.5156,52.0,2.1691842900302114,37.79,-122.41,2.375
4.0911,43.0,3.7867867867867866,37.38,-122.02,2.246
3.0742,24.0,5.049468085106383,38.06,-122.51,1.188
1.9444,26.0,4.468809073724008,34.64,-120.46,1.294
4.5368,18.0,4.027256208358571,37.34,-121.98,3.074
4.8036,20.0,5.37,37.69,-122.09,1.883
4.6312,30.0,5.377567140600316,37.3,-121.98,2.832
5.9174,23.0,7.102439024390244,38.59,-121.34,2.259
5.6445,8.0,7.7105263157894735,38.33,-123.0,3.648
3.3214,42.0,4.454828660436137,33.96,-118.04,1.488
2.9,46.0,4.6394366197183095,37.88,-122.3,1.448
1.1917,32.0,4.311111111111111,34.71,-118.14,0.869
7.5744,25.0,6.932926829268292,33.9,-117.82,2.593
5.8792,17.0,5.51031894934334,37.4,-121.97,2.555
2.0745,35.0,4.176229508196721,34.02,-118.47,3.325
3.4233,29.0,4.263888888888889,37.34,-121.94,2.293
3.6007,32.0,5.491666666666666,34.26,-119.29,3.955
2.569,9.0,4.325549450549451,32.57,-117.08,0.883
4.5446,45.0,5.3951219512195125,34.08,-118.11,2.448
2.3523,28.0,5.206896551724138,37.77,-120.86,0.947
3.5156,50.0,6.480337078651686,32.73,-117.12,1.688
2.095,52.0,3.821138211382114,34.06,-118.21,1.091
1.8672,43.0,3.988095238095238,32.64,-117.08,1.458
4.5554,15.0,5.761172513214801,34.04,-117.9,2.783
4.2407,40.0,5.6943620178041545,34.16,-117.99,2.62
3.8906,34.0,5.95852534562212,33.97,-117.53,1.41
3.2937,33.0,5.317647058823529,38.16,-121.69,0.964
5.2542,24.0,6.830645161290323,32.89,-116.94,2.278
3.0,50.0,4.297356828193832,33.98,-118.04,1.632
1.9323,36.0,3.439121756487026,34.05,-118.3,1.611
3.7,35.0,4.50997150997151,34.25,-118.44,1.76
2.0388,26.0,5.586466165413534,34.11,-117.22,0.804
3.6691,35.0,6.175438596491228,33.97,-117.51,1.375
2.8424,30.0,3.9277504105090313,34.2,-118.4,2.264
3.183,14.0,4.7844827586206895,38.44,-122.59,2.012
4.5234,34.0,5.807017543859649,34.11,-117.87,1.922
1.4861,38.0,4.809145129224652,38.62,-121.45,0.631
3.0729,23.0,4.866766467065868,38.02,-121.32,1.048
3.125,9.0,5.148006785411366,38.67,-121.75,1.325
3.3988,38.0,4.558282208588957,33.81,-118.22,1.478
1.9688,28.0,3.3271604938271606,33.98,-118.04,1.656
3.385,44.0,3.1832358674463936,33.76,-118.14,4.083
3.9375,28.0,5.303225806451613,33.64,-117.9,3.398
2.675,18.0,6.0263691683569975,33.21,-117.35,1.171
2.1949,35.0,3.6588921282798834,33.89,-118.23,0.951
7.5544,40.0,7.631498470948012,37.83,-122.21,4.115
4.0789,35.0,5.640198511166253,34.2,-118.56,1.967
5.0639,4.0,6.467486818980668,34.88,-120.41,2.017
2.3269,28.0,4.422018348623853,37.94,-121.25,0.559
4.3897,14.0,6.245689655172414,38.74,-121.32,1.863
4.5592,25.0,4.651234567901234,33.81,-118.36,3.788
3.3088,39.0,4.568345323741007,34.07,-118.11,1.866
3.968,8.0,5.995402298850575,37.37,-120.62,1.021
3.125,40.0,5.36,34.07,-118.15,2.427
4.0602,44.0,4.811287477954145,34.1,-118.28,3.24
3.6719,46.0,4.296774193548387,34.43,-119.72,3.574
3.5125,10.0,7.090128755364807,33.65,-117.25,1.556
3.3929,28.0,5.673960612691466,38.22,-121.24,1.13
6.6073,17.0,6.771498771498772,34.29,-118.75,2.581
5.1993,36.0,5.219512195121951,33.81,-118.1,2.46
4.35,28.0,5.016317016317016,33.83,-118.27,2.005
3.7663,37.0,4.3076923076923075,34.22,-118.36,1.603
2.233,25.0,4.746987951807229,38.58,-121.22,0.55
4.7007,25.0,5.824561403508772,34.42,-118.46,1.695
2.5955,35.0,4.150442477876106,34.04,-118.34,1.397
1.705,33.0,2.5114754098360654,34.1,-118.31,3.5
6.8806,16.0,8.27363184079602,37.74,-121.93,3.435
4.0603,37.0,6.164670658682635,33.83,-118.1,2.252
3.7125,28.0,6.77906976744186,39.27,-121.56,1.168
3.5659,24.0,3.6341248900615657,34.09,-118.38,2.813
2.4028,41.0,3.896135265700483,37.74,-122.17,0.977
4.4659,32.0,5.321621621621621,33.89,-118.27,1.381
4.6629,12.0,6.82798459563543,34.68,-118.12,1.315
2.3077,36.0,4.432926829268292,34.9,-117.01,0.555
5.133,13.0,6.102631578947369,33.6,-117.65,3.161
2.85,38.0,3.2142857142857144,33.93,-118.25,0.9
2.631,29.0,5.148023549201009,39.16,-123.22,1.096
2.8833,38.0,5.120253164556962,37.47,-121.14,1.152
3.415,52.0,4.627639155470249,33.74,-117.87,1.725
4.6029,15.0,6.134020618556701,37.99,-121.84,1.426
5.7519,27.0,6.298192771084337,33.88,-117.89,2.434
4.0328,16.0,6.844783715012722,33.2,-117.15,2.946
2.9821,12.0,4.763888888888889,35.12,-120.61,1.62
3.6111,24.0,4.550295857988166,37.5,-122.26,3.415
5.4298,24.0,6.174964438122333,34.24,-119.05,2.796
3.3005,12.0,5.92018779342723,40.39,-122.37,0.985
3.6875,11.0,5.486486486486487,34.08,-117.38,1.126
1.8015,15.0,4.359635811836116,33.75,-117.01,1.051
2.8977,19.0,5.0726744186046515,34.09,-117.63,1.262
6.091,20.0,7.229166666666667,33.69,-117.96,2.904
3.4609,27.0,4.805039787798409,34.03,-117.74,1.233
7.6348,4.0,6.534079348931841,32.98,-117.24,3.37
2.9222,24.0,5.141176470588236,38.45,-122.67,2.426
2.517,30.0,4.4987593052109185,38.63,-121.4,1.304
5.0,21.0,3.0625,33.76,-118.23,0.875
2.2007,21.0,3.617610062893082,36.61,-121.84,1.128
4.2639,31.0,5.688770999115826,34.24,-118.33,2.933
3.7841,28.0,5.413105413105413,37.99,-122.01,1.449
5.8602,8.0,5.5635883905013195,34.41,-118.55,2.651
2.5625,12.0,7.020527859237537,38.82,-122.5,1.092
3.099,30.0,5.688559322033898,34.83,-117.15,0.668
1.7121,46.0,4.0092879256965945,33.97,-118.26,0.982
1.9318,30.0,2.443840579710145,33.79,-118.17,1.159
2.628,48.0,5.720657276995305,34.04,-118.33,2.511
3.7292,37.0,7.661016949152542,34.13,-116.27,0.658
3.1587,11.0,3.656874265569918,34.18,-118.31,1.813
2.375,32.0,3.3503086419753085,33.79,-118.17,1.397
1.7196,21.0,5.275280898876405,38.98,-122.84,0.75
3.2031,16.0,7.972375690607735,38.46,-120.55,1.292
4.7344,18.0,3.554655870445344,37.94,-122.53,2.0
5.1788,16.0,5.245329000812347,37.7,-122.45,2.67
2.2069,52.0,3.398663697104677,34.41,-119.7,2.265
2.4942,32.0,4.703412073490814,33.83,-117.93,1.863
4.7813,21.0,5.741176470588235,36.88,-121.6,2.415
2.6136,28.0,3.7789115646258504,34.09,-118.36,3.833
2.9271,32.0,4.102564102564102,36.99,-120.7,0.875
2.5833,37.0,3.606164383561644,33.97,-118.24,1.125
6.3214,34.0,6.294871794871795,33.83,-117.96,2.208
3.375,30.0,3.9923273657289005,33.83,-117.93,2.019
4.7193,4.0,5.664495114006515,34.12,-117.56,1.787
3.4792,45.0,4.639846743295019,33.89,-118.21,1.107
6.1256,16.0,5.41554054054054,37.41,-121.86,2.669
3.6467,21.0,4.64200477326969,32.61,-117.09,1.13
3.8056,35.0,5.1679389312977095,34.16,-118.4,3.847
2.7188,32.0,5.511627906976744,34.94,-120.42,1.337
2.4464,42.0,3.7701149425287355,33.92,-118.24,0.974
1.4028,37.0,4.596153846153846,33.93,-118.23,1.054
5.1708,33.0,5.755813953488372,34.12,-117.88,1.585
3.1382,14.0,4.956442831215971,37.31,-121.81,1.397
4.8224,27.0,5.825072886297376,38.67,-121.31,1.155
2.9357,52.0,4.327669902912621,37.79,-122.23,1.079
5.5106,50.0,5.509984639016897,33.82,-118.17,2.522
4.6447,34.0,5.32425068119891,37.69,-122.47,3.045
6.2182,30.0,5.982248520710059,37.32,-122.06,3.808
5.5773,5.0,7.36214953271028,35.63,-117.69,1.09
4.0729,32.0,6.470873786407767,38.25,-122.67,2.885
3.6827,44.0,4.351464435146443,37.71,-122.42,2.153
3.3594,28.0,5.729903536977492,40.2,-122.17,0.791
2.625,28.0,2.866336633663366,34.07,-118.26,1.875
5.1781,4.0,6.1254752851711025,36.83,-119.87,1.225
2.5887,13.0,5.311004784688995,39.08,-121.1,1.444
7.3521,32.0,6.775757575757575,37.99,-122.54,4.44
3.0208,52.0,5.108108108108108,39.39,-121.39,0.6
4.7391,35.0,5.94919168591224,37.69,-122.49,2.728
3.4792,18.0,4.633802816901408,33.51,-117.67,1.264
3.5446,34.0,5.233100233100233,32.77,-117.07,1.855
5.0865,36.0,6.086330935251799,34.2,-118.31,3.496
1.9688,29.0,4.036734693877551,38.6,-121.46,1.356
6.1324,20.0,8.220930232558139,37.54,-120.82,1.648
2.625,18.0,5.620300751879699,33.95,-116.53,0.682
5.1507,34.0,6.257396449704142,33.77,-118.02,2.075
5.1788,34.0,5.340579710144928,36.55,-121.59,2.7
4.7813,17.0,7.31767955801105,34.9,-120.37,3.268
3.7171,39.0,4.7631578947368425,34.18,-118.45,2.288
3.2,35.0,4.627450980392157,33.97,-118.12,1.974
2.0694,18.0,6.889855072463768,35.72,-118.47,0.812
3.744,30.0,4.203488372093023,32.8,-117.26,4.5
2.0187,39.0,4.8760683760683765,33.94,-118.23,0.901
2.5313,46.0,4.816115702479339,37.62,-121.03,0.777
4.0667,35.0,5.10913140311804,37.33,-121.96,2.769
3.0417,25.0,3.953405017921147,33.9,-118.35,2.37
5.47,17.0,6.659751037344399,38.66,-121.2,2.048
1.75,50.0,3.926900584795322,36.76,-119.78,0.498
3.5242,18.0,5.2898550724637685,35.11,-120.57,1.568
3.5066,52.0,5.013921113689095,37.79,-122.41,3.5
3.0625,42.0,4.826666666666667,34.19,-118.31,3.617
2.1964,51.0,4.052631578947368,36.97,-122.03,2.344
4.1862,14.0,4.074695121951219,33.72,-118.05,1.889
7.9294,18.0,7.722488038277512,33.57,-117.67,2.803
3.4455,4.0,4.434782608695652,33.52,-117.69,3.25
3.2727,17.0,5.234177215189874,38.32,-122.49,1.76
3.0714,16.0,5.484615384615385,38.47,-122.74,1.617
5.6168,13.0,6.727524204702628,34.02,-117.63,1.754
6.0196,35.0,5.638297872340425,37.27,-121.93,2.551
4.8152,21.0,6.349072512647555,33.19,-117.21,2.185
3.1361,16.0,5.339331619537275,40.09,-122.38,0.848
2.4605,20.0,5.200389105058366,41.76,-124.17,1.059
2.6098,13.0,5.042553191489362,38.07,-122.24,1.625
1.7614,25.0,5.19434628975265,37.53,-120.19,0.713
2.5859,17.0,4.814634146341463,32.57,-117.07,1.314
4.2099,24.0,5.124311565696302,33.96,-118.33,1.898
2.0221,20.0,4.721875,39.9,-120.93,0.709
3.95,21.0,6.224390243902439,38.66,-121.32,1.436
3.4148,38.0,3.6243523316062176,34.21,-118.23,2.348
2.2656,15.0,4.755364806866953,35.26,-120.66,2.262
3.2539,25.0,5.226788432267885,33.83,-117.99,1.99
3.7667,27.0,7.305555555555555,39.05,-122.91,0.95
3.0208,42.0,5.233183856502242,38.58,-121.44,1.488
5.8623,24.0,5.972413793103448,33.71,-118.02,2.878
2.0959,36.0,5.240384615384615,32.68,-117.06,1.25
2.25,36.0,3.25,34.01,-118.14,1.625
2.4,40.0,3.7243589743589745,32.76,-117.2,2.55
4.2586,26.0,5.750696378830083,32.82,-116.93,1.71
7.494,22.0,7.6008359456635315,37.99,-122.47,4.392
2.975,30.0,5.2926829268292686,38.4,-122.73,1.573
3.6583,44.0,5.534328358208955,33.94,-118.31,1.267
3.4545,36.0,4.891791044776119,38.44,-122.68,1.612
3.8167,21.0,6.149739583333333,34.07,-117.87,2.587
1.7208,27.0,3.6698564593301435,33.77,-118.09,0.675
3.2266,30.0,4.322429906542056,34.1,-117.96,1.418
3.0598,13.0,4.310055865921788,34.04,-117.67,0.997
4.6625,44.0,6.197333333333333,38.6,-121.45,1.589
1.7798,30.0,5.428057553956834,37.94,-121.25,0.659
5.516,26.0,7.186900958466453,32.81,-117.01,1.851
4.5938,17.0,5.28978978978979,37.64,-122.46,2.512
2.9643,48.0,5.548628428927681,33.99,-118.34,1.404
2.3456,25.0,4.04930966469428,33.91,-118.15,1.461
1.75,25.0,3.9125,32.71,-117.1,0.879
2.6726,33.0,5.032154340836013,38.51,-123.0,1.531
4.2067,16.0,5.443786982248521,38.02,-121.92,1.25
5.1773,52.0,6.358558558558559,37.84,-122.24,3.895
2.4701,28.0,3.622262773722628,34.44,-119.76,2.909
2.2303,36.0,3.0902394106813995,37.8,-122.25,1.167
3.6531,30.0,4.562,34.08,-118.01,1.663
2.9773,37.0,4.43125,33.96,-118.2,1.646
3.0313,30.0,6.520912547528517,38.5,-121.49,0.879
3.7917,16.0,6.155294117647059,39.26,-120.99,1.792
4.6173,15.0,6.0566929133858265,37.75,-121.45,1.648
2.3864,30.0,5.527896995708154,37.51,-120.96,1.391
2.5263,48.0,5.108433734939759,34.01,-118.31,1.21
1.6618,19.0,4.564,36.81,-119.71,0.697
1.3125,50.0,3.94,37.3,-120.49,0.609
6.5501,22.0,6.868068833652008,33.65,-117.98,2.949
4.233,34.0,4.9943609022556394,34.32,-118.43,1.574
2.7121,29.0,4.163716814159292,33.89,-118.13,1.655
2.6818,39.0,4.032894736842105,37.32,-121.87,1.849
3.5313,36.0,5.026266416510319,34.1,-118.08,2.132
6.1244,40.0,5.2404181184668985,37.47,-122.24,3.088
4.2762,36.0,6.017291066282421,37.3,-121.92,3.101
4.0735,35.0,6.137931034482759,33.82,-117.95,2.087
6.287,34.0,6.2680965147453085,33.75,-118.31,3.964
4.8958,17.0,7.348314606741573,37.91,-121.7,1.871
3.125,6.0,7.8,33.89,-117.03,1.875
6.0487,24.0,7.207079646017699,34.26,-118.78,2.545
6.5382,24.0,7.308943089430894,32.86,-117.21,3.26
4.7909,4.0,7.9763779527559056,34.15,-117.4,1.492
4.8167,24.0,5.514734774066798,33.92,-117.55,1.633
1.9531,52.0,4.723333333333334,33.98,-117.33,1.625
3.9868,17.0,3.8505338078291813,33.87,-118.36,2.819
2.5245,17.0,4.020501138952164,38.59,-121.41,0.991
5.1534,19.0,5.6280373831775705,38.43,-121.95,2.328
2.5759,43.0,3.814814814814815,33.73,-118.29,2.25
4.125,52.0,5.792857142857143,37.77,-122.5,3.595
4.4038,41.0,5.079365079365079,34.28,-119.24,2.291
6.1481,11.0,7.095238095238095,32.8,-116.8,2.746
4.0391,52.0,6.2439024390243905,37.76,-122.49,3.327
3.4167,44.0,5.068376068376068,37.49,-120.79,1.607
2.6635,18.0,3.1538461538461537,33.75,-117.87,1.625
4.6094,52.0,6.185542168674699,37.76,-122.24,2.293
6.9635,5.0,4.38563829787234,37.54,-122.26,4.173
6.838,34.0,6.473591549295775,34.26,-118.36,3.78
3.2689,31.0,4.409298780487805,37.73,-122.27,2.31
7.218,29.0,6.594230769230769,37.3,-122.0,4.007
4.5083,42.0,5.64,32.82,-117.27,4.052
2.8614,30.0,5.101851851851852,38.56,-121.73,1.452
4.0577,17.0,5.87041564792176,36.31,-119.33,1.073
3.1106,31.0,5.3881856540084385,32.81,-116.95,1.477
2.3295,42.0,5.46749226006192,36.97,-120.55,0.744
3.2481,8.0,5.535031847133758,33.7,-117.37,1.238
3.1406,41.0,5.691780821917808,36.37,-119.78,1.0
7.8407,36.0,7.274671052631579,37.23,-121.96,4.764
5.748,16.0,6.091358024691358,33.88,-118.07,2.842
3.6974,36.0,5.355305466237942,32.73,-117.08,1.22
1.7375,37.0,3.3127705627705626,37.88,-122.34,3.5
3.2188,31.0,4.511700468018721,37.97,-122.35,1.138
3.9773,36.0,5.242718446601942,33.97,-118.08,1.667
1.725,44.0,4.475409836065574,37.95,-121.26,0.593
2.0433,34.0,3.142857142857143,34.08,-118.05,1.388
2.6101,27.0,3.9214195183776934,37.71,-122.14,1.817
1.4583,15.0,4.023148148148148,32.7,-117.09,0.842
2.6553,41.0,4.4627831715210355,34.1,-118.1,1.831
4.5179,35.0,6.780487804878049,34.07,-117.89,2.188
3.6429,52.0,5.157894736842105,37.74,-122.41,2.3
3.3906,33.0,5.695550351288056,32.78,-116.95,1.381
5.259,36.0,5.912234042553192,33.86,-118.34,2.794
2.6182,34.0,3.234,33.91,-118.3,1.726
2.065,19.0,4.3273415326395455,32.8,-116.96,1.241
1.9853,47.0,3.9927797833935017,33.99,-118.3,1.011
4.8405,17.0,6.032679738562091,37.43,-122.43,3.543
1.9032,15.0,4.3313953488372094,39.14,-123.21,1.0
3.3603,29.0,4.584905660377358,34.27,-118.44,1.424
2.9187,15.0,6.325714285714286,33.67,-116.31,0.934
4.5526,10.0,5.518518518518518,38.67,-121.8,1.544
1.6023,35.0,6.323529411764706,37.95,-122.37,0.813
3.6091,16.0,6.094138543516874,34.87,-117.0,0.872
4.2321,9.0,6.357808857808858,34.02,-117.42,1.628
6.1047,7.0,5.925431274346132,37.57,-122.05,2.782
1.325,46.0,4.825641025641025,37.75,-122.18,0.871
2.9583,50.0,5.380281690140845,33.98,-118.06,1.726
5.9849,22.0,6.528723945094052,37.79,-122.16,3.71
5.2114,40.0,5.338485316846986,37.43,-122.13,4.384
4.9744,16.0,6.303571428571429,32.82,-117.03,2.097
5.125,36.0,5.419607843137255,33.9,-118.01,2.117
1.7813,28.0,3.3793774319066148,35.77,-119.24,0.678
4.5458,6.0,5.154015401540154,34.28,-118.77,2.082
2.9698,15.0,6.029473684210526,36.3,-119.32,0.934
2.4583,35.0,5.782201405152225,34.77,-119.72,0.621
1.5057,52.0,4.77992277992278,37.82,-122.28,0.875
4.875,36.0,5.4784172661870505,33.84,-118.11,2.189
3.5186,4.0,4.555873925501433,34.1,-117.58,1.278
1.625,48.0,2.31055900621118,34.1,-118.33,2.375
2.0284,35.0,5.3250883392226145,38.22,-121.42,0.963
1.7452,24.0,3.3381147540983607,32.76,-117.06,1.568
4.875,35.0,5.927536231884058,38.53,-122.52,3.367
1.4091,35.0,4.25,33.9,-118.22,1.056
3.0972,25.0,3.853467561521253,34.2,-119.15,1.693
4.5815,21.0,6.165909090909091,38.55,-121.37,1.255
7.2779,16.0,5.351851851851852,37.35,-122.03,2.929
3.5739,45.0,6.052083333333333,37.77,-122.16,1.76
3.5268,33.0,4.022964509394572,33.98,-118.1,1.52
3.1667,41.0,3.3878504672897196,34.42,-119.7,3.625
6.1023,17.0,6.630952380952381,37.7,-121.72,4.5
1.8112,29.0,3.713523131672598,32.69,-117.1,1.036
4.0474,30.0,5.419354838709677,37.31,-121.94,2.805
4.375,35.0,4.888412017167382,33.89,-118.11,2.047
6.4865,2.0,8.052670080468179,34.6,-118.16,2.044
4.7222,21.0,5.428571428571429,33.92,-117.91,2.083
3.358,9.0,4.65625,38.57,-121.5,0.775
3.75,10.0,3.45,38.01,-121.29,1.208
3.2417,36.0,3.684057971014493,33.88,-118.33,2.833
2.3043,33.0,5.218274111675127,37.47,-120.68,0.663
4.2273,13.0,7.205438066465256,33.81,-117.43,2.952
6.3528,7.0,7.721739130434782,38.69,-121.18,2.745
5.2729,13.0,6.559055118110236,36.9,-121.68,3.229
2.825,38.0,5.768656716417911,37.74,-121.42,1.525
3.145,37.0,5.3478260869565215,33.98,-117.39,1.691
5.0225,16.0,5.332480818414322,37.29,-121.82,2.228
6.1863,16.0,7.317494600431965,33.65,-117.7,3.556
2.6487,13.0,5.072538860103627,33.16,-117.21,1.96
5.2361,16.0,5.123583934088568,34.21,-118.84,2.247
5.2001,16.0,6.118892508143323,33.75,-118.04,2.356
2.6364,48.0,4.182584269662922,37.73,-122.4,1.993
6.011,9.0,7.831223628691983,36.8,-119.67,1.631
5.0142,15.0,5.981954887218045,33.99,-117.95,2.699
1.8299,24.0,5.24331550802139,36.72,-120.05,0.578
3.0225,30.0,3.801857585139319,34.01,-118.17,1.308
2.8281,29.0,5.1167763157894735,34.89,-117.02,0.693
1.8419,18.0,6.946268656716418,35.74,-118.31,0.923
1.875,33.0,3.5851063829787235,33.12,-117.08,1.143
4.7639,26.0,4.740667976424361,33.73,-117.91,1.799
3.139,25.0,4.240480961923848,33.87,-118.01,1.857
1.9704,34.0,3.3976143141153083,34.08,-118.22,1.521
6.7741,9.0,6.922063666300768,37.96,-122.2,3.107
4.3438,39.0,4.1506849315068495,33.98,-118.37,3.318
2.3261,20.0,3.412621359223301,32.75,-117.12,1.146
1.3967,21.0,3.8929577464788734,36.1,-119.58,0.465
2.4678,18.0,4.91715708465369,36.8,-119.74,0.743
1.9483,50.0,4.413854351687389,37.86,-122.29,1.505
1.7377,33.0,3.9759450171821307,34.03,-118.33,1.839
3.2122,29.0,4.133819951338199,34.07,-117.92,1.955
1.1468,39.0,4.123015873015873,33.94,-118.27,0.969
1.6483,39.0,4.390781563126253,40.18,-122.24,0.608
4.6667,44.0,6.205521472392638,33.95,-118.32,1.756
5.0143,15.0,6.67319587628866,37.71,-121.94,2.711
5.2614,24.0,5.995753715498938,32.87,-116.94,1.772
2.375,48.0,3.6,34.01,-118.24,1.075
2.1434,42.0,6.631818181818182,41.78,-121.16,0.44
2.9514,47.0,3.933333333333333,33.79,-118.2,1.852
3.3281,18.0,4.88539741219963,38.42,-121.37,0.912
3.3125,26.0,5.283168316831683,39.07,-121.7,1.0
3.2917,34.0,6.597444089456869,36.55,-119.53,1.115
2.9315,27.0,5.11864406779661,36.77,-119.85,0.832
6.0,26.0,6.281501340482574,33.78,-118.01,2.331
5.0553,2.0,6.22189349112426,34.87,-118.19,1.111
3.5486,4.0,6.208333333333333,36.37,-119.65,1.48
3.1094,14.0,5.869565217391305,39.26,-121.0,1.361
5.5083,52.0,6.659090909090909,37.98,-122.54,3.719
1.5594,52.0,2.8368794326241136,32.71,-117.14,0.875
3.5861,38.0,5.127625201938611,32.73,-117.03,1.236
1.8589,20.0,5.225,38.68,-121.29,1.44
3.5391,5.0,5.7249114521841795,35.13,-117.98,0.819
2.8875,17.0,5.676537585421412,32.82,-116.92,1.557
2.63,52.0,4.513119533527697,34.07,-117.75,1.273
3.7778,34.0,5.700665188470066,34.64,-120.45,1.5
1.6581,48.0,4.00561797752809,34.03,-118.34,1.188
1.5603,41.0,2.70926517571885,34.02,-118.26,1.096
6.0701,23.0,7.390804597701149,34.05,-117.16,1.499
4.73,45.0,5.922570016474465,34.19,-118.14,2.01
3.0799,41.0,5.21626617375231,34.28,-119.26,2.541
4.1302,30.0,5.502183406113537,34.22,-118.35,2.583
4.5122,36.0,6.379679144385027,33.93,-117.43,1.133
4.0714,21.0,6.414583333333334,33.89,-117.82,2.789
6.0743,3.0,6.5772357723577235,33.55,-117.69,2.743
4.7386,36.0,5.981081081081081,37.95,-122.06,1.864
3.3289,37.0,4.934984520123839,33.94,-118.15,1.997
2.875,42.0,4.284263959390863,33.95,-118.36,1.775
3.4531,44.0,5.778801843317972,37.98,-122.03,1.489
4.2391,5.0,5.123809523809523,34.47,-118.59,1.546
3.2829,5.0,4.779040404040404,37.63,-122.05,1.625
3.7361,19.0,5.03416149068323,33.88,-117.86,2.014
6.14,28.0,6.575539568345324,34.15,-118.6,3.619
4.2266,33.0,4.621333333333333,34.01,-117.93,1.538
1.7298,52.0,4.277511961722488,36.75,-119.8,0.584
1.7945,50.0,2.6533333333333333,34.08,-118.26,1.667
3.2222,6.0,4.821428571428571,38.54,-121.96,1.396
1.7292,17.0,5.087719298245614,33.33,-116.05,0.813
7.0895,18.0,6.939130434782609,37.91,-122.09,3.069
2.5679,36.0,4.1913875598086126,33.94,-118.3,1.149
5.0072,44.0,5.914835164835165,33.79,-118.13,2.362
1.5781,16.0,4.988549618320611,34.4,-118.9,1.344
3.5393,15.0,5.460504201680672,37.35,-120.59,0.88
1.9119,43.0,3.3110687022900764,33.97,-118.25,0.988
5.6613,15.0,5.953051643192488,38.32,-122.69,1.724
5.898,18.0,6.129824561403509,37.23,-121.78,2.291
4.8684,44.0,6.120253164556962,32.73,-117.28,3.586
3.0543,23.0,4.584245076586433,36.33,-121.23,0.924
4.1779,10.0,5.817850637522769,34.03,-117.64,1.591
3.3627,25.0,4.272840016535759,33.78,-117.9,1.979
2.625,43.0,4.087557603686636,34.02,-118.18,1.339
4.65,39.0,5.1576227390180875,33.97,-118.03,2.243
5.3377,40.0,5.768656716417911,34.14,-118.09,3.738
4.1667,12.0,6.74171270718232,34.69,-118.17,1.719
5.6022,31.0,6.219712525667351,38.04,-122.2,1.97
3.6523,19.0,5.794819359236537,38.64,-121.32,1.585
5.0926,24.0,5.1210191082802545,33.75,-118.11,3.905
2.0147,41.0,3.605128205128205,33.98,-118.05,1.375
2.9792,49.0,4.113553113553113,37.78,-122.43,3.5
4.0074,52.0,4.367965367965368,33.8,-118.2,2.008
1.5195,42.0,2.3997539975399755,34.09,-118.31,2.182
7.5582,38.0,5.676923076923077,34.23,-118.26,2.637
3.5,24.0,5.986440677966102,34.12,-117.2,1.139
1.0333,18.0,3.6513761467889907,34.04,-118.2,1.354
2.25,36.0,4.023041474654378,33.89,-118.22,1.266
3.2284,18.0,4.219094247246022,34.25,-118.41,1.571
5.806,25.0,5.4858934169279,37.4,-122.08,3.087
2.5625,35.0,6.966101694915254,37.96,-121.18,1.469
1.7391,18.0,3.1094890510948905,32.76,-117.08,1.25
2.3906,22.0,5.186567164179104,39.42,-123.32,0.926
3.7454,35.0,5.6298076923076925,34.05,-117.98,1.569
4.7308,33.0,6.575596816976128,38.55,-121.75,2.362
4.1667,12.0,6.628571428571429,34.25,-119.19,2.146
2.3981,33.0,2.7372093023255815,34.07,-118.27,1.833
2.5313,42.0,3.9134615384615383,34.02,-118.16,1.569
5.2953,18.0,5.7823529411764705,34.29,-119.17,2.794
3.4375,26.0,3.910909090909091,37.69,-122.46,2.777
4.3438,22.0,4.9357495881383855,37.27,-121.81,2.097
6.8482,34.0,6.296724470134874,34.17,-118.62,3.083
4.2361,35.0,5.340974212034384,37.68,-121.76,1.775
5.2088,25.0,5.885304659498208,37.34,-121.8,2.314
1.7344,47.0,4.384615384615385,36.76,-119.78,0.513
6.207,43.0,6.188405797101449,34.18,-118.23,4.574
5.0947,12.0,6.765853658536585,35.48,-120.56,2.675
5.3785,12.0,5.843648208469055,38.12,-122.32,1.506
3.3977,31.0,5.443333333333333,38.28,-122.3,1.587
2.0893,41.0,3.369565217391304,34.06,-117.65,1.125
3.5368,34.0,5.965141612200436,38.0,-121.8,1.225
4.375,51.0,6.5021645021645025,34.19,-118.3,3.324
5.7559,18.0,6.07223113964687,33.64,-117.69,2.158
4.9821,21.0,4.4875675675675675,33.87,-118.38,2.929
1.5026,10.0,3.326642335766423,33.75,-117.88,1.518
2.0521,26.0,4.893371757925072,37.57,-120.91,0.654
5.0958,16.0,5.4281984334203655,32.79,-117.2,3.0
4.3672,4.0,5.81283422459893,33.12,-117.21,2.589
2.6774,31.0,5.00392927308448,38.69,-121.78,0.958
3.274,39.0,5.218503937007874,33.72,-118.29,2.543
2.3125,31.0,4.77,35.79,-119.23,0.621
2.625,11.0,5.873809523809523,33.76,-117.16,1.554
1.6728,37.0,5.0,35.37,-118.95,0.554
1.625,26.0,4.0,34.02,-118.2,1.75
6.9737,31.0,7.041436464088398,33.77,-117.88,2.888
3.9375,51.0,5.231805929919138,34.14,-118.2,2.17
5.4248,15.0,5.2927756653992395,33.7,-117.77,1.872
4.625,36.0,5.479591836734694,33.84,-118.11,2.174
6.0783,23.0,5.633986928104576,34.27,-118.65,2.292
6.0266,24.0,6.672131147540983,38.35,-122.18,2.167
2.2813,21.0,5.207272727272727,39.42,-121.71,0.576
1.4663,38.0,3.810725552050473,34.11,-117.31,0.64
5.4298,28.0,6.049079754601227,33.81,-117.83,2.342
1.6953,43.0,2.0327380952380953,34.06,-118.3,1.5
4.2143,36.0,5.677064220183486,34.09,-117.75,1.469
2.8333,32.0,3.836676217765043,34.09,-118.04,1.86
4.875,30.0,4.206030150753769,37.69,-122.47,2.588
4.6161,10.0,4.281733746130031,33.63,-117.93,2.263
2.1466,31.0,3.4509283819628647,34.01,-118.25,1.008
3.8839,44.0,5.299813780260708,37.9,-122.53,3.272
6.1168,34.0,5.875,33.84,-117.88,2.139
4.381,34.0,6.005763688760807,36.15,-120.37,0.863
4.5221,16.0,6.38494623655914,32.92,-117.15,1.683
2.7303,51.0,4.972014925373134,37.83,-122.27,1.097
7.8537,22.0,8.156182212581346,33.9,-117.8,3.549
4.275,35.0,5.337175792507205,34.08,-118.01,1.736
3.9211,20.0,5.582222222222223,36.65,-119.67,0.923
3.5313,34.0,5.7018867924528305,33.87,-117.58,1.421
4.6437,19.0,6.095833333333333,38.65,-121.23,2.129
1.7393,12.0,7.848837209302325,40.56,-122.86,0.813
5.1178,28.0,5.839541547277937,37.98,-122.26,1.98
3.6364,16.0,4.535612535612535,36.99,-121.99,2.07
3.4459,21.0,5.990228013029316,33.9,-117.55,1.988
2.9881,28.0,4.346055979643766,32.78,-117.09,1.653
6.077,34.0,5.718840579710145,33.88,-118.39,4.727
1.685,44.0,4.168181818181818,33.99,-117.37,1.142
1.7,19.0,5.611111111111111,36.66,-120.1,0.69
3.5857,4.0,4.799764428739694,38.0,-121.86,1.652
2.3859,36.0,4.075371549893843,34.05,-117.76,1.162
3.0726,52.0,5.233830845771144,32.75,-117.17,2.896
3.5893,46.0,5.3457330415754925,38.57,-121.43,1.42
5.785,25.0,5.5718533201189295,33.85,-118.37,3.953
6.2702,10.0,6.608108108108108,33.64,-116.57,3.455
1.4115,52.0,3.3505747126436782,34.03,-118.2,1.406
3.625,6.0,5.40463645943098,34.05,-117.66,1.136
5.7695,3.0,4.8262626262626265,37.38,-121.89,2.714
2.3241,42.0,5.1114369501466275,38.11,-122.24,0.992
5.529,36.0,5.334042553191489,34.22,-118.24,2.413
3.1346,50.0,5.869426751592357,33.95,-118.3,1.2
6.5513,16.0,6.774683544303797,33.86,-118.05,3.504
3.29,32.0,4.281675392670157,34.07,-118.08,2.055
6.2734,14.0,6.549701046337818,33.99,-117.83,2.67
2.0786,33.0,4.562589928057554,38.62,-121.42,0.886
2.2429,15.0,5.539156626506024,39.66,-123.58,1.0
2.5234,31.0,4.160944206008583,34.17,-118.36,1.995
1.7235,31.0,3.9306049822064058,34.12,-117.27,0.788
2.8983,48.0,4.4489051094890515,34.06,-117.74,1.292
3.0417,44.0,4.333333333333333,34.04,-118.18,1.417
5.3339,19.0,6.466230936819172,33.88,-117.81,3.717
2.1293,9.0,4.7352380952380955,33.21,-117.24,1.514
6.8869,6.0,7.382384532760472,38.51,-121.06,2.631
1.6635,37.0,4.990196078431373,36.51,-119.56,0.67
5.3683,34.0,5.81786941580756,37.56,-122.29,3.394
3.3152,23.0,4.623655913978495,34.4,-118.92,1.98
3.1923,40.0,4.3088235294117645,33.88,-118.12,1.919
5.878,39.0,6.3356009070294785,33.82,-118.37,3.878
5.8411,34.0,6.49800796812749,34.47,-119.72,3.818
4.2042,20.0,5.241379310344827,38.0,-122.12,1.664
2.8971,16.0,4.678062678062678,37.61,-122.05,1.639
4.1354,52.0,5.202868852459017,33.82,-118.17,2.682
2.4219,19.0,4.97986577181208,36.61,-119.43,0.658
3.4625,52.0,4.953271028037383,34.12,-118.21,1.739
2.9417,17.0,4.751644736842105,37.02,-121.57,1.78
2.6827,32.0,5.487179487179487,38.26,-122.05,0.989
2.2,49.0,5.1875,37.74,-122.15,1.875
4.6607,29.0,4.730103806228374,34.22,-118.53,1.998
2.6417,13.0,5.8215297450424925,38.2,-120.57,1.223
3.0156,27.0,4.882352941176471,37.93,-122.33,1.115
4.0474,34.0,5.508403361344538,34.16,-118.43,3.797
3.4698,31.0,5.390243902439025,33.9,-118.35,2.25
2.9286,20.0,4.507142857142857,32.56,-117.12,2.577
3.125,47.0,4.9144736842105265,32.74,-117.14,1.727
3.7174,4.0,3.56793893129771,33.69,-117.87,2.75
4.8173,22.0,5.536231884057971,38.15,-121.74,1.158
5.2851,36.0,6.138571428571429,33.94,-117.98,2.588
1.6964,28.0,3.3043478260869565,34.19,-119.17,1.75
1.9386,33.0,4.384418901660281,36.79,-119.79,0.675
2.9615,19.0,5.381386861313868,35.12,-120.65,1.781
1.6699,42.0,3.6096822995461424,34.02,-118.3,1.08
1.5427,49.0,4.298969072164948,37.3,-120.48,0.885
6.983,21.0,7.477064220183486,33.84,-118.05,3.297
1.5054,13.0,2.4764795144157814,33.75,-117.86,1.375
2.5399,26.0,4.253592561284869,33.81,-116.5,0.948
1.9722,31.0,3.8715365239294712,34.63,-118.09,0.992
7.4559,34.0,7.418060200668896,37.39,-121.81,4.565
3.5761,43.0,5.4880239520958085,34.1,-118.06,2.567
3.0404,25.0,4.2631578947368425,38.29,-122.3,1.421
5.5456,50.0,5.678571428571429,34.14,-118.22,2.581
3.7273,21.0,4.664345403899722,36.97,-121.98,2.519
2.9444,17.0,5.365671641791045,38.89,-120.81,1.193
3.1204,52.0,4.051764705882353,34.09,-118.16,2.24
4.0202,43.0,4.79467680608365,37.72,-122.17,1.663
2.5806,20.0,5.568438003220612,35.44,-119.01,0.825
6.37,35.0,6.129032258064516,33.78,-117.96,2.292
1.9605,37.0,5.219211822660099,33.9,-118.25,1.062
4.8333,34.0,4.647859922178989,34.21,-118.59,2.254
4.4671,28.0,5.3657407407407405,37.35,-121.81,1.726
2.7072,29.0,3.2546201232032854,34.02,-118.48,3.75
2.3319,13.0,5.456121343445287,38.7,-120.79,1.385
3.5227,38.0,4.584269662921348,33.93,-118.13,2.024
2.5536,23.0,5.48,40.81,-124.11,0.961
2.8214,52.0,4.794797687861272,37.86,-122.28,1.643
7.7854,15.0,7.854721549636804,33.7,-118.03,3.953
4.1094,14.0,5.9937888198757765,38.0,-121.9,1.622
3.2386,21.0,4.578723404255319,34.17,-118.45,2.773
1.9402,46.0,4.9900249376558605,37.95,-121.25,0.622
1.9141,15.0,6.53421052631579,39.09,-122.9,1.432
1.3329,40.0,4.28021978021978,40.58,-122.4,0.782
3.9044,20.0,3.7144790257104194,34.1,-118.35,4.364
3.1378,13.0,4.135957066189624,33.92,-117.95,1.37
3.2622,33.0,4.824055666003976,34.02,-118.09,2.086
2.949,17.0,4.832365747460087,32.83,-116.97,1.173
5.1187,36.0,4.816770186335404,33.91,-118.08,1.681
4.5521,35.0,4.375634517766497,33.99,-118.42,2.638
2.9583,52.0,5.2727272727272725,38.02,-122.13,1.66
2.8547,25.0,4.107544141252006,34.13,-117.88,1.556
2.214,27.0,4.6559070367979345,38.51,-121.44,0.824
2.2461,35.0,3.796875,34.18,-118.44,2.15
5.1805,36.0,5.945132743362832,33.79,-118.1,2.494
2.9489,39.0,5.4125874125874125,38.99,-122.0,0.675
4.3218,17.0,5.805460750853243,35.51,-120.68,2.091
3.7337,36.0,4.798053527980535,34.27,-119.26,2.09
6.5615,8.0,6.270485859318347,37.57,-122.07,3.183
1.6923,52.0,5.52054794520548,36.97,-122.03,2.625
7.0935,22.0,6.349367088607595,33.82,-118.32,3.795
2.1767,45.0,4.841059602649007,37.74,-122.39,1.853
7.7852,12.0,4.038922155688622,37.81,-122.4,2.5
7.4351,18.0,8.44836956521739,32.83,-117.24,4.457
4.8371,17.0,6.087053571428571,33.98,-117.49,1.606
1.5987,28.0,4.211586901763225,32.8,-115.56,0.594
3.2875,52.0,5.990936555891238,34.07,-118.15,2.344
5.1242,52.0,5.570909090909091,34.17,-118.25,3.729
1.7206,27.0,4.505154639175258,34.05,-117.75,1.075
1.4792,22.0,4.1531165311653115,36.21,-119.34,0.544
1.8584,44.0,3.437847866419295,33.74,-118.28,2.481
2.4464,32.0,3.920704845814978,34.08,-118.03,1.696
2.5885,28.0,6.267910447761194,33.84,-116.53,1.59
4.1359,17.0,4.607344632768362,34.22,-118.57,2.552
5.9919,16.0,6.164634146341464,37.52,-122.44,3.451
3.238,40.0,4.177619893428064,34.05,-118.38,2.875
3.3472,26.0,4.338397790055248,33.78,-117.88,2.374
4.3264,10.0,5.1652892561983474,34.05,-117.69,1.289
4.0481,52.0,6.57421875,34.14,-117.29,0.973
4.7083,20.0,5.521039603960396,37.32,-121.99,2.177
3.6429,26.0,5.836111111111111,38.57,-122.44,1.597
1.7333,19.0,5.425196850393701,40.45,-120.36,0.7
4.1563,26.0,5.684426229508197,38.67,-121.31,1.357
3.2917,42.0,8.062893081761006,39.1,-121.83,0.979
4.1375,16.0,6.214452214452215,35.49,-120.69,2.224
4.6315,16.0,6.366520787746171,33.92,-117.8,2.775
5.0997,27.0,7.502608695652174,38.6,-121.35,1.701
2.475,40.0,5.6173913043478265,36.62,-121.91,2.583
4.7402,34.0,5.0072568940493465,37.32,-122.0,2.445
2.0089,44.0,4.461240310077519,38.56,-121.48,1.136
3.0521,27.0,4.115,36.64,-119.59,1.138
4.1417,38.0,4.954802259887006,37.74,-122.41,2.708
2.3043,32.0,5.649606299212598,40.02,-122.06,0.684
2.5,42.0,5.493333333333333,37.43,-121.11,0.742
4.1883,15.0,5.341908713692946,33.96,-117.34,1.845
1.5273,46.0,4.764065335753176,36.75,-119.8,0.59
3.6435,18.0,3.2580645161290325,33.89,-117.88,1.191
1.5313,23.0,3.305,33.96,-118.28,0.914
4.7885,36.0,5.935275080906149,34.21,-118.34,3.022
1.6321,20.0,3.376689189189189,32.64,-117.09,0.575
3.0147,13.0,5.938186813186813,38.46,-122.75,1.428
5.5469,22.0,4.7967032967032965,36.54,-121.82,3.788
3.125,19.0,5.375,34.12,-116.05,0.656
4.5625,16.0,5.972685887708649,32.97,-117.03,2.312
3.6875,38.0,6.753387533875339,34.04,-117.18,1.528
3.7109,11.0,5.717525773195876,33.18,-117.14,1.998
2.2902,43.0,3.258964143426295,34.03,-118.17,1.524
1.9913,21.0,5.542105263157895,36.58,-119.49,0.953
3.3036,36.0,5.689655172413793,34.08,-117.66,1.41
5.3135,36.0,6.212410501193317,38.53,-121.51,2.166
4.1875,15.0,6.535471331389699,35.41,-120.65,2.616
4.1518,13.0,6.1980676328502415,35.73,-117.87,0.918
2.7375,36.0,4.870036101083032,34.2,-118.44,2.349
3.3125,38.0,4.531746031746032,33.73,-117.86,1.591
2.6154,31.0,3.6139240506329116,33.91,-118.22,0.892
2.875,15.0,5.891891891891892,35.16,-117.99,0.878
3.4912,7.0,8.355308219178083,34.85,-117.46,1.577
4.2562,45.0,5.747448979591836,37.71,-122.45,2.216
3.5691,12.0,5.021335807050093,38.54,-121.35,1.163
5.1836,36.0,5.926267281105991,33.84,-118.1,2.197
1.625,38.0,4.052631578947368,34.04,-118.17,1.297
2.9087,27.0,4.2582236842105265,37.63,-122.53,2.282
2.7219,15.0,6.724137931034483,33.82,-116.39,0.744
4.0139,36.0,5.546052631578948,38.45,-122.68,1.631
1.9688,37.0,4.017021276595744,34.28,-118.44,1.441
2.2411,44.0,5.928571428571429,33.92,-118.24,1.064
3.2708,26.0,4.26980198019802,33.97,-118.35,1.281
1.8095,31.0,4.129094412331407,33.9,-118.23,1.008
2.3654,14.0,4.931623931623932,33.89,-117.58,1.079
1.6937,52.0,4.2368421052631575,37.74,-121.43,1.083
3.6563,17.0,5.901408450704225,39.03,-121.12,1.635
1.5611,29.0,4.462915601023018,36.71,-119.76,0.444
5.0653,35.0,5.602836879432624,33.93,-118.31,1.58
5.9378,15.0,7.572769953051643,37.35,-120.43,2.122
3.9375,52.0,4.688693098384729,37.77,-122.46,4.029
4.4233,14.0,5.191993464052287,37.02,-121.59,2.286
3.3047,24.0,4.306709265175719,33.74,-117.81,2.169
1.3348,21.0,4.176848874598071,39.12,-121.6,2.25
1.1522,24.0,6.433155080213904,34.13,-117.24,0.875
2.9667,42.0,5.144886363636363,34.15,-117.29,0.97
2.3682,24.0,4.617529880478088,34.09,-117.44,0.974
3.6615,11.0,7.045364891518737,34.39,-117.3,1.051
3.0179,7.0,5.7924528301886795,36.71,-119.72,0.916
2.6071,45.0,4.225806451612903,33.99,-117.35,1.125
2.5043,41.0,5.465217391304348,37.75,-122.17,0.923
6.4319,34.0,6.514044943820225,33.95,-118.11,4.523
3.5341,42.0,4.233766233766234,33.95,-118.18,1.675
5.8735,35.0,5.811638591117918,34.11,-118.63,4.481
4.6053,6.0,6.132550335570469,37.66,-121.06,1.501
2.8194,9.0,5.039965986394558,38.89,-121.32,1.113
2.315,52.0,5.135135135135135,33.87,-117.93,1.821
3.5982,15.0,4.462562396006655,38.01,-121.35,0.944
7.1497,21.0,6.755244755244755,33.61,-117.66,2.74
4.0272,45.0,4.583720930232558,34.13,-118.24,2.605
3.8529,31.0,5.652777777777778,32.82,-117.21,2.12
3.045,16.0,2.708803611738149,32.86,-117.23,1.0
4.9312,46.0,6.052380952380952,34.2,-118.13,2.402
1.1853,16.0,3.996941896024465,32.8,-115.57,0.726
3.0824,33.0,3.7694524495677233,33.73,-117.89,1.774
5.0253,13.0,5.951724137931034,36.81,-119.68,1.062
5.2551,13.0,6.071428571428571,34.04,-117.67,1.943
2.8194,45.0,4.411522633744856,34.09,-118.22,1.65
5.6223,24.0,6.988269794721408,37.26,-121.87,2.657
3.6897,38.0,4.322115384615385,33.85,-118.18,1.698
3.6392,8.0,5.709426627793975,38.17,-122.51,2.463
1.7135,42.0,4.478142076502732,37.85,-122.27,1.598
3.1944,29.0,5.979591836734694,36.22,-119.35,1.068
3.2857,37.0,5.12,33.89,-118.08,1.536
4.3235,25.0,5.524489795918368,38.61,-121.3,1.169
4.0208,28.0,5.986666666666666,37.84,-121.23,1.557
4.3427,15.0,6.969843184559711,34.12,-119.21,3.058
4.4042,9.0,5.416452442159383,34.02,-117.65,1.591
3.675,52.0,5.814814814814815,37.76,-122.39,1.625
3.75,29.0,5.318840579710145,34.04,-117.98,1.906
4.2121,14.0,5.14095744680851,34.11,-117.4,1.281
3.7932,37.0,5.5013774104683195,34.2,-118.15,2.103
1.7813,33.0,4.356435643564357,39.13,-123.16,0.947
3.0549,7.0,5.196351931330472,40.58,-122.34,1.017
1.8477,39.0,3.6723768736616704,37.8,-122.27,1.792
2.9094,39.0,4.017045454545454,33.95,-118.18,1.522
2.8036,27.0,4.797507788161994,40.61,-122.57,0.934
4.5648,36.0,4.864468864468864,34.21,-118.52,1.937
5.7121,27.0,6.335347432024169,33.73,-117.97,2.225
3.3661,45.0,4.897905759162303,33.94,-118.19,1.608
4.7466,19.0,5.765661252900232,33.82,-118.02,2.583
2.5208,31.0,5.891156462585034,36.54,-119.83,0.6
1.1311,29.0,3.8753180661577606,32.67,-115.49,0.847
4.4818,24.0,6.041184041184041,34.28,-118.39,1.662
4.6944,36.0,5.299559471365638,34.23,-118.56,2.218
3.1635,30.0,3.5050675675675675,34.02,-118.49,3.667
3.4103,26.0,6.252669039145908,34.11,-117.21,0.909
3.6212,31.0,6.15034965034965,34.96,-120.42,1.514
6.6603,9.0,6.206642066420664,33.82,-117.86,2.309
6.1825,33.0,6.961165048543689,33.91,-117.92,3.369
1.8828,38.0,4.7525,36.21,-119.09,0.446
2.9167,35.0,4.054644808743169,34.08,-118.18,1.293
4.2361,31.0,4.962962962962963,37.28,-121.82,1.795
3.0,38.0,5.175609756097561,35.38,-119.03,0.918
6.5234,18.0,7.292626728110599,36.52,-121.84,3.574
1.9018,25.0,6.114155251141552,38.94,-119.98,1.097
2.3942,42.0,4.329787234042553,34.01,-118.29,1.232
1.3042,45.0,3.953379953379953,33.98,-118.27,0.992
5.0162,27.0,4.8106060606060606,33.73,-117.82,2.23
2.183,16.0,6.300675675675675,33.49,-116.6,1.135
5.5677,16.0,6.2719665271966525,34.03,-117.6,1.754
2.0474,37.0,4.957446808510638,39.36,-121.7,0.56
1.8523,48.0,4.4789029535864975,38.01,-122.13,1.448
5.3767,20.0,6.359550561797753,36.35,-119.37,2.313
5.2523,7.0,6.335913312693498,38.17,-122.18,1.613
4.5656,20.0,5.147410358565737,34.15,-118.45,4.784
7.6059,27.0,7.146341463414634,34.37,-118.54,3.237
4.625,25.0,5.952848722986247,33.83,-118.03,2.296
2.3062,15.0,4.9308755760368665,33.14,-117.15,1.589
6.3822,18.0,7.36013986013986,33.65,-117.82,3.625
5.1842,17.0,6.59581881533101,33.15,-117.07,1.577
4.7821,14.0,4.666666666666667,33.72,-118.04,1.694
4.7344,50.0,5.416851441241685,34.13,-118.15,3.147
2.0639,36.0,4.62041884816754,38.62,-121.43,0.73
1.7179,5.0,3.796833773087071,32.74,-117.04,1.32
1.5086,12.0,3.983651226158038,36.21,-120.1,0.647
1.6875,33.0,3.6095444685466376,35.27,-120.66,1.742
5.4395,25.0,6.638403990024938,33.81,-117.82,2.44
3.3516,33.0,6.913461538461538,37.64,-121.05,1.5
7.7589,8.0,6.376899696048632,33.67,-117.81,3.429
4.6458,46.0,5.759336099585062,33.81,-118.2,2.121
2.1776,38.0,3.8682432432432434,34.96,-120.57,0.891
6.4664,25.0,6.1923076923076925,37.31,-121.78,2.715
2.2621,43.0,5.314285714285714,39.74,-121.84,0.851
6.2609,8.0,7.468879668049793,32.77,-116.9,3.071
3.5732,5.0,4.640919366993217,34.67,-118.15,1.469
3.7949,13.0,5.832258064516129,34.17,-117.33,1.063
2.7188,20.0,5.443946188340807,38.93,-122.89,1.057
4.7159,36.0,6.561576354679803,34.13,-118.01,3.659
1.4934,26.0,5.157303370786517,39.08,-121.56,0.483
3.9167,28.0,3.675767918088737,34.26,-118.44,1.539
3.4115,35.0,5.193548387096774,34.03,-117.96,1.504
3.1667,23.0,3.7739602169981916,34.19,-118.49,2.02
6.9612,24.0,8.307053941908714,33.89,-117.86,2.745
2.2596,40.0,3.6346604215456675,34.01,-118.16,1.375
3.5255,21.0,5.694581280788177,34.0,-117.04,1.321
2.7574,33.0,6.021834061135372,34.06,-117.47,1.25
2.5511,25.0,4.327464788732394,38.61,-121.35,1.341
3.6111,48.0,3.836206896551724,34.07,-118.35,4.5
2.0734,21.0,3.833605220228385,32.59,-117.1,0.875
2.9625,17.0,5.712887438825448,39.66,-121.66,1.012
3.7917,24.0,5.3580246913580245,36.61,-119.45,0.905
3.2699,34.0,4.828859060402684,34.69,-118.14,1.0
2.8167,35.0,6.459649122807018,38.0,-121.22,1.621
6.4238,24.0,7.176570458404075,33.66,-117.82,2.784
2.4167,39.0,5.7331786542923435,36.79,-119.81,0.719
2.8202,52.0,4.330097087378641,37.78,-122.43,4.429
4.1304,38.0,4.124413145539906,33.55,-117.8,4.333
3.0445,36.0,4.042813455657492,32.76,-117.15,2.148
4.7098,52.0,5.955555555555556,34.17,-118.12,2.879
1.3,11.0,7.141242937853107,39.09,-122.53,0.697
6.1436,18.0,7.323529411764706,37.96,-121.95,2.595
2.6078,23.0,5.760299625468165,38.42,-120.65,1.167
3.0729,12.0,6.214432989690722,38.01,-120.29,1.051
3.9464,50.0,5.328877005347594,37.76,-122.5,2.956
3.1821,9.0,5.675156174915906,34.44,-117.35,0.956
4.3542,42.0,5.370629370629371,34.16,-118.36,4.179
2.6797,16.0,4.540048543689321,33.62,-114.6,0.865
3.025,24.0,5.540443808160344,38.5,-121.42,0.879
5.2072,20.0,6.170212765957447,34.24,-117.41,1.643
7.2893,32.0,6.009779951100245,33.88,-117.93,2.935
3.1486,14.0,5.218340611353712,36.33,-119.35,1.056
2.3,30.0,3.65,36.32,-121.26,2.063
1.97,41.0,4.695560253699789,35.41,-119.02,0.519
2.9191,52.0,4.742547425474255,38.56,-121.46,1.118
2.135,27.0,3.8853046594982077,34.03,-118.29,1.196
3.1467,41.0,4.882352941176471,38.45,-122.72,1.755
3.406,13.0,5.023372287145242,35.33,-119.07,1.007
5.7415,37.0,6.424581005586592,37.13,-121.93,3.985
6.4391,34.0,5.32258064516129,33.86,-118.32,2.523
0.9283,10.0,6.463157894736842,39.33,-120.17,1.163
7.9739,14.0,8.115902964959568,33.72,-117.76,3.687
3.1719,42.0,5.0,37.88,-121.26,1.583
5.1149,22.0,5.696891191709844,37.31,-121.79,2.357
1.6429,52.0,4.751282051282051,36.76,-119.8,0.692
3.1964,31.0,5.230569948186528,32.79,-117.09,1.777
3.1484,17.0,4.486280487804878,34.16,-118.26,1.875
2.1136,23.0,4.1625,32.8,-115.55,0.61
3.4583,52.0,4.5109289617486334,37.74,-122.42,2.409
2.075,40.0,4.02,34.01,-118.13,1.511
1.9354,35.0,2.7146984470928133,34.1,-118.3,3.4
2.8403,16.0,6.428571428571429,38.02,-121.35,1.323
3.2708,46.0,4.611607142857143,33.53,-117.77,3.847
1.8369,17.0,6.1947368421052635,35.48,-118.23,0.594
1.6156,45.0,3.3628318584070795,32.72,-117.14,1.563
2.5509,32.0,3.6805555555555554,33.83,-117.91,1.708
4.35,35.0,4.714859437751004,37.4,-122.02,2.61
1.7297,16.0,3.89727463312369,33.67,-116.19,0.675
1.3977,26.0,4.7153846153846155,34.05,-117.33,0.731
2.4022,47.0,4.741847826086956,34.01,-118.32,1.234
6.2323,17.0,7.097183098591549,36.59,-121.91,3.391
2.4922,23.0,4.764705882352941,38.52,-122.78,1.92
2.5833,19.0,4.309153713298791,37.7,-122.12,1.599
5.5381,36.0,6.07488986784141,37.56,-122.3,2.82
6.4027,11.0,6.92042755344418,33.05,-117.24,3.442
6.6143,16.0,7.3861386138613865,32.67,-117.0,2.641
3.2019,19.0,5.301158301158301,36.53,-119.56,0.957
2.1149,43.0,5.364077669902913,37.32,-121.89,1.849
3.125,30.0,3.791970802919708,34.03,-118.44,3.438
3.3306,15.0,3.912751677852349,37.37,-121.86,2.103
2.7857,20.0,5.11018711018711,37.79,-120.98,1.109
1.2475,52.0,4.075,37.82,-122.27,1.042
4.4107,26.0,6.4275037369207775,33.77,-116.47,1.225
3.6729,52.0,5.077142857142857,38.56,-121.49,1.378
5.8993,49.0,7.051724137931035,34.0,-118.34,3.133
5.9202,9.0,6.115131578947368,32.76,-116.92,1.813
1.625,4.0,3.0,35.22,-117.76,2.75
3.125,52.0,4.637450199203188,34.08,-118.32,3.804
3.025,25.0,3.9823788546255505,33.88,-117.87,1.569
1.6445,18.0,3.973314606741573,37.53,-120.86,1.569
6.5764,17.0,6.55511811023622,33.89,-117.95,3.49
1.875,40.0,4.110266159695818,34.09,-118.22,1.5
6.0666,10.0,6.526518391787853,37.97,-122.27,2.724
2.8636,24.0,3.872,37.25,-121.88,2.403
0.8928,52.0,4.442953020134228,39.14,-121.58,0.55
3.7232,33.0,4.353474320241692,33.76,-117.94,1.762
1.5,17.0,3.1972318339100347,37.81,-122.28,1.625
2.6111,13.0,3.984009840098401,33.88,-117.59,1.07
5.4622,17.0,6.417910447761194,33.6,-117.69,2.27
3.5313,31.0,4.7301204819277105,34.2,-118.55,2.118
1.9236,52.0,4.5064935064935066,34.07,-117.65,1.172
6.7181,15.0,7.199438202247191,36.83,-119.85,1.603
4.4485,21.0,6.097039473684211,36.97,-121.9,2.952
1.8897,43.0,4.483695652173913,33.97,-118.2,1.743
2.9732,52.0,5.585284280936455,37.77,-122.26,2.821
2.2843,28.0,3.7892156862745097,34.12,-118.23,1.838
3.375,39.0,4.352941176470588,34.05,-118.17,1.26
2.0549,13.0,5.312457454050374,33.93,-116.93,0.956
1.4821,27.0,4.230326295585413,32.71,-117.08,0.862
1.975,30.0,4.808917197452229,34.65,-120.44,1.34
6.4745,8.0,8.052173913043479,32.73,-116.91,3.003
7.9819,26.0,7.571428571428571,37.28,-121.92,3.97
2.5202,52.0,4.644699140401146,38.24,-122.64,2.44
2.8929,36.0,4.184549356223176,34.05,-117.73,1.181
3.0293,28.0,3.9799764428739692,32.8,-117.23,2.417
1.7868,25.0,5.852739726027397,36.13,-117.69,0.455
3.4861,30.0,5.1337325349301395,33.94,-118.03,1.772
2.1607,34.0,5.022082018927445,40.78,-124.18,0.67
2.4053,21.0,4.945132743362832,36.93,-121.78,1.784
2.6465,27.0,3.44080604534005,33.86,-118.2,1.602
2.7,43.0,4.778947368421052,33.94,-118.18,1.65
2.455,42.0,5.223076923076923,37.73,-122.18,0.824
2.4167,45.0,4.462025316455696,37.79,-122.21,1.394
1.65,29.0,4.990243902439024,35.37,-120.89,2.273
4.4784,35.0,4.866141732283465,33.87,-117.95,1.852
1.9943,27.0,5.177290836653387,39.37,-121.67,0.863
3.9963,4.0,6.761377613776138,33.49,-117.12,1.911
3.4764,13.0,4.711904761904762,33.15,-117.09,1.375
1.3708,8.0,3.8895705521472395,39.53,-122.23,1.25
7.0217,25.0,8.023136246786633,33.89,-117.8,3.579
2.9292,29.0,4.505747126436781,34.09,-117.33,0.845
4.5116,43.0,4.711590296495957,37.53,-122.3,3.378
3.5625,18.0,5.782608695652174,33.86,-117.81,2.35
2.6392,26.0,3.8322649572649574,37.78,-122.43,2.875
5.0874,36.0,5.637254901960785,33.73,-118.31,3.685
4.9524,26.0,6.571753986332574,33.91,-117.9,2.266
3.32,40.0,4.548821548821548,37.56,-122.31,2.929
2.3967,38.0,4.278728606356968,34.19,-118.15,1.631
7.3356,38.0,5.8949044585987265,33.89,-118.39,4.227
2.1181,39.0,3.4711538461538463,33.97,-118.16,1.766
1.8086,38.0,3.5,33.99,-118.27,0.971
0.536,26.0,6.0,33.62,-114.62,2.75
2.1366,47.0,5.0190311418685125,38.76,-121.28,1.019
2.4191,24.0,4.4227642276422765,32.6,-117.06,1.073
3.006,52.0,4.701970443349754,37.88,-122.28,2.279
6.8643,25.0,6.291571753986332,34.22,-118.64,3.337
4.2212,45.0,5.148148148148148,34.16,-118.35,2.938
3.4196,43.0,5.023404255319149,32.76,-117.15,3.022
4.2667,46.0,5.256055363321799,37.75,-122.44,3.388
1.7159,25.0,4.56283185840708,32.99,-115.53,0.622
2.4595,36.0,4.343692870201097,34.45,-119.28,1.976
5.5683,19.0,5.2875,34.14,-118.39,3.092
5.0941,3.0,6.998985801217039,36.87,-119.75,1.437
2.2905,11.0,4.621589561091341,40.62,-122.36,0.942
4.4394,34.0,5.020527859237537,38.0,-122.3,1.62
2.5694,42.0,6.097922848664688,37.74,-122.39,2.01
2.6875,16.0,5.303523035230352,36.98,-121.91,2.333
1.6887,20.0,4.16955017301038,34.16,-118.15,1.486
2.625,23.0,4.728888888888889,36.8,-119.72,0.715
3.2604,30.0,5.551020408163265,37.61,-120.76,0.879
2.5926,24.0,4.775609756097561,38.51,-121.48,0.723
3.2112,20.0,6.517307692307693,35.6,-121.1,2.045
3.3304,20.0,4.425790754257908,33.87,-118.13,1.946
4.5272,17.0,5.895161290322581,38.36,-121.29,1.917
3.7014,32.0,4.957746478873239,33.82,-117.91,1.796
7.2708,6.0,8.357664233576642,34.05,-116.98,3.167
3.7846,41.0,4.515202702702703,34.12,-117.91,1.455
2.2788,52.0,4.222602739726027,37.87,-122.28,1.823
5.9499,25.0,5.134275618374558,33.92,-118.4,3.458
2.489,51.0,4.1653944020356235,37.78,-122.22,1.191
6.8742,25.0,5.900479616306955,37.88,-122.53,4.131
5.257,25.0,6.163247100802854,34.03,-118.0,2.261
7.375,21.0,6.53,37.34,-121.78,3.384
1.6267,23.0,4.263586956521739,38.42,-122.71,1.292
3.765,33.0,5.717889908256881,37.97,-121.34,0.946
2.6402,43.0,3.707317073170732,34.03,-118.38,1.857
2.0348,17.0,2.6659815005138747,34.2,-118.39,1.772
5.0635,16.0,6.573816155988858,36.83,-119.77,1.085
2.5921,20.0,6.024221453287197,36.52,-119.73,0.942
4.0444,15.0,5.980392156862745,32.7,-116.99,1.501
3.662,23.0,4.008298755186722,37.27,-121.94,2.119
1.2176,29.0,3.899236641221374,36.77,-119.77,0.619
3.8571,9.0,4.7669172932330826,32.77,-117.19,1.438
4.8269,25.0,5.351351351351352,37.0,-121.97,2.729
4.8295,18.0,5.73961661341853,32.96,-117.05,1.658
5.0863,37.0,5.7680921052631575,37.48,-122.25,4.403
4.8,34.0,5.223880597014926,33.76,-117.89,1.927
5.3558,14.0,6.4555403556771545,34.17,-118.9,3.138
1.9187,29.0,3.936936936936937,37.96,-121.24,0.577
3.1781,23.0,4.926391382405745,38.34,-122.71,1.62
1.3062,10.0,3.016476552598226,37.78,-122.43,2.2
3.5164,32.0,4.481967213114754,34.2,-118.41,2.172
1.3654,47.0,5.6,39.51,-121.56,0.579
1.775,29.0,3.827838827838828,36.51,-121.45,1.125
4.5,36.0,4.94044665012407,33.95,-118.09,1.666
6.5928,28.0,5.0573065902578795,33.62,-117.94,4.391
3.5129,36.0,4.352750809061488,34.05,-118.03,1.423
4.7667,30.0,5.244604316546763,33.8,-117.96,1.952
5.1221,4.0,6.176178660049628,32.75,-116.94,2.297
4.3542,36.0,6.3112033195020745,37.59,-122.5,2.375
3.7177,32.0,5.52928870292887,34.09,-117.78,1.772
4.7578,22.0,5.792592592592593,37.51,-122.48,3.185
5.2879,12.0,5.410596026490066,37.57,-122.04,2.312
3.4904,25.0,5.043478260869565,38.51,-122.47,1.969
4.5,21.0,5.721830985915493,37.24,-121.81,2.344
3.4152,34.0,4.691358024691358,33.75,-117.83,2.102
2.0625,19.0,5.347732181425486,38.68,-121.44,0.944
4.4583,18.0,4.918309859154929,33.81,-118.01,1.901
4.5304,34.0,4.7515625,33.91,-118.32,1.813
2.0591,15.0,4.840046029919447,41.74,-122.61,0.557
4.0327,5.0,5.283908045977012,35.35,-119.1,1.31
3.9545,26.0,5.877729257641922,32.75,-117.01,1.781
4.0529,33.0,4.028497409326425,34.12,-117.9,1.382
2.4135,48.0,4.207407407407407,34.18,-118.16,1.357
1.7212,39.0,4.584905660377358,33.94,-118.24,0.955
3.4559,47.0,6.148550724637682,38.69,-121.77,1.231
3.3611,42.0,4.326164874551972,37.75,-121.43,1.176
4.6417,17.0,6.8292011019283745,34.69,-118.12,1.257
4.1875,14.0,4.438461538461539,34.16,-118.41,2.75
2.8489,34.0,4.417773237997957,32.61,-117.06,1.283
2.1173,34.0,4.123232323232323,34.03,-118.31,1.566
4.5987,29.0,4.930894308943089,32.79,-117.2,2.556
3.4712,18.0,4.4803328290468984,33.83,-118.28,1.944
3.6875,36.0,3.8521739130434782,33.72,-117.9,1.375
6.5706,9.0,6.961937716262976,32.91,-117.09,2.557
3.7045,30.0,4.596928982725528,33.94,-117.99,2.123
5.4351,29.0,5.357142857142857,37.38,-122.05,3.365
0.9241,17.0,2.8177676537585423,37.81,-122.28,1.775
3.5521,19.0,3.453801169590643,33.82,-118.19,2.9
3.0179,49.0,5.052631578947368,34.18,-118.32,1.188
4.3831,35.0,5.201183431952662,33.9,-118.0,2.098
4.3333,33.0,4.711246200607903,34.17,-118.45,2.613
5.1305,9.0,4.736363636363636,32.69,-117.06,1.589
1.8375,36.0,4.7206266318537855,40.58,-122.38,0.748
4.2296,35.0,4.598790322580645,32.8,-117.25,2.75
5.7078,17.0,5.395734597156398,37.28,-121.81,2.17
2.375,12.0,4.606914212548015,34.09,-117.44,1.138
2.4583,26.0,4.361643835616438,34.06,-117.67,1.104
2.6429,33.0,4.494565217391305,34.25,-118.41,1.431
1.9602,38.0,4.3720136518771335,36.53,-119.38,0.514
0.4999,52.0,2.6,33.93,-118.28,0.906
3.9063,28.0,4.160847880299252,37.82,-122.25,2.25
1.6806,11.0,3.2058252427184466,32.64,-117.08,1.417
3.3892,20.0,4.195493704440026,34.25,-118.53,3.231
1.8444,20.0,5.059850374064838,36.97,-120.05,0.471
5.4555,36.0,6.395652173913043,34.12,-118.02,3.951
2.4405,35.0,4.6652892561983474,36.78,-119.75,0.743
3.0536,17.0,4.72804054054054,35.1,-120.61,1.436
1.7802,47.0,3.7285714285714286,32.68,-117.1,0.978
4.9236,28.0,5.847176079734219,37.66,-122.42,2.735
6.3721,12.0,7.617157490396927,32.96,-117.14,2.415
3.7109,40.0,5.430939226519337,34.04,-118.14,1.988
3.6687,48.0,5.8428571428571425,37.74,-122.41,3.35
2.6288,28.0,4.406976744186046,34.04,-118.06,1.603
4.4595,24.0,6.2486910994764395,34.7,-120.47,1.527
4.3098,22.0,5.8498168498168495,38.64,-121.27,2.135
3.6292,8.0,5.593659942363113,38.45,-122.76,1.836
3.6786,11.0,6.1975903614457835,36.09,-119.06,0.729
2.1591,23.0,4.346938775510204,37.93,-121.28,0.678
2.7375,42.0,5.137560975609756,38.12,-122.27,1.2
4.0461,37.0,4.739669421487603,33.9,-118.09,1.535
3.9625,39.0,4.854368932038835,34.22,-118.46,1.682
3.9722,27.0,4.619271445358402,37.55,-122.31,3.541
3.7054,47.0,5.3366583541147135,37.75,-122.49,3.085
4.1429,52.0,5.460829493087558,34.08,-118.32,3.803
4.0042,52.0,4.216216216216216,37.76,-122.39,2.083
3.1968,39.0,5.068965517241379,37.97,-122.04,1.51
4.15,52.0,4.355044699872286,34.12,-118.32,3.935
2.875,13.0,5.248484848484848,37.69,-120.15,0.702
2.1757,42.0,4.181052631578948,32.74,-117.09,1.101
1.875,26.0,5.077702702702703,39.77,-121.6,0.84
2.6587,26.0,5.930921052631579,34.98,-116.85,0.574
5.3131,36.0,5.56734693877551,33.84,-118.33,3.141
6.0394,16.0,6.29874213836478,33.88,-117.97,3.216
3.0313,40.0,4.91919191919192,37.72,-122.4,2.191
3.9,41.0,5.883720930232558,36.14,-119.19,0.859
2.4117,16.0,4.933656957928803,38.35,-122.72,1.625
3.5128,23.0,5.177777777777778,36.74,-119.69,1.216
2.5417,30.0,5.086021505376344,38.01,-120.37,1.232
2.6328,31.0,4.468978102189781,37.95,-122.35,1.103
2.5057,21.0,3.8526100307062436,33.87,-118.12,1.563
3.25,36.0,4.211136890951276,37.68,-122.07,2.181
2.6894,20.0,3.9244186046511627,37.35,-121.84,1.822
2.8438,44.0,3.745,37.39,-122.08,3.071
3.6466,21.0,5.769230769230769,34.09,-117.41,1.306
3.1103,26.0,3.9507772020725387,34.1,-118.13,2.141
5.9845,40.0,7.317343173431734,34.22,-118.18,2.417
3.2946,52.0,3.7145922746781115,34.09,-118.34,3.216
1.5174,43.0,4.609004739336493,36.76,-119.77,0.546
5.345,32.0,5.135416666666667,34.38,-119.74,3.226
2.2214,42.0,3.7292576419213974,34.09,-118.13,2.19
5.2329,33.0,6.6682134570765665,34.13,-118.02,4.309
2.7083,25.0,5.613293051359516,34.01,-117.4,0.878
1.9939,38.0,5.0588235294117645,32.82,-115.38,0.658
1.1157,18.0,2.5637450199203187,40.86,-124.08,1.5
4.3962,11.0,7.306581059390048,38.75,-121.21,2.644
3.3272,35.0,5.073170731707317,36.79,-119.83,0.656
5.791,36.0,5.275,37.34,-121.96,2.541
0.7075,35.0,3.2908496732026142,34.11,-117.29,0.788
3.2617,10.0,3.9291417165668663,37.45,-121.92,2.522
4.8073,11.0,6.669527896995708,38.28,-121.29,1.567
2.1487,44.0,4.944444444444445,37.65,-120.99,0.866
4.8214,21.0,6.690355329949239,37.32,-120.45,1.178
3.695,40.0,4.593548387096774,34.22,-118.39,1.652
1.5833,42.0,4.641821946169772,36.57,-119.61,0.651
2.5259,35.0,4.567398119122257,32.73,-117.23,2.402
1.9107,36.0,4.912863070539419,35.0,-117.65,0.398
4.2227,28.0,4.899532710280374,34.21,-119.19,2.354
2.375,22.0,5.4969450101833,33.39,-117.25,1.373
3.2125,46.0,5.0087463556851315,34.17,-118.34,2.47
3.1912,24.0,5.0,37.68,-120.98,1.496
4.8125,48.0,6.764309764309765,33.99,-118.34,1.705
2.6417,8.0,5.052147239263804,37.64,-120.77,0.968
6.4894,16.0,7.381656804733728,38.37,-122.02,1.98
6.2673,38.0,5.516666666666667,33.97,-118.39,3.572
2.3816,52.0,3.7846153846153845,34.08,-118.26,1.667
5.6604,22.0,6.266519823788546,34.43,-119.8,2.764
2.6417,35.0,4.232558139534884,38.55,-121.42,0.989
2.4271,42.0,4.344827586206897,33.9,-118.25,0.895
3.1691,16.0,3.27437641723356,33.74,-117.88,1.594
3.8187,20.0,5.099173553719008,33.64,-117.98,1.375
2.0192,18.0,3.3961661341853033,36.94,-121.77,1.713
3.5295,15.0,4.567365269461078,37.68,-122.08,2.422
3.4412,39.0,4.17340521114106,37.59,-122.37,3.538
3.0252,20.0,4.041095890410959,33.86,-117.99,1.78
2.4922,19.0,5.238721804511278,37.95,-120.42,0.987
3.7167,52.0,4.94,34.06,-118.34,3.273
3.1115,46.0,5.167577413479052,34.17,-118.11,2.346
1.4318,36.0,3.842391304347826,34.9,-117.06,0.596
2.7955,36.0,3.672972972972973,34.05,-118.03,1.575
3.9091,34.0,5.909638554216867,34.01,-118.06,1.551
3.7041,11.0,7.260932944606414,37.62,-120.95,1.748
1.7372,20.0,4.950680272108843,35.99,-119.28,0.51
2.4003,14.0,5.05892547660312,35.1,-120.61,1.421
3.725,52.0,5.65625,33.97,-118.31,1.426
3.155,25.0,5.411589895988113,35.11,-120.59,2.054
5.0,32.0,5.80078125,38.46,-122.69,2.759
0.76,10.0,2.6515151515151514,37.81,-122.27,1.625
4.2415,52.0,5.695121951219512,34.07,-117.74,1.401
4.0208,36.0,5.453551912568306,37.71,-122.15,1.915
4.6583,30.0,5.2742759795570695,33.93,-118.15,2.073
0.987,52.0,4.328282828282828,39.73,-121.84,1.125
5.2375,6.0,7.450549450549451,38.0,-122.26,2.464
5.3625,7.0,5.97071129707113,32.93,-117.12,2.189
6.203,38.0,6.26431718061674,37.74,-122.45,3.468
1.4583,36.0,2.4,37.98,-122.41,0.675
3.5781,33.0,6.6415094339622645,38.34,-122.4,2.425
4.5938,20.0,5.136792452830188,36.74,-119.5,1.069
3.2596,48.0,5.145985401459854,34.11,-118.05,2.724
3.5885,18.0,5.236538461538461,38.43,-122.68,1.919
2.0268,17.0,6.190082644628099,40.67,-122.95,0.942
4.1957,11.0,5.569587628865979,35.31,-119.04,0.927
2.3333,31.0,3.9834162520729683,34.08,-118.02,1.642
1.303,41.0,3.729957805907173,34.0,-118.25,0.904
3.1719,34.0,4.883408071748879,32.74,-117.05,1.153
3.8333,32.0,6.079787234042553,39.15,-123.1,1.161
4.5568,12.0,6.304843304843305,38.65,-120.93,1.701
2.1382,21.0,5.668498168498169,38.28,-120.65,1.04
3.5518,24.0,4.863275039745628,33.83,-118.26,1.846
1.9556,44.0,4.223728813559322,33.97,-118.26,0.963
4.2188,28.0,6.132007233273056,38.66,-121.3,1.392
1.951,17.0,3.8384512683578103,38.67,-121.79,1.525
1.0625,20.0,4.546511627906977,39.75,-121.62,0.928
2.7778,32.0,6.985074626865671,39.61,-120.08,0.729
2.6719,35.0,4.455026455026455,33.88,-118.23,1.098
3.9,36.0,5.2727272727272725,33.89,-118.25,1.158
6.2558,16.0,6.140540540540541,32.76,-115.39,1.463
4.3,20.0,6.2706766917293235,36.98,-122.0,2.75
2.5268,44.0,3.8461538461538463,34.03,-118.21,1.411
4.0682,35.0,4.831775700934579,37.63,-122.08,1.569
2.625,30.0,3.923841059602649,34.05,-117.74,0.943
5.9145,35.0,4.849056603773585,37.4,-122.0,2.369
5.3693,26.0,6.2304147465437785,32.86,-117.21,2.607
3.1349,29.0,4.321937321937322,34.27,-118.33,2.302
3.7647,32.0,5.650862068965517,37.92,-122.51,3.75
4.5903,13.0,6.759358288770054,35.39,-119.12,0.943
2.2891,31.0,6.348122866894198,37.94,-121.49,1.625
6.1785,5.0,7.197784810126582,33.51,-117.73,2.959
2.8125,46.0,4.722033898305085,34.18,-118.34,2.299
2.3304,24.0,4.524390243902439,36.35,-119.3,0.649
5.2019,32.0,5.455882352941177,37.35,-121.96,2.799
6.7232,5.0,7.437810945273632,38.07,-122.55,3.45
3.2788,26.0,5.604838709677419,40.48,-122.33,1.016
4.0179,42.0,5.13681592039801,34.1,-118.05,2.743
1.3451,30.0,4.6644295302013425,35.38,-118.99,0.575
4.3229,7.0,5.6235697940503435,34.7,-118.12,1.3
4.0714,42.0,5.843501326259947,34.19,-118.13,2.34
5.4548,35.0,5.585714285714285,34.19,-118.56,2.014
3.125,30.0,4.3977272727272725,33.8,-118.31,2.333
3.8631,17.0,3.6359223300970873,33.82,-117.88,2.25
5.0838,20.0,6.116037735849057,37.54,-122.06,2.482
3.75,52.0,6.018957345971564,33.88,-117.92,2.325
3.3995,30.0,3.84257602862254,34.0,-118.43,3.24
1.7188,40.0,5.458333333333333,37.33,-121.09,1.125
1.1607,50.0,4.038461538461538,39.51,-121.55,0.517
2.5625,30.0,4.949367088607595,34.14,-117.99,1.53
4.3846,15.0,6.2635983263598325,33.14,-117.08,1.542
2.55,52.0,6.008771929824562,39.15,-123.21,1.129
3.1167,20.0,4.52720207253886,36.96,-121.98,2.583
3.8967,12.0,5.967171717171717,33.14,-117.12,1.726
5.2079,21.0,5.46089850249584,37.89,-122.1,3.103
2.2083,18.0,5.183908045977011,36.84,-120.69,0.55
4.1,27.0,5.522491349480969,33.71,-117.88,1.849
5.7018,24.0,6.490225563909775,33.83,-118.05,2.867
2.9219,17.0,4.457875457875458,37.67,-120.96,1.143
2.2868,16.0,5.220843672456576,35.25,-120.68,2.337
6.0426,19.0,4.839506172839506,37.97,-122.34,1.1
2.3783,18.0,4.262443438914027,33.74,-117.9,1.667
5.1488,31.0,6.296296296296297,32.8,-117.07,1.81
4.5714,18.0,6.362917398945519,37.0,-121.57,2.603
4.2422,15.0,4.3605313092979125,33.88,-117.99,1.594
0.9802,46.0,4.584288052373159,37.81,-122.29,1.292
1.9805,49.0,3.888675623800384,37.87,-122.28,1.737
2.4482,11.0,4.150918635170604,38.11,-121.27,1.03
3.0588,37.0,4.914798206278027,32.72,-117.03,1.206
4.3899,33.0,4.8121546961325965,33.72,-117.9,1.807
1.625,8.0,7.6,33.97,-117.33,1.625
2.5042,52.0,4.7633744855967075,38.1,-122.25,1.479
4.0795,39.0,3.5185185185185186,33.75,-118.14,4.0
3.7976,17.0,4.703571428571428,33.67,-117.83,2.75
2.2381,35.0,4.180811808118081,33.86,-118.19,1.375
5.7128,24.0,5.307038834951456,33.85,-118.39,3.662
3.1078,50.0,4.110582639714625,34.08,-118.34,3.467
5.1265,34.0,5.897163120567376,34.21,-118.52,2.11
2.7083,10.0,4.435185185185185,37.72,-122.36,1.804
2.6083,38.0,5.14026402640264,36.21,-119.33,0.67
2.462,19.0,4.548969072164948,38.39,-122.83,2.603
2.6641,24.0,3.7514188422247448,33.88,-118.14,1.682
3.0703,37.0,5.049586776859504,37.72,-122.46,2.118
5.2447,10.0,6.755936675461742,38.39,-121.36,1.481
3.0033,52.0,5.223796033994335,38.56,-121.49,1.035
1.1471,14.0,6.44131455399061,36.0,-116.22,0.329
2.0227,22.0,4.837837837837838,33.87,-117.95,0.55
5.2949,33.0,7.188405797101449,38.65,-121.27,1.733
6.7546,36.0,7.154471544715447,37.9,-122.56,4.024
4.1612,15.0,4.187111801242236,37.91,-122.06,2.328
3.25,17.0,4.829351535836177,36.8,-119.71,0.814
2.7689,28.0,3.913555992141454,34.44,-119.82,2.282
2.4896,39.0,5.117647058823529,37.66,-121.87,2.385
3.4861,52.0,4.984419263456091,37.8,-122.21,1.871
5.611,36.0,5.727891156462585,33.98,-118.4,4.566
6.1253,25.0,6.66205533596838,34.27,-118.75,2.25
3.1853,16.0,4.636363636363637,38.27,-122.04,1.296
2.1429,43.0,3.2742382271468142,37.8,-122.25,2.5
3.5083,43.0,5.084558823529412,37.74,-122.15,1.22
2.2574,37.0,4.702576112412178,38.52,-121.5,0.591
4.3971,36.0,5.229681978798586,37.69,-122.16,2.057
3.9583,35.0,5.3828125,34.08,-117.93,2.06
2.2925,7.0,6.12907045589106,33.77,-116.99,1.131
5.2882,25.0,5.987197724039829,37.54,-122.05,2.231
2.0557,34.0,2.2633996937212864,34.09,-118.32,2.25
1.867,23.0,4.701587301587302,38.64,-121.45,0.606
4.433,34.0,4.988394584139265,34.19,-118.56,2.351
2.5029,43.0,3.922920892494929,33.94,-118.2,1.597
2.1635,43.0,4.533333333333333,32.72,-117.23,2.442
1.7169,36.0,4.706959706959707,37.58,-121.02,1.214
4.1974,44.0,5.3541147132169575,37.68,-122.13,1.793
4.5357,13.0,5.850485436893204,40.52,-122.66,1.712
3.9461,16.0,4.522184300341297,37.25,-121.82,1.943
6.2748,22.0,7.054054054054054,34.22,-118.88,2.748
1.6531,30.0,3.700356718192628,33.98,-118.33,1.185
3.7188,27.0,5.048611111111111,34.28,-118.7,2.5
2.7634,19.0,4.715918367346939,33.62,-117.72,0.869
4.5086,16.0,5.7156398104265405,32.93,-117.14,1.711
2.4408,32.0,4.457207207207207,33.95,-117.4,1.173
1.5982,20.0,6.124015748031496,33.74,-116.88,1.4
4.6,7.0,5.133333333333334,33.83,-117.17,1.875
2.4054,38.0,6.100719424460432,37.11,-120.31,1.125
5.1508,15.0,5.3171728971962615,33.77,-118.11,3.673
4.2381,43.0,4.8053097345132745,37.35,-121.88,1.935
3.2083,26.0,6.667953667953668,36.44,-119.77,0.75
1.8185,23.0,4.026785714285714,34.97,-120.54,0.978
2.3824,35.0,4.087591240875913,38.44,-122.73,1.45
4.9219,7.0,6.090460526315789,36.95,-121.87,3.684
4.8488,5.0,5.961174713787954,33.57,-117.73,1.944
3.8958,33.0,5.419354838709677,39.13,-123.23,1.44
3.1127,29.0,4.2087227414330215,37.66,-121.88,2.33
2.8882,32.0,4.6103896103896105,38.72,-121.71,1.514
5.7837,23.0,6.607940446650124,33.79,-118.01,2.58
5.5248,22.0,6.141361256544503,32.68,-116.98,1.563
2.7019,22.0,5.5109375,34.44,-119.27,2.347
1.462,27.0,4.335329341317365,34.12,-117.27,0.702
2.1705,10.0,5.03,37.87,-122.3,1.5
2.9479,32.0,4.306709265175719,33.82,-117.91,1.846
5.7057,27.0,6.019108280254777,37.53,-122.01,2.876
3.1042,14.0,5.437837837837838,39.18,-121.16,1.52
3.9659,33.0,5.322314049586777,40.73,-124.1,1.118
3.1779,41.0,4.394736842105263,33.8,-118.26,1.711
3.75,16.0,5.768718801996672,38.68,-121.28,1.473
3.9464,20.0,7.644329896907217,34.05,-117.49,2.077
1.942,31.0,4.3116057233704295,33.74,-116.97,0.862
4.3897,14.0,7.451612903225806,38.93,-122.61,0.713
5.2999,33.0,6.050691244239632,33.88,-118.38,3.594
2.2679,39.0,3.2409638554216866,34.08,-117.96,1.518
4.1365,27.0,4.014443500424809,34.02,-118.49,4.708
2.3194,32.0,4.389671361502347,32.58,-117.13,1.594
2.4375,37.0,3.5495049504950495,34.19,-118.38,1.763
3.0284,44.0,4.680981595092025,34.1,-117.65,1.158
1.439,17.0,3.797752808988764,38.4,-122.71,1.406
3.2708,46.0,4.323462414578588,32.74,-117.12,1.552
5.1155,35.0,5.68936170212766,33.91,-118.02,2.137
4.5662,33.0,5.746835443037975,32.8,-117.0,1.503
2.3456,45.0,4.672566371681416,37.94,-122.35,1.052
3.5568,37.0,4.928446771378709,34.26,-118.3,1.845
3.1305,25.0,4.310077519379845,33.64,-117.92,2.688
2.0375,41.0,4.150485436893204,37.97,-121.25,0.75
2.5833,26.0,5.05511811023622,36.9,-119.98,0.623
3.1528,43.0,5.423772609819121,33.92,-118.17,1.668
4.0156,9.0,4.677631578947368,34.16,-117.32,1.31
3.2234,17.0,5.2,38.28,-121.35,0.82
3.25,37.0,4.6689655172413795,35.29,-120.68,2.25
3.9054,14.0,4.088397790055248,34.16,-118.25,2.0
1.47,36.0,4.377777777777778,36.29,-119.14,0.619
5.6652,17.0,6.07514450867052,37.26,-121.87,2.345
2.3173,30.0,6.115942028985507,37.6,-121.2,0.865
1.7344,24.0,3.298342541436464,33.51,-116.01,0.664
3.875,27.0,3.6207729468599035,34.14,-118.15,2.583
4.9779,23.0,4.858012170385395,33.9,-118.34,2.246
2.6111,29.0,3.796078431372549,34.12,-118.24,1.688
1.1929,26.0,3.7025862068965516,34.03,-118.18,1.438
3.3469,30.0,3.2805989583333335,37.58,-122.35,3.45
4.088,27.0,6.089156626506024,38.5,-121.44,0.968
5.0172,34.0,5.854671280276817,37.96,-122.07,1.971
2.5658,45.0,4.806315789473684,34.05,-118.36,2.52
1.2,44.0,2.9704301075268815,34.05,-118.22,1.156
4.0403,23.0,4.792408066429418,37.3,-121.96,3.034
3.6625,33.0,5.224719101123595,34.08,-117.91,2.171
5.3169,10.0,5.769886363636363,37.66,-122.04,2.992
3.5234,31.0,4.220588235294118,33.91,-118.35,2.65
2.4688,25.0,4.838815789473684,38.0,-121.24,1.268
6.0767,16.0,5.572413793103448,38.38,-122.02,2.164
3.3173,12.0,4.00462962962963,33.93,-117.9,2.474
1.6277,48.0,3.676737160120846,38.58,-121.48,1.406
2.7443,31.0,4.1117647058823525,37.8,-121.21,0.942
1.5714,38.0,3.932098765432099,33.94,-118.28,0.897
3.3824,6.0,6.778061224489796,37.3,-121.04,1.155
3.0625,32.0,3.9303482587064678,33.75,-117.92,1.428
5.0123,5.0,6.490780141843971,33.14,-117.22,2.104
6.0441,35.0,6.633507853403142,33.88,-118.39,4.7
3.9615,17.0,5.4935064935064934,38.65,-121.52,3.313
4.4597,29.0,5.61578947368421,37.14,-122.11,2.041
4.0431,9.0,5.740816326530612,34.96,-120.38,2.268
5.6704,35.0,6.177304964539007,33.91,-118.37,3.037
2.4821,30.0,6.477987421383648,39.52,-121.53,0.738
3.7545,52.0,5.242774566473988,37.75,-122.43,3.837
5.4786,18.0,6.488921713441655,33.11,-117.05,2.235
6.3359,43.0,6.334415584415584,36.8,-119.8,1.693
2.375,33.0,4.204819277108434,34.02,-117.96,1.333
3.8,41.0,4.773892773892774,33.91,-118.36,2.225
3.3466,52.0,5.733542319749216,37.96,-121.31,0.926
6.6833,25.0,6.870967741935484,33.67,-117.9,2.759
5.2108,31.0,5.846153846153846,37.34,-122.0,3.515
1.886,23.0,4.610294117647059,37.99,-121.31,1.053
3.293,31.0,4.788679245283019,37.98,-122.55,3.375
2.4821,37.0,5.250712250712251,33.88,-118.24,1.11
2.5,37.0,3.066518847006652,34.13,-118.26,2.071
4.1964,32.0,4.907849829351536,36.96,-122.04,2.02
4.2851,34.0,5.767988252569751,32.62,-117.05,1.445
5.2642,5.0,4.709163346613546,37.31,-121.94,2.464
4.4911,20.0,5.906896551724138,37.97,-122.29,2.274
2.7788,18.0,7.04054054054054,33.84,-116.86,0.911
2.4398,52.0,4.794336810730253,38.29,-122.29,1.631
3.5109,29.0,4.6923076923076925,34.09,-117.88,1.86
7.521,19.0,5.804920913884007,33.87,-118.39,3.404
2.6447,42.0,5.740845070422536,37.77,-122.3,2.0
1.1384,25.0,3.4727272727272727,33.95,-118.25,1.0
2.3594,43.0,3.804560260586319,32.76,-117.12,1.278
6.1805,18.0,5.876388888888889,32.86,-117.19,2.724
3.0577,13.0,6.056085918854415,37.65,-120.94,1.19
2.7864,22.0,4.859832635983263,34.38,-119.53,3.0
3.6133,7.0,5.056213017751479,37.95,-121.96,1.961
2.0548,52.0,2.976470588235294,37.77,-122.42,1.625
1.7986,40.0,4.219607843137255,33.92,-118.26,0.989
3.0469,32.0,5.5625,36.56,-119.73,0.827
4.5057,52.0,4.8655462184873945,37.76,-122.39,3.216
3.6,43.0,5.109756097560975,37.68,-122.13,1.794
2.325,32.0,6.344827586206897,39.78,-122.16,0.696
3.2222,41.0,3.268292682926829,37.93,-122.35,1.563
2.83,22.0,6.1923076923076925,41.12,-121.47,0.887
2.2326,42.0,4.761467889908257,34.19,-118.16,1.492
4.2434,27.0,5.315457413249211,34.12,-118.08,2.705
2.9167,26.0,5.678714859437751,36.34,-119.87,0.839
3.75,38.0,5.770731707317073,37.86,-122.53,4.786
4.569,40.0,6.064171122994653,34.16,-118.43,3.339
2.5523,46.0,3.7610169491525425,33.99,-118.48,3.875
2.98,21.0,4.900990099009901,34.3,-119.15,2.592
1.85,14.0,4.541218637992832,36.09,-119.56,0.523
3.0833,10.0,6.3478260869565215,40.32,-122.23,0.813
6.7744,44.0,5.770700636942675,33.95,-118.14,2.941
3.4038,29.0,5.881443298969073,32.99,-115.41,1.078
5.0719,36.0,6.3247863247863245,33.84,-118.16,2.195
4.6978,24.0,5.663313212608987,37.56,-122.03,2.403
4.0926,42.0,4.525114155251141,33.89,-118.09,1.644
4.2212,27.0,4.662162162162162,34.18,-119.2,1.854
3.9355,41.0,4.296551724137931,33.91,-118.37,2.278
2.5388,23.0,3.721448467966574,34.14,-118.26,2.05
3.5481,35.0,4.547511312217194,34.13,-118.0,1.581
2.1767,13.0,4.050724637681159,32.75,-117.12,1.018
5.5608,34.0,6.08955223880597,33.94,-117.97,2.558
5.2128,49.0,5.781021897810219,36.97,-122.04,2.386
4.2031,8.0,5.520833333333333,38.55,-121.13,2.125
6.9081,18.0,8.207671957671957,38.09,-122.61,3.687
3.1607,42.0,3.6772727272727272,34.08,-118.28,1.82
4.1387,4.0,4.470167064439141,37.55,-121.96,1.625
3.5521,35.0,6.277777777777778,38.44,-122.69,1.683
3.996,25.0,5.643598615916955,37.68,-121.02,1.145
2.0186,27.0,3.5267857142857144,33.79,-118.18,1.3
2.2202,13.0,5.494140625,36.71,-119.25,1.0
3.0687,37.0,3.1531531531531534,34.17,-118.3,2.0
1.043,36.0,4.320588235294117,32.69,-117.13,0.901
2.5261,22.0,2.5966735966735968,34.02,-118.48,3.75
1.4804,52.0,4.041958041958042,37.79,-122.45,4.25
3.0132,44.0,4.094545454545455,37.88,-122.27,2.729
2.462,28.0,3.599609375,34.14,-118.24,2.54
3.9485,52.0,5.440251572327044,34.1,-118.15,4.191
1.689,31.0,3.800711743772242,33.97,-118.28,1.026
3.3839,36.0,5.621621621621622,38.26,-122.06,1.059
4.6371,9.0,4.306590257879656,37.29,-121.95,2.343
3.8029,16.0,4.43952802359882,33.7,-117.88,2.054
2.5599,42.0,2.8264462809917354,36.91,-121.75,1.514
5.6629,33.0,5.556053811659193,34.23,-118.42,1.867
6.8226,26.0,7.977678571428571,33.66,-117.95,3.298
5.3961,52.0,6.6871165644171775,37.74,-122.46,4.169
3.6273,7.0,6.651162790697675,33.61,-117.21,1.509
2.2543,29.0,3.136729222520107,33.78,-118.19,1.563
7.7569,6.0,7.972727272727273,33.0,-117.03,3.874
5.3369,40.0,5.709677419354839,34.15,-118.23,3.704
1.7552,24.0,4.418502202643172,39.35,-121.65,0.864
3.4634,37.0,5.505586592178771,34.1,-117.66,1.453
4.0526,44.0,5.724919093851133,37.94,-122.33,1.508
4.1429,33.0,4.984025559105431,34.05,-117.98,1.598
2.6667,50.0,4.746268656716418,37.79,-122.19,1.728
3.2338,34.0,5.177570093457944,38.14,-121.29,1.018
6.4753,8.0,7.841584158415841,37.97,-121.81,1.668
2.7026,38.0,3.331269349845201,34.04,-118.16,1.45
4.2411,27.0,6.436708860759493,35.27,-120.65,2.589
1.7574,43.0,4.410958904109589,37.94,-121.26,0.517
4.4934,34.0,6.225388601036269,33.86,-118.15,2.138
1.9038,35.0,4.1550802139037435,34.08,-118.19,1.395
3.1297,23.0,5.3973128598848366,35.39,-118.96,0.79
3.4914,44.0,5.963917525773196,38.58,-121.45,1.539
0.9288,26.0,4.28921568627451,35.32,-118.99,0.366
3.1204,32.0,4.596287703016241,33.91,-118.14,2.042
3.625,36.0,4.285714285714286,37.64,-120.96,0.675
3.3675,33.0,4.84144645340751,32.78,-117.02,1.582
3.6726,38.0,4.221843003412969,34.29,-118.43,1.546
2.4464,33.0,4.183157894736842,34.08,-117.64,1.226
1.1602,23.0,5.205882352941177,40.6,-123.11,0.65
3.725,35.0,4.114285714285714,34.02,-118.41,3.1
4.7266,16.0,6.053639846743295,32.92,-117.13,1.911
3.9191,17.0,5.798936170212766,34.06,-117.4,1.016
3.4375,45.0,4.205333333333333,34.02,-118.39,3.145
4.625,17.0,7.2594594594594595,37.03,-121.96,3.864
2.2287,29.0,3.707865168539326,32.76,-117.09,1.4
4.8382,45.0,5.4944444444444445,37.51,-122.25,2.894
5.2287,37.0,4.3657407407407405,33.82,-118.27,1.911
2.5357,19.0,5.994550408719346,41.76,-122.73,0.942
3.7083,31.0,4.8814935064935066,34.1,-117.9,1.66
4.8966,45.0,6.176646706586826,37.48,-122.24,3.621
1.5625,5.0,2.577181208053691,34.19,-119.18,0.875
3.2396,24.0,7.9072847682119205,38.92,-120.02,1.019
3.33,15.0,4.90979381443299,33.23,-117.33,1.279
1.3712,37.0,6.698863636363637,38.48,-123.01,1.183
3.815,37.0,5.783549783549783,38.25,-122.05,0.99
1.9038,34.0,2.3412322274881516,34.06,-118.31,3.25
3.5917,22.0,5.410526315789474,39.21,-123.19,1.188
1.4615,28.0,2.1839464882943145,34.05,-118.28,2.75
4.7778,6.0,7.358227848101266,34.5,-118.26,3.404
5.0362,19.0,4.491735537190083,37.44,-121.91,2.551
2.725,32.0,5.992395437262357,34.15,-119.22,4.5
5.3972,30.0,6.416666666666667,36.97,-122.04,3.623
4.1912,52.0,5.763285024154589,37.88,-122.28,2.545
4.0432,29.0,5.43141592920354,36.58,-121.88,4.5
2.6768,52.0,4.335078534031414,37.83,-122.26,1.823
2.8322,41.0,3.9271948608137044,37.68,-122.09,1.703
2.4461,17.0,4.9037037037037035,36.92,-121.74,1.517
6.7571,42.0,6.665178571428571,34.21,-118.2,4.439
4.5673,45.0,4.287878787878788,33.99,-118.45,3.431
2.1444,27.0,3.1112299465240643,34.14,-118.24,2.29
3.5278,25.0,5.144549763033176,38.55,-121.39,1.262
3.623,39.0,4.161264822134387,37.47,-122.23,2.766
2.8727,33.0,4.0948419301164725,36.6,-121.9,2.25
5.5514,26.0,6.618518518518519,33.72,-117.99,2.557
3.2,32.0,5.632958801498128,37.99,-122.04,1.345
4.85,34.0,5.35693215339233,34.0,-118.4,3.294
4.087,26.0,5.651376146788991,37.34,-121.83,1.825
1.9167,16.0,6.278829604130809,33.87,-116.54,0.704
4.7695,23.0,4.933970460469157,37.77,-122.27,2.917
3.0184,15.0,4.30498177399757,34.07,-117.98,1.394
3.625,13.0,5.479674796747967,36.61,-119.46,1.083
4.1852,44.0,4.991228070175438,33.96,-118.4,3.033
5.0862,37.0,5.281081081081081,34.23,-118.25,2.613
3.2569,14.0,5.438818565400844,34.72,-120.27,2.308
4.1859,6.0,5.745173745173745,37.52,-120.83,1.5
3.4773,31.0,4.611898016997167,32.79,-117.0,1.558
3.7413,24.0,5.555555555555555,38.03,-121.31,1.053
6.0132,25.0,6.675814751286449,38.12,-122.59,2.879
4.7,39.0,5.533333333333333,34.0,-118.45,3.347
0.9687,27.0,3.1849056603773587,37.94,-122.36,1.058
2.3917,10.0,6.589686098654709,35.27,-118.34,0.79
3.0101,12.0,4.74845869297164,34.58,-118.08,1.163
5.6403,23.0,6.936073059360731,33.85,-117.8,2.33
6.2742,20.0,7.055813953488372,37.32,-121.79,2.413
1.125,52.0,5.333333333333333,32.66,-117.12,0.6
4.7361,50.0,5.539393939393939,33.76,-118.14,4.188
6.8695,27.0,6.567357512953368,34.28,-118.49,3.194
5.2446,28.0,5.6140602582496415,34.04,-118.11,2.58
2.4828,25.0,4.085653104925053,32.75,-117.14,1.333
1.6875,22.0,4.307332293291732,38.24,-122.04,0.875
4.3542,5.0,4.479820627802691,33.57,-117.65,1.956
3.7292,14.0,5.423931623931624,32.81,-117.02,1.822
3.066,37.0,4.882706766917293,37.98,-121.32,0.941
5.3275,5.0,6.490059642147117,33.69,-117.39,1.687
5.552,7.0,8.329787234042554,33.17,-117.31,2.839
2.4201,46.0,4.8913813459268,38.1,-122.23,0.928
3.5525,7.0,5.273611111111111,33.9,-117.57,1.376
4.0208,36.0,5.027027027027027,34.24,-118.43,1.714
1.1681,37.0,4.149390243902439,32.7,-117.12,0.781
5.2336,34.0,6.382758620689655,33.88,-117.91,2.356
2.7431,14.0,4.204081632653061,34.15,-118.1,1.775
7.0565,32.0,7.2125,33.77,-117.82,3.246
3.9286,25.0,4.711640211640212,33.84,-117.88,2.627
3.5694,40.0,4.391156462585034,33.73,-118.3,2.764
5.1795,37.0,5.406360424028269,33.82,-118.13,2.254
4.0298,5.0,4.531128404669261,32.64,-117.04,2.256
4.5721,24.0,5.339331619537275,37.6,-122.03,2.147
4.2454,33.0,6.073746312684365,34.12,-117.87,1.838
3.875,39.0,4.589242053789731,32.83,-117.27,4.1
3.3281,25.0,5.102728731942215,33.8,-117.99,1.808
2.8839,11.0,4.591397849462366,36.85,-121.41,1.459
2.9647,12.0,5.410339256865913,39.16,-121.56,0.888
3.7404,16.0,5.376673040152964,36.32,-119.28,0.892
4.0579,5.0,4.876513317191283,34.59,-118.61,1.671
5.8819,18.0,6.355338223308883,34.13,-117.78,2.605
7.674,15.0,5.387878787878788,33.86,-118.38,3.293
3.0625,17.0,4.680555555555555,37.69,-122.45,0.875
3.5051,17.0,3.9865513928914504,34.16,-118.37,2.324
1.68,32.0,4.375224416517056,38.51,-121.46,0.841
3.371,17.0,4.04969696969697,33.76,-117.93,1.618
5.5693,38.0,7.263888888888889,37.99,-121.23,1.531
5.3168,18.0,6.638888888888889,37.53,-120.88,1.75
2.1875,22.0,4.552,36.93,-121.67,1.875
2.9143,27.0,5.334500875656743,40.77,-124.14,0.996
5.1032,18.0,3.726651480637813,37.45,-122.19,4.646
2.9937,27.0,5.33806146572104,36.79,-119.77,0.811
1.6797,52.0,4.396103896103896,39.73,-121.84,0.948
2.025,52.0,8.375,33.98,-117.37,1.25
7.8774,15.0,6.077160493827161,37.21,-122.09,3.949
1.5427,28.0,4.487394957983193,33.95,-118.25,0.957
4.0353,47.0,5.497797356828194,37.78,-122.51,3.422
6.3663,26.0,6.387370405278039,37.24,-121.92,2.794
1.4511,32.0,4.644688644688645,36.96,-120.07,0.652
3.4167,23.0,5.433915211970075,36.82,-119.79,1.052
2.6458,41.0,4.710743801652892,33.93,-118.27,0.913
6.2022,43.0,6.310344827586207,33.97,-118.41,3.659
5.0237,52.0,5.2559241706161135,34.16,-118.12,2.419
1.1875,29.0,4.244755244755245,35.39,-118.98,0.507
4.3056,39.0,5.9079754601226995,38.2,-122.66,2.513
2.775,31.0,5.160493827160494,39.1,-123.16,1.208
3.0568,19.0,4.267898383371825,38.47,-122.67,1.903
5.225,16.0,5.502906976744186,37.58,-122.07,2.137
4.1445,11.0,4.399096385542169,34.19,-118.36,1.764
4.2468,32.0,5.624288425047438,37.62,-122.03,2.212
2.8167,36.0,3.4476386036960984,33.95,-118.22,1.604
3.3864,25.0,4.436055469953775,34.21,-118.48,1.974
3.1979,32.0,4.516871165644171,34.02,-117.98,1.839
3.5414,22.0,3.728847245883021,33.84,-118.35,3.547
2.4667,21.0,5.118421052631579,37.93,-121.31,0.814
4.2703,36.0,5.966555183946488,33.83,-118.11,2.209
6.0424,4.0,5.431554524361949,38.03,-122.0,1.659
3.526,17.0,5.733606557377049,35.32,-120.84,1.839
2.131,38.0,3.208823529411765,34.02,-118.26,1.365
5.5,27.0,6.184039087947883,34.03,-118.09,2.768
2.314,42.0,4.265582655826559,38.46,-122.71,1.694
3.6629,33.0,5.383084577114428,34.01,-118.35,3.532
2.1635,36.0,5.032128514056225,35.5,-119.18,1.104
4.0488,33.0,4.902761104441777,32.7,-117.17,4.097
2.6458,23.0,4.382352941176471,32.83,-116.97,1.125
4.7437,52.0,5.420195439739413,37.74,-122.43,3.31
2.2045,41.0,5.122222222222222,39.48,-121.55,0.418
3.5915,21.0,4.580912863070539,33.47,-117.7,3.056
6.0335,38.0,5.252873563218391,33.86,-118.33,2.554
4.2222,52.0,4.442942942942943,37.76,-122.44,3.616
4.125,29.0,4.7781954887218046,34.28,-118.42,1.5
3.6641,32.0,5.614886731391586,38.53,-122.46,2.758
3.9038,49.0,4.5724907063197024,34.04,-118.39,3.083
3.6196,5.0,4.991044776119403,38.49,-121.52,1.528
4.5625,36.0,5.3903448275862065,34.16,-118.05,3.768
3.9036,11.0,6.155263157894737,38.66,-120.96,1.808
3.0774,27.0,2.8456375838926173,32.79,-117.25,2.75
3.8542,15.0,5.725806451612903,37.66,-120.96,1.452
3.6,29.0,4.044822256568779,33.9,-118.3,2.088
2.8913,23.0,5.038674033149171,36.43,-119.85,0.609
5.0527,15.0,6.09556313993174,33.48,-117.68,2.314
2.9107,35.0,3.5783132530120483,34.0,-118.08,1.509
3.5465,35.0,4.482861400894188,33.84,-118.13,2.132
2.6447,22.0,7.595588235294118,36.23,-118.74,1.375
1.6111,52.0,4.804878048780488,40.8,-124.16,0.747
3.9866,36.0,6.360128617363344,34.2,-118.32,2.944
6.6087,31.0,6.5,37.34,-122.05,4.165
4.5493,43.0,4.6923076923076925,37.66,-122.43,2.815
3.1071,40.0,3.951923076923077,33.71,-118.29,4.643
3.0199,20.0,5.212922173274596,34.08,-117.61,1.288
2.4861,15.0,5.467924528301887,36.94,-119.7,0.863
2.6458,10.0,4.360526315789474,36.71,-119.57,0.848
5.4091,22.0,6.819182389937107,34.26,-118.74,2.224
3.4042,33.0,4.769363166953529,37.38,-122.08,3.536
4.7097,12.0,6.505263157894737,34.56,-118.21,2.621
4.2891,24.0,6.082191780821918,38.42,-122.55,2.117
5.7385,28.0,5.538775510204082,37.25,-121.9,2.404
2.2917,19.0,5.695652173913044,39.12,-120.69,1.182
2.629,38.0,3.905683192261185,34.06,-118.09,1.716
2.3824,14.0,3.9296675191815855,32.75,-117.07,1.447
6.7837,19.0,6.328571428571428,33.89,-117.84,2.643
1.9657,20.0,4.852292020373515,40.47,-122.29,0.63
5.1616,29.0,5.518024032042724,37.54,-122.0,2.751
3.62,4.0,4.9629331184528604,37.69,-121.89,1.393
2.4191,3.0,6.274193548387097,37.99,-120.35,2.175
1.7396,34.0,3.9581589958158996,33.96,-118.24,1.059
3.3836,38.0,5.693581780538302,34.08,-117.65,1.449
1.7463,19.0,7.61214953271028,39.3,-122.51,0.688
1.4427,43.0,4.52051282051282,36.72,-119.77,0.477
2.4234,28.0,3.0234798314268514,37.83,-122.25,2.185
4.5913,24.0,5.141280353200883,37.63,-122.07,1.776
3.0526,24.0,4.5283950617283955,34.29,-118.46,1.833
3.6875,42.0,5.707865168539326,37.78,-122.17,1.573
2.4727,19.0,3.772296015180266,34.25,-118.29,1.75
4.4375,36.0,5.527331189710611,37.7,-122.16,1.935
2.543,37.0,4.550314465408805,34.08,-118.1,2.081
0.9365,28.0,3.043887147335423,37.96,-121.28,0.525
3.3713,35.0,4.780748663101604,32.79,-117.19,2.384
3.3214,43.0,4.264770240700219,34.04,-118.14,2.093
2.7802,22.0,4.2925373134328355,34.07,-117.97,1.625
4.25,35.0,6.7392638036809815,37.6,-122.5,2.417
3.2589,18.0,6.372146118721461,38.32,-120.88,1.03
3.65,13.0,4.44,37.67,-120.98,1.555
2.7188,26.0,6.828,41.07,-121.11,0.481
2.625,33.0,3.9642857142857144,34.0,-118.11,1.787
4.0208,52.0,5.169683257918552,37.74,-122.48,3.231
4.8929,21.0,6.415730337078652,33.2,-117.23,2.125
2.1898,30.0,4.509090909090909,40.18,-122.21,0.632
4.32,29.0,4.788643533123029,33.76,-117.98,1.969
6.0878,39.0,7.266081871345029,34.13,-118.04,4.302
4.0517,36.0,5.380597014925373,33.91,-118.09,1.622
1.5625,17.0,3.657142857142857,38.73,-120.76,1.083
6.2045,29.0,5.951923076923077,37.31,-122.04,3.938
1.2532,12.0,3.456445993031359,34.7,-118.14,1.021
3.6333,30.0,5.431578947368421,36.79,-121.32,2.025
5.3671,16.0,7.047808764940239,34.18,-117.4,1.818
3.8125,9.0,7.130909090909091,33.76,-116.24,0.967
2.3973,10.0,4.718220338983051,37.69,-122.12,1.673
2.8523,4.0,4.353448275862069,38.02,-121.3,0.875
4.6207,35.0,4.955684007707129,33.78,-118.3,3.041
4.4,31.0,4.665816326530612,34.01,-118.48,3.538
3.5865,35.0,5.372972972972973,33.89,-118.1,1.78
3.6094,29.0,4.930434782608696,34.09,-118.01,1.792
1.3971,37.0,4.642857142857143,33.96,-118.26,0.898
2.0625,52.0,4.323353293413174,34.01,-118.3,1.344
1.9575,24.0,4.528423772609819,36.79,-119.83,0.67
4.0882,52.0,4.312629399585921,37.79,-122.44,4.688
2.25,17.0,3.860377358490566,32.58,-117.1,1.328
4.337,37.0,4.035320088300221,33.99,-118.46,3.606
6.5356,15.0,5.233333333333333,33.66,-117.83,2.728
2.0,37.0,3.7296137339055795,33.94,-118.24,0.842
1.9811,16.0,6.10472972972973,34.19,-118.96,1.625
2.0807,13.0,4.869731800766283,38.78,-121.23,1.426
4.817,16.0,6.332129963898917,38.67,-121.19,1.47
2.2813,36.0,3.55625,34.02,-118.18,1.507
1.7308,26.0,4.9294710327455915,39.52,-121.56,0.536
5.4286,24.0,6.602649006622516,33.72,-117.97,2.734
2.7428,33.0,4.049242424242424,33.89,-118.29,2.089
2.7667,23.0,4.616702355460386,38.32,-122.29,1.532
1.962,43.0,4.5576923076923075,37.96,-121.27,0.527
0.8991,42.0,4.689922480620155,32.7,-117.13,0.789
2.3882,43.0,3.5902255639097747,37.77,-122.24,1.625
4.0658,25.0,5.788643533123029,34.06,-117.15,1.274
2.4706,31.0,4.156593406593407,34.06,-118.03,1.706
5.4834,26.0,6.619834710743802,37.72,-122.07,2.952
2.981,20.0,5.248502994011976,32.71,-117.01,1.291
6.2946,34.0,6.330112721417069,37.59,-122.41,4.5
3.6042,28.0,3.723529411764706,32.7,-117.1,0.956
2.75,5.0,3.889344262295082,33.64,-117.92,2.25
6.5214,16.0,7.053726169844021,37.67,-121.88,3.115
2.5444,35.0,3.3746223564954683,34.09,-118.35,2.361
3.375,9.0,3.1818181818181817,33.74,-117.86,1.653
4.6613,32.0,5.154228855721393,37.32,-122.01,2.84
2.0956,17.0,4.149100257069409,33.38,-117.25,1.344
3.0789,8.0,4.6518375241779495,33.94,-117.23,1.142
2.625,43.0,3.5346820809248554,33.98,-118.04,1.633
2.1468,33.0,3.2033898305084745,33.99,-118.2,1.417
7.0568,5.0,7.0234375,37.73,-122.06,4.125
3.2955,19.0,5.479490806223479,37.35,-120.6,0.886
1.899,39.0,3.601173020527859,34.96,-120.44,1.133
3.0521,29.0,5.987234042553191,38.54,-121.42,1.08
5.8541,22.0,6.448105436573312,33.66,-117.97,2.815
4.2109,9.0,8.318181818181818,34.45,-119.78,4.5
2.4659,52.0,5.782857142857143,37.76,-122.19,0.947
2.8323,40.0,5.386804657179819,35.17,-119.46,0.508
2.2679,50.0,5.185667752442996,39.21,-122.01,0.691
4.108,36.0,5.405144694533762,33.95,-118.02,1.812
5.1435,22.0,6.855882352941176,37.99,-121.81,1.508
5.0223,4.0,7.159627773801002,33.93,-117.21,1.526
3.8682,28.0,5.80030959752322,33.96,-117.43,1.165
2.0833,50.0,4.176315789473684,38.56,-121.48,0.943
1.7464,35.0,3.218,37.87,-122.27,2.167
2.8864,17.0,6.280936454849498,39.09,-121.07,1.431
5.4605,31.0,5.436813186813187,32.83,-117.22,1.902
3.1858,34.0,6.346153846153846,38.65,-121.38,1.095
4.9808,28.0,5.527196652719665,36.99,-122.01,2.631
2.6518,39.0,5.296786389413989,33.96,-118.3,1.363
4.53,35.0,5.601415094339623,33.86,-117.95,1.935
4.45,32.0,5.1561866125760645,34.24,-118.28,2.636
5.3991,29.0,6.380281690140845,37.59,-122.48,2.73
2.9293,22.0,3.6593932943054814,33.89,-118.12,1.708
3.816,7.0,5.658705216844751,38.8,-121.28,1.479
2.1779,36.0,4.490625,37.6,-120.98,0.584
2.8971,27.0,2.922779922779923,34.08,-118.31,2.511
5.4635,37.0,5.8108108108108105,34.06,-117.93,2.021
2.625,24.0,3.484251968503937,33.65,-117.91,2.179
2.5821,20.0,3.5811051693404634,38.58,-121.5,1.25
3.9926,14.0,5.555555555555555,36.32,-119.77,0.925
1.8781,29.0,3.751269035532995,34.06,-118.21,1.475
2.1377,30.0,3.3784135240572173,34.16,-118.14,1.423
5.1433,16.0,6.306264501160093,32.93,-117.15,1.853
2.6149,19.0,4.98389458272328,40.2,-122.21,0.844
3.225,44.0,5.854984894259819,37.75,-122.15,1.358
3.89,36.0,5.805471124620061,33.72,-117.88,1.7
3.1746,22.0,3.665924276169265,34.02,-118.42,3.488
2.7569,21.0,5.315852205005959,34.08,-117.42,1.275
1.4867,35.0,3.976435935198822,34.27,-118.42,1.24
4.1731,37.0,5.5625,34.19,-118.32,3.521
4.6125,16.0,6.109090909090909,36.9,-121.71,2.538
6.0804,6.0,7.034690799396682,38.72,-121.27,1.987
2.2321,21.0,5.803191489361702,41.54,-120.87,0.346
2.16,39.0,3.7088607594936707,34.42,-119.71,2.591
2.9896,12.0,5.016863406408095,38.56,-121.34,1.186
3.5719,19.0,4.387329591018444,33.73,-117.81,2.528
1.6607,16.0,6.7105263157894735,39.71,-122.74,0.14999
7.6245,21.0,6.663822525597269,36.55,-121.7,3.366
2.4348,31.0,2.6780575539568345,34.07,-118.3,2.306
4.375,35.0,5.173913043478261,34.05,-117.95,1.565
5.2897,35.0,5.775910364145658,33.88,-117.9,2.304
4.9792,35.0,4.9058441558441555,33.86,-118.3,2.513
6.746,5.0,7.080645161290323,34.05,-117.14,2.041
6.8197,44.0,5.865625,33.96,-118.4,3.636
2.9506,35.0,5.063457330415755,36.79,-119.81,0.738
2.8942,45.0,4.45609756097561,36.67,-121.62,1.29
4.224,43.0,5.655097613882863,37.49,-122.25,3.496
1.0612,15.0,2.5535714285714284,32.75,-117.21,3.0
6.6176,18.0,6.464379947229552,37.45,-121.9,2.762
1.6047,10.0,4.8669950738916254,34.58,-117.41,0.734
4.5604,4.0,6.737383177570093,38.47,-121.38,1.459
2.7148,42.0,4.222052067381317,34.17,-118.14,1.668
1.2175,52.0,2.890909090909091,34.01,-118.28,1.313
2.84,41.0,4.07900677200903,33.94,-118.21,1.561
4.5568,33.0,6.1370786516853935,32.8,-117.13,1.753
3.6033,9.0,4.946764091858038,34.1,-117.61,1.326
1.3846,26.0,3.156779661016949,34.05,-118.21,1.292
3.2228,28.0,3.58004158004158,34.03,-118.39,2.325
4.0781,36.0,5.605263157894737,33.85,-118.15,2.173
2.6321,21.0,4.132264529058117,37.7,-122.13,2.231
3.2583,32.0,5.226221079691516,32.84,-117.2,1.814
3.6181,35.0,5.513833992094861,37.58,-120.76,1.786
1.8849,27.0,4.935643564356436,39.15,-121.63,0.735
2.537,24.0,4.637305699481865,37.75,-122.16,1.079
2.3125,48.0,5.424657534246576,39.24,-121.04,1.257
1.972,13.0,4.838235294117647,33.71,-117.09,0.905
2.0,43.0,2.496732026143791,34.07,-118.25,1.75
5.0758,35.0,6.378,34.05,-117.91,2.111
5.4925,26.0,6.220159151193634,33.82,-118.31,3.617
1.8152,17.0,4.22365988909427,34.06,-117.16,0.943
3.9333,26.0,4.668478260869565,33.83,-118.0,1.961
3.9485,35.0,6.271794871794872,32.72,-117.05,1.339
2.7157,25.0,3.7865497076023393,33.77,-117.97,3.5
3.8571,36.0,5.446043165467626,32.79,-117.19,2.351
4.0812,45.0,5.023076923076923,33.88,-117.93,2.417
5.1721,17.0,7.501118568232662,38.74,-121.16,2.371
3.8661,6.0,5.924432081594808,35.62,-120.67,1.681
5.0,41.0,6.790123456790123,37.74,-122.13,2.489
3.215,19.0,4.837931034482758,38.26,-121.3,1.046
6.0808,35.0,4.969072164948454,34.27,-118.31,2.156
6.0936,35.0,6.46524064171123,37.28,-121.89,3.654
3.0571,49.0,4.426829268292683,32.74,-117.16,4.188
4.0408,15.0,5.989130434782608,33.08,-116.84,2.259
3.4583,36.0,6.4104803493449785,37.7,-122.15,1.926
2.3029,45.0,4.472602739726027,34.18,-118.15,1.488
3.9826,25.0,5.745980707395498,33.03,-117.27,2.158
2.8077,31.0,4.17910447761194,33.74,-117.88,1.403
3.3472,42.0,3.452513966480447,33.94,-118.2,1.542
4.1375,43.0,5.181208053691275,33.82,-118.12,2.26
5.3946,27.0,4.9411764705882355,39.15,-121.63,0.718
3.6484,16.0,3.456268221574344,33.61,-117.7,3.226
4.2654,8.0,5.936582501467997,33.93,-117.25,1.376
3.1953,15.0,5.178571428571429,36.8,-119.72,0.857
3.5506,18.0,4.944333996023857,38.51,-122.47,1.875
3.2222,24.0,3.836236933797909,34.03,-118.4,3.194
2.8125,29.0,4.333679833679834,37.72,-122.15,1.574
1.3929,52.0,5.0,37.92,-122.36,1.042
3.017,31.0,5.036559139784946,36.55,-119.38,0.72
2.8214,29.0,4.763527054108216,36.94,-121.8,1.901
2.3333,42.0,4.931924882629108,38.67,-121.18,1.16
3.6838,13.0,6.329305135951661,38.03,-120.28,1.457
6.6122,4.0,7.568645219755324,34.18,-118.75,3.576
1.5625,21.0,3.930909090909091,39.4,-123.36,0.715
2.5481,33.0,4.4078125,38.0,-122.13,1.508
7.9606,34.0,6.504545454545455,37.9,-122.55,4.534
2.9779,30.0,4.422976501305483,33.88,-118.16,1.695
3.3295,17.0,6.144444444444445,38.92,-120.0,1.266
2.6136,47.0,3.2220543806646527,34.08,-118.25,1.692
3.3565,26.0,4.169491525423729,33.82,-118.36,3.608
2.4375,15.0,5.128440366972477,40.15,-122.25,0.592
2.2844,27.0,4.104542177361211,38.62,-121.39,1.705
2.1719,17.0,5.808743169398907,33.73,-117.81,2.613
3.765,48.0,4.5894308943089435,33.87,-118.17,1.648
2.7216,32.0,5.366594360086768,33.12,-117.07,1.463
4.4773,28.0,5.570909090909091,34.31,-118.45,1.731
2.85,15.0,2.839517625231911,34.19,-118.58,1.875
2.9422,38.0,4.582048957388939,32.74,-117.17,2.894
3.5,43.0,4.5078740157480315,37.53,-122.27,2.674
3.2333,39.0,5.158441558441559,37.95,-122.34,1.351
4.7543,27.0,5.3568,33.87,-118.31,2.963
3.3523,25.0,4.997245179063361,34.07,-117.94,1.708
2.2083,31.0,4.441860465116279,34.06,-118.09,1.856
5.997,19.0,5.805015673981191,34.22,-118.35,2.287
2.2813,41.0,3.842931937172775,34.02,-118.13,1.92
4.4135,32.0,5.403846153846154,37.98,-122.33,1.501
2.875,38.0,4.2133891213389125,37.72,-122.16,1.448
4.5893,52.0,6.273712737127371,37.89,-122.28,2.901
4.2917,13.0,6.4605263157894735,38.44,-120.69,1.213
4.9777,34.0,6.407894736842105,33.85,-117.99,2.126
4.0357,36.0,5.103448275862069,33.96,-118.1,1.625
2.0549,44.0,3.8976833976833976,37.35,-121.89,1.938
2.6607,22.0,6.508021390374331,39.34,-121.67,0.846
3.1062,29.0,4.6183206106870225,36.92,-121.74,1.56
4.7367,14.0,5.9375,32.74,-116.76,2.145
2.9934,20.0,6.207207207207207,38.97,-122.92,1.342
6.2096,14.0,5.365079365079365,33.18,-117.28,1.781
1.5357,52.0,3.879120879120879,38.44,-122.72,1.375
3.2188,52.0,5.281456953642384,33.97,-118.31,1.242
2.9258,26.0,4.302005012531328,32.8,-117.24,2.348
3.7301,52.0,5.147971360381861,37.68,-121.76,2.044
6.2661,4.0,6.290155440414508,33.51,-117.68,2.685
3.15,44.0,5.446376811594203,38.54,-121.43,1.015
4.6042,36.0,5.940919037199125,33.75,-118.31,3.573
2.0043,29.0,4.92332268370607,36.71,-119.8,0.535
3.5179,33.0,4.709677419354839,38.36,-121.99,0.844
1.9688,40.0,3.8967971530249113,34.04,-118.19,1.5
4.0585,29.0,6.530275229357798,33.16,-117.33,2.455
5.1345,27.0,5.5,33.75,-117.98,2.106
5.25,41.0,3.4782608695652173,33.92,-118.39,2.472
1.6315,29.0,4.426491994177583,39.26,-121.67,0.58
6.019,42.0,5.7024539877300615,33.97,-118.38,2.945
4.0855,52.0,5.29723991507431,37.58,-122.35,4.108
3.5403,36.0,6.226244343891403,33.91,-117.9,1.954
1.3365,37.0,2.317773788150808,37.76,-122.42,2.25
2.9208,28.0,5.415094339622642,36.04,-118.92,0.985
4.1,21.0,5.816031537450723,38.49,-121.51,1.583
4.875,27.0,7.260869565217392,33.45,-117.64,2.841
4.2472,36.0,5.632768361581921,37.7,-122.54,2.925
2.0119,17.0,5.388781431334623,40.66,-122.36,0.758
3.7262,36.0,5.01423487544484,37.61,-122.03,1.649
0.9722,10.0,2.6923076923076925,37.8,-122.27,1.375
7.0879,16.0,6.96969696969697,33.76,-118.04,3.388
3.5789,40.0,4.880681818181818,37.74,-121.43,1.104
2.2106,35.0,4.521739130434782,37.84,-122.29,1.325
2.936,17.0,3.300337457817773,34.2,-118.44,2.325
6.1062,16.0,7.30188679245283,33.65,-117.69,2.746
6.0723,34.0,6.143776824034335,33.96,-118.12,2.972
3.15,52.0,4.765714285714286,37.86,-122.27,2.063
3.9615,45.0,4.361746361746362,34.02,-118.38,2.686
5.5798,33.0,6.4185733512786,34.17,-118.63,3.382
6.5799,26.0,5.835106382978723,33.86,-118.27,1.966
3.5528,27.0,4.073627844712182,33.77,-118.15,2.711
4.3214,35.0,5.6558441558441555,34.41,-119.72,3.418
2.1806,45.0,4.02928870292887,34.04,-118.19,1.349
4.7891,28.0,4.578274760383387,37.96,-121.97,1.848
5.0947,14.0,5.076923076923077,32.68,-117.04,1.527
4.506,26.0,5.500676589986468,33.74,-117.99,2.4
1.845,24.0,3.1207977207977207,34.1,-118.35,2.375
3.6667,26.0,6.122340425531915,34.09,-117.66,1.663
2.5754,23.0,5.30064308681672,33.2,-117.35,1.697
4.5606,31.0,4.437598736176935,33.71,-118.29,3.038
2.6983,49.0,4.586894586894587,34.42,-119.72,2.601
3.5081,23.0,6.169603524229075,40.52,-122.33,1.167
4.4643,40.0,5.4787234042553195,37.62,-122.42,3.081
3.1985,29.0,5.078125,33.94,-117.48,1.173
3.2566,36.0,4.926421404682274,34.09,-117.72,1.518
3.4583,41.0,4.582945736434109,34.02,-118.45,4.219
4.3977,49.0,5.8047138047138045,37.76,-122.49,3.536
4.235,16.0,5.115492957746479,37.59,-122.08,1.563
2.1324,36.0,3.671186440677966,34.03,-118.36,1.438
3.575,18.0,3.5566265060240965,37.41,-122.09,2.74
3.101,29.0,4.004744958481614,32.8,-117.24,2.382
3.7426,20.0,5.940677966101695,38.68,-121.24,1.355
1.5078,22.0,3.96684350132626,34.04,-118.16,1.819
2.3241,43.0,3.5569620253164556,33.96,-118.21,1.593
2.1348,52.0,4.7343283582089555,37.8,-122.24,1.406
3.2917,30.0,5.608,33.87,-117.58,1.443
5.3344,12.0,7.594235033259423,38.58,-121.0,2.175
1.6065,47.0,3.5303030303030303,33.97,-118.23,1.114
2.1389,16.0,4.31665228645384,33.89,-118.23,1.334
3.2723,9.0,6.34640522875817,34.09,-116.4,0.978
5.9658,17.0,5.873076923076923,37.27,-121.99,2.78
2.3,25.0,3.5812101910828025,33.96,-118.17,1.642
3.2216,34.0,6.252615844544096,40.86,-124.06,0.981
2.2888,46.0,5.317865429234339,38.16,-121.69,0.949
1.0521,40.0,4.451882845188284,37.94,-122.37,0.691
1.8163,33.0,4.883720930232558,36.54,-119.28,0.574
4.763,11.0,5.184824902723736,34.28,-119.16,2.327
4.2137,13.0,5.1537242472266245,38.34,-121.99,1.517
4.2014,35.0,5.782608695652174,32.81,-116.88,1.432
3.858,24.0,7.662162162162162,38.47,-122.65,2.144
2.6087,21.0,5.193029490616622,37.25,-121.0,0.962
1.8173,31.0,3.0076335877862594,34.08,-118.22,1.542
3.0938,7.0,4.966580976863753,36.79,-119.87,0.767
3.0253,29.0,5.6732600732600735,39.75,-121.82,1.114
1.8977,28.0,2.7169811320754715,34.09,-118.31,1.0
3.788,35.0,5.714025500910747,38.6,-121.37,1.368
3.6745,31.0,4.532182103610675,34.18,-118.42,3.355
2.286,38.0,3.5962732919254656,34.11,-118.19,1.693
3.6453,32.0,5.278532608695652,34.37,-119.06,2.017
4.2448,10.0,4.823889739663094,34.26,-119.21,1.573
3.875,15.0,5.058405682715075,34.1,-117.87,1.733
3.3922,26.0,3.8627450980392157,37.28,-121.98,2.691
3.6458,37.0,5.182080924855492,37.63,-122.08,1.566
3.8594,45.0,5.413793103448276,34.15,-117.3,0.908
1.7806,24.0,4.058732612055642,34.07,-117.68,1.35
1.1094,49.0,3.7735849056603774,37.95,-121.28,0.525
4.1843,12.0,6.33008356545961,38.62,-120.91,2.076
1.6156,34.0,4.035019455252918,33.96,-118.28,1.021
1.9961,13.0,4.996287128712871,33.73,-116.99,0.978
5.1184,41.0,6.088235294117647,37.8,-122.2,2.396
4.2222,18.0,6.436314363143631,34.64,-120.08,3.75
6.2787,18.0,7.307128580946036,32.81,-116.99,2.5
3.2188,34.0,4.623145400593472,33.93,-118.08,1.651
1.7386,38.0,4.129032258064516,37.94,-121.27,0.52
3.3239,9.0,5.610955056179775,36.82,-119.85,0.913
3.8846,39.0,4.8301158301158305,33.9,-118.07,1.641
4.1321,35.0,5.3760683760683765,33.93,-117.97,1.981
1.3187,23.0,4.717451523545706,34.02,-118.31,1.271
6.0,20.0,6.007707129094412,38.87,-121.19,2.094
1.125,18.0,4.549112426035503,38.94,-122.63,0.818
2.3347,36.0,4.4760994263862335,34.05,-117.66,1.04
3.9583,19.0,4.842293906810036,34.31,-118.42,1.632
4.6458,18.0,5.719266055045871,34.22,-119.04,2.228
3.5125,11.0,4.277860326894502,32.58,-117.06,1.424
3.6583,37.0,4.382352941176471,34.0,-118.16,1.505
6.8564,42.0,6.4520547945205475,33.95,-118.14,3.0
4.3015,21.0,5.858823529411764,37.67,-121.32,2.5
3.375,13.0,7.25,37.93,-120.25,1.341
6.917,38.0,6.890710382513661,37.87,-122.17,4.38
2.5625,15.0,5.341463414634147,38.75,-120.86,1.461
4.8603,52.0,6.776758409785932,38.55,-121.48,1.919
6.396,35.0,5.863636363636363,37.62,-122.04,2.085
3.225,21.0,4.514869888475836,32.8,-117.23,2.294
6.1642,13.0,6.541353383458647,38.78,-121.18,2.778
2.75,13.0,5.275204359673024,37.32,-120.5,0.832
2.978,41.0,4.01747572815534,34.11,-118.27,3.068
2.1029,46.0,3.7325581395348837,34.06,-118.2,1.094
4.4091,36.0,6.22672064777328,37.62,-122.42,3.179
4.6591,27.0,6.4964200477326965,34.26,-118.49,2.399
3.7153,16.0,3.2144578313253014,37.39,-121.87,2.298
4.4213,11.0,7.34593572778828,37.74,-121.11,1.827
1.7689,30.0,3.9565846599131693,33.8,-118.18,1.176
2.9306,40.0,4.635235732009925,34.17,-118.32,2.793
3.6641,25.0,5.080733944954129,34.16,-118.42,3.861
2.2768,14.0,5.132553606237817,40.46,-122.27,0.786
2.4821,26.0,4.125,32.76,-117.12,1.236
3.5417,16.0,5.311643835616438,36.79,-119.68,0.713
1.5536,39.0,3.2965931863727453,33.77,-118.18,1.55
2.5379,33.0,5.842677824267782,33.89,-117.28,1.527
3.733,23.0,5.784552845528455,38.34,-122.69,1.635
1.875,43.0,4.675,36.2,-119.9,1.375
3.0481,21.0,4.214501510574018,32.78,-117.18,2.1
5.234,15.0,6.533169533169533,39.15,-121.64,1.249
1.5714,39.0,3.830357142857143,36.52,-119.29,0.43
5.154,24.0,5.791452991452991,37.31,-122.04,3.551
4.8393,36.0,6.248062015503876,33.85,-118.11,2.163
4.5,52.0,6.5,36.96,-122.06,2.583
6.0705,30.0,6.627565982404692,33.81,-117.82,2.367
2.75,37.0,4.069915254237288,32.76,-117.15,1.75
1.9034,48.0,3.5758266818700113,38.57,-121.47,1.239
3.5189,15.0,5.489010989010989,39.82,-121.68,1.413
2.6619,25.0,4.090425531914893,34.13,-117.9,1.176
1.4015,35.0,4.098591549295775,35.35,-119.0,0.487
3.3618,34.0,5.114967462039045,37.69,-121.78,1.746
5.2962,38.0,6.148148148148148,34.14,-118.19,2.915
2.4643,35.0,3.892514395393474,34.23,-119.12,1.82
1.8814,43.0,3.8662207357859533,33.95,-118.27,0.949
6.979,17.0,6.7057057057057055,33.67,-117.97,3.307
2.1473,41.0,3.4161849710982657,33.97,-118.24,1.151
3.8934,52.0,5.567233384853169,37.73,-122.43,2.518
3.7083,31.0,3.8012048192771086,34.16,-118.29,2.419
3.1439,9.0,5.542196531791907,40.62,-122.4,1.031
2.3214,48.0,4.367901234567901,34.04,-118.36,1.394
6.3761,16.0,6.366071428571429,33.03,-117.04,2.962
2.2212,41.0,3.7875,35.37,-119.0,0.555
2.7813,23.0,6.709302325581396,33.06,-116.6,1.729
3.9844,18.0,5.54983388704319,32.74,-116.99,2.153
1.4886,52.0,4.862745098039215,37.76,-122.38,4.5
2.4107,38.0,5.36231884057971,34.15,-117.3,0.88
2.4519,25.0,4.430147058823529,37.95,-122.02,2.083
3.0912,21.0,5.225127087872186,38.26,-122.05,1.263
2.1571,13.0,4.713114754098361,41.32,-122.3,0.815
7.3252,24.0,6.7384615384615385,34.22,-118.61,3.337
1.0208,29.0,4.9543726235741445,38.55,-121.47,0.558
6.357,4.0,6.114372469635628,32.95,-117.22,3.225
3.9205,43.0,5.407407407407407,37.75,-122.49,3.191
3.163,13.0,4.055681818181818,33.79,-118.3,2.242
5.2894,16.0,5.348710990502036,37.25,-121.94,3.328
3.5464,15.0,5.06509253350351,38.24,-122.07,1.298
4.2061,16.0,3.4104938271604937,37.36,-122.01,2.536
2.6055,36.0,4.9748427672955975,36.78,-119.82,0.692
5.5779,16.0,5.938223938223938,33.65,-117.65,2.348
3.5536,34.0,5.218333333333334,37.71,-122.45,2.51
3.8864,33.0,4.2175141242937855,34.04,-117.94,1.589
4.4306,52.0,5.4665012406947895,34.09,-118.15,2.258
4.1528,15.0,6.19327731092437,35.34,-119.08,1.301
4.675,33.0,6.360153256704981,37.99,-122.12,2.254
1.9798,41.0,5.218543046357616,33.95,-118.25,0.981
3.3095,36.0,5.473118279569892,33.89,-118.25,1.055
2.5902,17.0,4.307913669064749,34.68,-118.16,0.854
4.88,21.0,5.882089552238806,33.83,-118.06,3.439
2.1074,24.0,3.2549019607843137,33.65,-117.91,1.813
1.165,27.0,5.670588235294118,39.03,-122.66,0.533
3.15,26.0,4.724691358024692,34.04,-117.73,1.297
2.5588,35.0,3.2589285714285716,32.7,-117.13,0.788
4.5208,33.0,5.510548523206751,37.26,-121.92,2.307
3.96,45.0,4.944099378881988,37.76,-122.54,2.722
2.5969,47.0,4.843866171003717,38.1,-122.23,0.928
5.8632,52.0,6.956228956228956,34.07,-118.34,4.5
5.6152,38.0,5.989510489510489,34.12,-118.09,3.599
2.9038,43.0,5.673417721518987,40.78,-124.16,0.82
6.9664,11.0,7.592705167173253,32.66,-117.01,2.939
2.2102,37.0,4.201986754966887,32.69,-117.1,0.872
4.2708,15.0,5.146302250803859,33.7,-117.92,1.617
0.9817,32.0,3.227146814404432,34.0,-118.08,1.663
2.9338,11.0,5.977161500815661,40.65,-122.31,1.416
4.875,15.0,6.720833333333333,32.91,-117.15,1.693
3.2091,29.0,4.218905472636816,37.66,-122.11,1.5
6.0902,29.0,6.121160409556314,38.03,-122.55,2.932
2.5595,18.0,5.44206008583691,36.8,-119.86,0.679
6.5958,17.0,6.95703125,34.02,-117.72,2.368
2.3704,38.0,4.08235294117647,33.85,-117.92,1.661
4.9485,11.0,5.9948914431673055,32.95,-117.11,2.318
6.0062,17.0,6.262536873156342,37.24,-121.78,2.627
4.2614,36.0,5.690384615384615,37.29,-121.89,2.688
2.6146,43.0,5.634408602150538,36.73,-119.89,0.813
2.4206,19.0,3.7196132596685083,37.7,-122.11,1.375
5.7652,18.0,6.6895874263261295,33.87,-118.07,2.991
4.2639,26.0,5.901075268817205,34.08,-117.71,1.542
4.4015,36.0,4.978125,33.82,-118.27,1.669
3.0788,44.0,4.594366197183098,33.94,-118.28,1.0
1.9208,39.0,3.291946308724832,33.79,-118.25,1.398
1.9402,43.0,2.8190709046454767,34.05,-118.22,1.393
3.2361,28.0,3.654054054054054,34.1,-118.07,1.875
2.4583,35.0,3.7419354838709675,33.19,-117.38,1.979
2.2029,51.0,5.678403755868545,36.76,-119.81,0.542
7.2419,38.0,7.173684210526316,34.17,-118.06,4.104
2.2778,41.0,5.333333333333333,33.93,-118.29,1.281
2.3977,52.0,5.32345013477089,33.98,-118.31,1.122
1.6354,37.0,2.7058823529411766,34.01,-118.16,1.589
2.1771,15.0,4.392496392496392,36.97,-121.99,2.132
2.5,22.0,3.7587354409317806,32.8,-117.16,1.778
2.2589,33.0,4.3264516129032256,34.19,-118.42,2.697
5.1514,19.0,6.204918032786885,37.11,-121.66,4.367
4.7813,5.0,5.703994760969221,32.75,-116.91,2.409
4.875,18.0,6.028871391076115,37.5,-122.47,3.346
2.5156,49.0,4.136246786632391,34.02,-118.34,1.366
1.2446,27.0,4.1477272727272725,34.02,-118.3,1.038
2.3516,21.0,4.540983606557377,35.97,-119.42,0.475
5.0907,21.0,6.239971346704871,33.54,-117.75,3.782
3.4449,32.0,5.156199677938808,34.17,-118.43,2.929
2.4937,31.0,5.278026905829597,36.65,-120.25,0.66
1.4653,38.0,3.383495145631068,34.01,-118.26,1.188
1.7574,11.0,4.0,39.42,-123.85,1.5
5.4042,34.0,5.945205479452055,33.97,-118.13,2.416
3.6294,18.0,3.4987951807228916,37.28,-121.94,2.4
2.25,19.0,4.436708860759493,36.52,-119.28,0.532
3.0114,33.0,4.668094218415417,33.88,-118.16,1.67
4.0467,8.0,6.05985401459854,33.9,-117.22,1.215
4.7933,37.0,6.0,37.67,-122.14,1.869
4.0484,15.0,5.389915966386555,33.8,-117.82,1.656
2.9,12.0,3.662847790507365,34.17,-118.29,2.083
3.9519,15.0,6.907496012759171,32.64,-116.99,1.935
5.3735,36.0,5.681818181818182,33.83,-118.1,2.344
1.516,28.0,4.4032786885245905,36.59,-119.44,0.567
2.8068,24.0,4.391203703703703,38.68,-121.79,0.953
3.3125,11.0,5.361736334405145,38.69,-121.46,0.968
2.9219,17.0,6.113960113960114,38.73,-120.71,1.413
4.8787,23.0,6.660828025477707,38.15,-121.29,1.753
2.2452,35.0,6.136842105263158,38.6,-121.42,1.028
3.0833,39.0,5.715277777777778,38.61,-121.37,1.141
2.8344,20.0,4.8730407523510975,38.79,-123.1,1.644
3.2368,40.0,4.268115942028985,33.88,-118.2,1.369
3.625,52.0,4.290094339622642,33.84,-118.31,2.707
3.15,49.0,5.83,36.77,-119.81,0.722
2.7857,14.0,7.334346504559271,40.48,-121.55,0.774
5.5,26.0,5.735384615384615,37.26,-121.89,2.317
2.875,49.0,5.264615384615385,37.71,-122.46,2.25
3.46,31.0,4.457575757575758,33.93,-117.96,2.328
3.7184,42.0,4.781321184510251,34.1,-118.25,2.773
5.1698,26.0,5.057591623036649,34.27,-118.75,1.88
5.7157,26.0,6.292631578947368,33.75,-118.02,2.312
3.9464,33.0,5.507518796992481,34.38,-119.06,2.303
3.0181,10.0,5.758620689655173,34.51,-117.28,1.004
5.7358,7.0,6.450746268656716,32.63,-117.01,2.216
1.4712,12.0,5.251937984496124,36.98,-120.06,0.604
3.5305,30.0,5.926724137931035,40.2,-122.19,0.736
3.8233,36.0,5.18974358974359,32.75,-117.05,1.398
2.6776,31.0,4.868888888888889,33.93,-117.48,1.22
5.482,49.0,6.131696428571429,37.75,-122.47,3.663
2.7464,21.0,3.8264550264550263,33.97,-118.37,1.531
4.0962,20.0,4.034090909090909,37.29,-121.94,2.141
4.0077,17.0,4.465478841870824,34.22,-118.59,2.29
6.7528,30.0,6.890374331550802,33.89,-117.94,4.596
2.5,17.0,6.1040189125295505,37.48,-119.84,1.042
3.9917,17.0,4.394136807817589,33.63,-117.95,2.716
6.828,36.0,6.109375,37.38,-122.08,3.839
2.0133,35.0,3.0200803212851404,34.07,-118.22,1.458
1.324,19.0,3.3105646630236794,32.68,-117.08,1.226
0.536,33.0,4.928571428571429,37.44,-121.31,1.125
3.1205,16.0,3.728476821192053,33.87,-117.99,1.74
4.2917,6.0,5.142276422764228,36.29,-119.79,1.042
2.2417,30.0,3.420135527589545,33.85,-118.19,1.519
2.4196,34.0,3.5202086049543677,33.97,-118.19,1.784
4.9,12.0,6.56648451730419,38.72,-121.24,2.037
5.6436,6.0,6.574750830564784,33.05,-117.05,2.786
1.6378,26.0,4.981927710843373,36.21,-119.35,0.603
2.2321,46.0,4.927272727272728,34.15,-118.09,2.375
2.2961,35.0,4.119705340699816,34.04,-118.38,2.077
4.51,22.0,5.858597285067873,34.1,-117.85,1.899
5.305,5.0,5.562096195262025,34.4,-118.52,3.112
3.7578,16.0,2.539473684210526,34.2,-117.38,1.375
3.425,36.0,3.6749654218533885,34.07,-118.3,2.817
3.1672,8.0,5.524832214765101,34.04,-117.61,1.502
4.6167,11.0,4.694835680751174,34.09,-117.61,1.44
5.9055,24.0,6.470822281167108,33.65,-117.88,4.773
1.933,15.0,5.431372549019608,37.05,-120.82,1.406
5.5194,18.0,7.543175487465181,34.62,-120.09,3.67
4.0324,22.0,5.5363790186125215,33.99,-117.89,2.113
2.8021,14.0,6.239175257731959,34.43,-117.11,1.112
3.2643,29.0,3.688082901554404,34.14,-118.13,1.639
6.0948,52.0,7.795454545454546,34.14,-118.11,3.587
5.4011,15.0,5.385744234800838,33.75,-118.11,3.464
6.2642,48.0,5.9798994974874375,37.73,-122.49,4.385
3.5469,28.0,5.863013698630137,38.02,-122.93,2.0
2.5833,28.0,5.520833333333333,36.32,-119.68,0.544
3.0179,28.0,4.310405643738977,33.82,-117.93,1.988
5.4132,4.0,4.754690757470466,33.65,-117.64,2.166
3.8917,11.0,7.147163120567376,34.99,-118.61,1.208
2.3015,36.0,5.2846299810246675,32.76,-117.06,1.568
1.375,35.0,4.058098591549296,33.97,-118.28,1.0
4.9237,4.0,6.310280373831776,34.66,-120.47,1.666
4.0673,35.0,5.386885245901639,38.68,-121.38,0.842
2.5729,39.0,3.3664921465968587,33.96,-118.24,0.973
1.4194,10.0,4.108860759493671,36.33,-119.66,0.581
2.75,19.0,3.735632183908046,33.93,-118.24,0.906
2.4132,11.0,4.198895027624309,33.64,-117.84,1.983
2.6012,16.0,5.280737704918033,39.15,-123.19,1.256
4.6833,17.0,6.077961019490255,37.61,-120.95,1.422
3.5585,16.0,4.560869565217391,33.07,-117.3,2.848
4.2852,24.0,5.447928331466965,37.99,-122.32,1.735
2.0,31.0,3.8943758573388205,33.95,-118.29,1.098
6.135,11.0,6.622727272727273,37.98,-122.11,2.973
2.4844,35.0,5.649819494584838,38.68,-121.38,0.77
6.4044,25.0,7.11617312072893,34.18,-118.62,3.331
2.7659,10.0,5.364192807957154,35.28,-119.01,0.775
3.3608,5.0,5.00972590627763,38.47,-121.44,1.089
3.5536,35.0,6.098360655737705,34.08,-117.92,2.07
3.7312,31.0,4.635021097046414,34.16,-118.38,3.194
4.5625,12.0,6.6796246648793565,33.99,-117.44,1.713
3.575,52.0,4.695652173913044,37.75,-122.43,3.968
4.4347,14.0,6.0914512922465205,32.86,-116.96,1.603
4.1667,9.0,5.583219645293315,34.03,-117.29,1.977
4.0798,25.0,5.245136186770428,38.45,-122.74,1.792
1.7976,40.0,3.2188449848024314,34.03,-118.28,1.646
5.2639,28.0,6.023454157782516,33.85,-118.1,2.42
4.0909,52.0,5.358974358974359,34.14,-118.2,2.042
2.95,13.0,4.515151515151516,33.87,-118.0,1.656
5.532,47.0,6.345454545454546,34.16,-118.01,3.185
3.725,35.0,5.87468671679198,34.24,-118.44,1.782
1.9125,39.0,4.53030303030303,35.35,-119.01,0.579
3.7604,15.0,5.804143126177024,33.81,-117.87,2.801
4.1995,34.0,5.607792207792208,34.13,-117.89,1.474
2.7011,10.0,5.134598792062122,34.13,-117.22,1.102
3.125,48.0,6.430711610486892,34.14,-117.29,0.976
1.6575,35.0,5.588652482269503,35.32,-118.99,0.595
2.7852,37.0,3.7540983606557377,32.75,-117.14,1.292
2.1094,27.0,6.958860759493671,39.02,-122.69,0.724
3.7466,29.0,5.446315789473684,33.86,-118.27,1.686
2.2,20.0,4.303317535545023,39.75,-121.59,0.808
2.125,28.0,5.007017543859649,40.53,-122.39,0.808
5.5124,34.0,3.9156626506024095,34.26,-118.44,1.743
3.8824,36.0,5.156398104265403,33.91,-118.11,1.931
1.6034,30.0,3.8519269776876266,32.75,-117.09,0.844
5.8362,32.0,6.511029411764706,33.77,-118.01,2.175
3.6312,7.0,4.579741379310345,37.76,-121.43,1.476
4.1727,10.0,4.101503759398496,34.15,-118.45,3.326
4.1163,5.0,5.96985446985447,38.69,-120.99,1.725
3.1484,52.0,4.578034682080925,37.83,-122.25,2.241
3.5781,44.0,5.262962962962963,37.71,-122.13,1.8
5.2861,6.0,6.435957696827262,33.85,-117.58,1.951
3.1987,21.0,7.08,37.0,-121.76,2.798
4.5045,15.0,5.299120234604105,37.31,-121.8,1.645
6.994,27.0,7.159685863874346,37.99,-122.49,4.208
3.4491,30.0,5.483478260869565,33.96,-117.38,1.338
3.9864,12.0,5.2558575445173386,37.71,-121.73,2.002
3.7813,30.0,4.656551724137931,34.12,-118.17,2.32
2.775,24.0,3.1007423117709436,34.02,-118.5,2.917
4.7237,27.0,6.2809917355371905,38.38,-122.58,3.066
2.6818,8.0,4.649673202614379,34.09,-117.63,1.141
3.6534,46.0,5.297709923664122,34.18,-118.52,2.16
3.5294,33.0,4.31096196868009,34.29,-119.29,3.239
4.7049,16.0,5.118335500650195,37.42,-121.94,1.125
5.726,41.0,5.267241379310345,33.97,-118.37,2.878
4.226,52.0,5.011764705882353,37.77,-122.26,2.75
0.9218,21.0,2.045662100456621,37.82,-122.27,1.719
4.5347,12.0,6.504098360655738,36.93,-119.88,1.012
3.0682,39.0,4.316810344827586,37.8,-122.21,1.565
5.3243,29.0,6.237864077669903,38.59,-121.35,2.657
1.7847,23.0,4.423841059602649,33.75,-116.95,1.095
2.8102,13.0,5.693548387096774,39.23,-121.15,1.444
5.065,27.0,5.766871165644171,34.04,-118.02,2.154
3.6,35.0,5.289156626506024,33.85,-117.9,1.935
3.8147,19.0,5.024813895781637,33.14,-117.2,1.392
3.0856,49.0,3.717171717171717,34.04,-118.35,1.516
2.2227,30.0,5.278551532033426,40.77,-124.17,0.813
5.0686,19.0,5.973737373737373,33.62,-117.7,2.256
2.6538,42.0,3.6193771626297577,33.94,-118.22,1.434
3.2222,31.0,4.558343789209536,37.38,-121.83,1.848
3.8586,34.0,5.385126162018592,34.07,-117.69,1.36
1.5369,39.0,3.6213389121338913,33.77,-118.27,1.413
4.419,7.0,5.496458087367178,32.7,-117.04,1.569
2.8406,34.0,3.281721632196758,37.81,-122.26,3.357
5.0832,29.0,6.045918367346939,34.1,-117.86,1.969
2.1186,28.0,4.707581227436823,37.8,-121.22,0.944
1.9063,52.0,3.2007797270955165,37.8,-122.4,3.0
2.8326,11.0,4.560148056755089,34.1,-117.68,1.63
1.625,20.0,6.0344827586206895,34.55,-114.94,0.5
5.618,44.0,6.133971291866029,33.96,-118.42,3.659
3.4583,52.0,4.421568627450981,34.16,-118.11,2.399
2.1944,26.0,4.523897058823529,33.77,-118.08,0.875
2.3848,6.0,4.689075630252101,34.12,-117.23,0.816
2.9213,42.0,3.8990825688073394,34.01,-118.42,3.05
4.1632,9.0,6.021621621621621,34.13,-117.39,1.198
1.0658,46.0,3.076923076923077,32.69,-117.12,0.938
6.6131,17.0,7.358344113842174,37.79,-121.97,3.125
1.625,18.0,6.1347826086956525,38.31,-120.55,0.947
6.1593,41.0,6.2154696132596685,37.89,-122.25,3.44
3.6898,15.0,5.98292220113852,32.86,-116.91,1.31
4.5066,7.0,4.659574468085107,34.06,-117.29,1.115
1.8214,52.0,5.736486486486487,34.01,-118.31,1.232
2.7652,13.0,4.670020120724346,38.62,-121.27,0.956
4.925,46.0,5.523809523809524,34.04,-118.42,4.098
1.9234,43.0,4.8210227272727275,34.08,-117.31,0.746
1.7279,42.0,5.438095238095238,37.12,-120.27,0.523
1.858,18.0,3.8175582990397805,32.88,-117.23,2.05
3.9041,36.0,5.098039215686274,34.18,-118.29,3.204
4.9091,43.0,5.051224944320713,37.54,-122.29,2.932
1.5872,38.0,4.610526315789474,33.94,-118.27,0.898
3.125,42.0,4.012820512820513,33.98,-118.22,1.663
3.9914,3.0,6.205776173285199,38.66,-121.46,1.205
2.1574,35.0,4.7297650130548305,33.92,-117.28,0.869
1.7679,39.0,5.0,37.63,-120.92,4.5
3.0812,38.0,4.628336755646817,37.8,-122.21,2.331
3.0982,18.0,4.7700258397932815,33.21,-117.24,1.113
4.0118,8.0,4.4335812964930925,33.06,-117.28,2.458
5.7512,26.0,7.241758241758242,37.97,-121.97,2.402
4.5486,36.0,5.271889400921659,34.22,-118.23,3.61
1.875,24.0,3.4392265193370166,32.75,-117.09,0.95
5.0497,38.0,6.537444933920705,38.58,-121.38,1.917
4.9886,36.0,5.622222222222222,34.2,-118.32,3.289
2.918,20.0,3.690578158458244,34.09,-118.14,2.087
3.9871,26.0,6.387218045112782,34.87,-120.43,1.577
3.2813,28.0,5.144846796657381,34.1,-117.91,1.811
7.8383,28.0,6.559380378657487,37.31,-122.0,3.727
4.2083,26.0,5.366323907455013,34.18,-118.53,2.403
6.0672,26.0,5.172506738544475,33.99,-118.45,4.208
2.4688,16.0,4.789968652037618,39.19,-121.18,1.388
2.2577,26.0,3.5850673194614444,34.06,-118.02,1.738
4.6914,7.0,6.808510638297872,34.51,-117.25,1.422
2.0469,19.0,4.569014084507042,36.8,-119.84,0.669
4.7578,31.0,5.671052631578948,32.85,-116.94,1.61
3.4722,25.0,5.313380281690141,38.01,-121.82,1.27
1.3302,38.0,4.37958115183246,38.63,-121.44,0.622
5.3495,20.0,6.057591623036649,36.3,-119.29,1.773
1.0375,35.0,5.146520146520147,33.95,-118.25,0.898
4.6607,33.0,5.996621621621622,34.36,-118.93,1.879
3.3438,34.0,5.057239057239057,38.36,-122.0,1.356
3.2891,29.0,6.062962962962963,40.77,-122.96,0.931
3.0313,45.0,4.249329758713137,37.95,-122.33,1.358
2.6324,35.0,4.173745173745174,32.79,-116.96,1.337
4.9231,8.0,4.748936170212766,34.1,-118.18,2.309
1.0219,29.0,2.921681780708986,34.03,-118.29,2.583
4.3882,24.0,5.082139446036294,33.74,-117.92,1.893
3.2708,35.0,3.542391304347826,33.95,-118.38,4.0
1.9722,28.0,5.212435233160622,36.49,-121.48,2.107
3.3816,36.0,4.76158940397351,37.68,-122.4,2.534
2.6604,46.0,4.738700564971752,32.74,-117.13,1.701
6.3054,14.0,7.03921568627451,33.3,-117.25,3.59
3.8201,22.0,5.01119104716227,34.02,-117.91,1.362
3.0179,43.0,4.06280193236715,32.77,-117.01,1.493
5.5191,29.0,6.196296296296296,34.2,-118.61,2.458
4.3333,43.0,4.726072607260726,33.99,-118.44,3.039
4.4423,28.0,5.128440366972477,34.16,-118.46,2.804
2.543,46.0,4.477037037037037,37.87,-122.28,2.207
3.1731,47.0,3.958904109589041,34.03,-118.32,1.215
2.6205,27.0,5.371482176360225,35.35,-120.84,2.211
2.4643,27.0,3.8486646884273,32.8,-117.23,2.444
4.875,42.0,5.347985347985348,34.09,-118.1,2.273
4.1484,19.0,4.655352480417754,33.74,-117.96,2.3
2.0332,33.0,2.2481549815498156,34.06,-118.3,2.7
4.3646,42.0,5.212765957446808,34.04,-118.13,2.114
2.8237,34.0,5.203821656050955,38.12,-121.28,1.107
1.2937,49.0,4.226618705035971,36.75,-119.78,0.52
4.2304,17.0,5.909090909090909,36.85,-119.81,0.944
4.125,32.0,6.151282051282052,34.2,-118.86,2.646
3.7639,37.0,4.57429718875502,33.89,-118.31,2.206
2.625,16.0,8.333333333333334,37.9,-121.24,1.375
3.6667,52.0,4.863636363636363,37.78,-122.45,4.184
2.57,52.0,4.202185792349726,37.77,-122.23,0.72
2.5,36.0,5.506666666666667,37.65,-120.98,1.031
4.05,20.0,6.220264317180617,38.67,-121.22,1.307
2.4545,23.0,5.404255319148936,38.19,-121.09,1.05
2.3333,36.0,3.6754966887417218,33.94,-118.23,0.921
5.7601,27.0,7.044444444444444,34.28,-119.21,2.811
1.3927,30.0,4.067853170189099,38.52,-121.43,0.783
2.9375,33.0,3.7375,33.98,-118.16,1.625
3.099,27.0,4.191122071516646,33.89,-118.09,1.666
1.6477,32.0,3.7478991596638656,33.98,-118.33,1.089
2.25,32.0,4.851612903225806,36.11,-119.59,0.5
1.1944,44.0,5.046511627906977,35.38,-119.01,0.575
2.3281,33.0,3.6312997347480107,34.08,-118.18,1.519
2.875,13.0,6.490259740259741,37.46,-119.72,0.96
3.8643,33.0,5.052536231884058,37.73,-122.41,2.762
2.1221,50.0,5.509708737864078,33.97,-118.3,1.194
2.9167,35.0,5.284839203675345,35.62,-120.69,1.617
3.1513,10.0,6.096470588235294,33.71,-117.34,1.543
4.8906,16.0,6.404210526315789,34.02,-117.67,1.785
5.5872,17.0,6.469483568075117,37.96,-121.99,2.006
2.8512,35.0,5.525333333333333,40.58,-122.41,0.756
2.4814,20.0,5.389972144846797,36.58,-119.9,0.746
3.725,30.0,3.3307543520309477,37.39,-122.09,2.613
5.3226,18.0,5.567741935483871,37.6,-122.06,2.317
4.1451,26.0,5.906318082788671,33.72,-118.31,3.267
2.9444,52.0,3.484848484848485,36.97,-122.01,2.328
3.0074,10.0,3.6805555555555554,34.14,-118.27,1.75
4.0955,22.0,4.888217522658611,33.77,-117.98,1.742
4.5221,36.0,5.26797385620915,34.11,-117.89,1.513
3.625,36.0,5.0756013745704465,33.9,-118.13,1.958
1.3587,35.0,5.18798955613577,36.71,-119.78,0.453
3.7991,21.0,4.907407407407407,38.37,-122.78,1.75
3.9417,33.0,6.194895591647332,32.8,-117.14,1.798
2.3542,40.0,3.8504273504273505,33.9,-118.22,0.979
2.3,37.0,4.2898550724637685,33.98,-118.15,1.656
1.8856,17.0,4.62156862745098,32.74,-117.0,1.188
1.9107,23.0,3.721495327102804,33.95,-118.17,1.819
4.875,33.0,6.2809917355371905,33.78,-117.96,2.693
6.4913,28.0,6.8975069252077565,37.36,-122.03,4.119
2.1458,22.0,3.0782608695652174,36.72,-119.78,0.344
2.163,18.0,4.383399209486166,33.13,-115.52,0.534
1.6602,31.0,3.9526066350710902,36.62,-119.68,0.612
5.1915,42.0,5.902912621359223,37.97,-121.31,1.837
1.8571,40.0,2.808049535603715,34.05,-118.29,1.438
2.5313,37.0,3.38,36.63,-121.86,1.083
2.7218,38.0,3.809090909090909,32.64,-117.09,1.459
3.3173,18.0,5.645372645372645,34.65,-118.29,2.184
4.9148,16.0,5.4702093397745575,33.71,-117.87,1.555
4.5375,18.0,6.757894736842105,36.72,-119.59,1.306
3.3958,42.0,4.523809523809524,34.18,-118.37,1.784
5.5427,4.0,6.570291777188329,38.04,-121.36,1.621
3.9643,46.0,5.526315789473684,34.0,-118.41,2.75
5.6874,16.0,7.757009345794392,33.16,-117.14,2.027
2.5313,36.0,6.261904761904762,38.15,-121.99,1.625
2.5104,30.0,3.916923076923077,34.43,-119.69,2.281
4.3008,37.0,5.862686567164179,38.02,-121.33,1.198
3.4375,17.0,4.155555555555556,37.4,-122.09,2.906
4.3862,33.0,5.648520710059172,32.81,-117.21,1.848
4.1842,34.0,7.020576131687243,34.36,-119.71,3.64
3.3906,48.0,5.732352941176471,34.02,-118.32,1.897
5.1806,45.0,5.046511627906977,36.97,-122.04,2.664
3.962,43.0,4.536723163841808,34.0,-118.45,3.458
2.4148,27.0,3.9142091152815013,32.63,-117.09,0.675
5.7201,8.0,7.867768595041323,38.03,-121.35,1.557
5.3849,30.0,4.80718085106383,33.82,-118.28,2.177
4.6406,19.0,6.107368421052632,33.74,-116.94,1.189
2.0202,22.0,5.851703406813627,41.54,-123.92,0.711
3.8571,24.0,5.08254397834912,36.8,-119.83,0.901
3.6118,34.0,5.459363957597173,38.0,-121.79,1.247
2.3333,52.0,3.8073701842546064,34.09,-118.28,1.965
3.5547,34.0,5.051971326164875,34.06,-117.92,1.976
5.5538,34.0,5.414414414414415,33.88,-118.32,2.803
3.2969,38.0,4.733812949640288,33.84,-117.92,2.2
2.3712,14.0,5.304651162790698,33.74,-116.9,1.279
2.2614,29.0,2.8473029045643155,34.14,-118.26,2.481
3.1397,52.0,4.636871508379889,34.16,-118.27,2.537
3.3681,31.0,4.826807228915663,33.93,-118.14,2.239
3.0795,36.0,5.1571428571428575,33.88,-118.12,2.184
3.4583,35.0,4.341288782816229,34.18,-118.46,2.532
2.1935,31.0,4.794029850746269,34.16,-117.34,0.727
5.0887,46.0,5.797114517583409,37.74,-122.45,3.351
2.48,20.0,4.6453900709219855,37.69,-121.01,1.356
3.2639,10.0,5.1156186612576064,36.13,-120.37,0.864
5.9277,38.0,6.356502242152466,37.44,-122.13,4.466
6.0591,19.0,6.397435897435898,33.87,-117.81,2.335
1.7,17.0,5.20554272517321,39.43,-121.22,0.923
2.875,44.0,5.434650455927052,37.95,-122.34,1.334
2.5363,16.0,5.279411764705882,37.07,-120.85,0.863
4.5735,39.0,5.284848484848485,33.89,-118.14,1.955
3.5819,36.0,4.826498422712934,34.28,-119.25,2.319
7.5755,20.0,6.3509933774834435,37.1,-121.87,4.023
2.4896,33.0,5.711864406779661,40.57,-124.11,0.741
4.559,23.0,6.556213017751479,40.51,-122.24,1.168
5.244,35.0,5.488970588235294,33.8,-117.96,2.18
3.8056,7.0,6.599340478153339,33.63,-117.29,1.622
3.1607,20.0,6.161849710982659,32.92,-116.84,1.193
3.3456,37.0,4.514084507042254,36.67,-121.7,2.526
3.1211,36.0,4.243961352657005,34.1,-118.15,2.293
2.2024,29.0,5.271341463414634,41.53,-122.56,0.609
5.4797,23.0,6.6937984496124034,38.67,-121.28,1.6
2.7477,4.0,4.509516837481699,38.68,-121.26,1.33
2.2569,20.0,5.604,39.74,-122.13,0.943
1.8144,19.0,4.3485576923076925,35.79,-119.1,0.498
2.09,34.0,3.7880794701986753,32.69,-117.11,0.918
4.2833,44.0,5.079913606911447,34.09,-118.1,2.58
3.7159,52.0,5.325342465753424,37.73,-122.17,1.833
2.6375,19.0,3.4441717791411044,33.92,-118.36,2.338
3.6398,27.0,5.952702702702703,38.21,-121.32,1.467
2.0471,16.0,4.274308300395257,38.6,-121.41,1.042
2.8893,39.0,5.01948051948052,33.18,-117.36,1.854
2.1638,39.0,3.776349614395887,37.79,-122.24,1.055
2.582,28.0,4.617801047120419,33.81,-117.98,1.818
3.4705,32.0,4.869986168741355,38.11,-122.57,2.286
4.7411,35.0,4.759643916913946,34.36,-119.7,3.364
5.1071,41.0,6.918128654970761,37.47,-122.24,3.141
5.0709,33.0,6.048421052631579,37.28,-121.82,1.764
2.4297,51.0,3.284313725490196,34.05,-118.3,1.625
3.4,44.0,4.688235294117647,34.18,-118.32,2.121
3.337,29.0,4.212074303405573,37.29,-121.97,2.653
3.055,6.0,5.528,38.52,-122.76,2.241
4.375,45.0,5.413551401869159,33.79,-118.13,2.348
2.6071,28.0,4.76592082616179,34.08,-118.02,1.759
3.8512,30.0,5.189309576837417,34.64,-120.45,1.346
4.1121,40.0,5.436440677966102,34.24,-118.37,2.292
4.9583,28.0,6.759450171821306,38.36,-122.01,1.462
5.9345,23.0,7.287625418060201,37.69,-121.91,2.596
4.2614,52.0,5.520958083832335,37.88,-122.28,2.613
7.139,34.0,7.094,34.16,-118.5,4.24
2.8553,38.0,4.33984375,33.64,-117.91,3.076
1.3672,52.0,4.291479820627803,39.73,-121.84,0.55
5.6017,29.0,4.263803680981595,33.85,-118.4,4.3
2.7778,25.0,5.0990873533246415,32.77,-117.08,1.841
3.8317,9.0,4.732510288065844,37.56,-122.32,2.375
3.3942,4.0,5.412186379928316,36.81,-119.86,0.721
3.0704,18.0,5.365748709122203,33.19,-117.29,1.516
3.587,20.0,6.027397260273973,35.33,-120.8,3.3
3.4006,22.0,4.733466933867735,34.28,-119.2,2.194
6.2064,29.0,5.780238500851789,34.17,-118.58,3.349
2.096,34.0,2.466893039049236,34.05,-118.3,1.875
2.1935,52.0,4.040697674418604,33.73,-118.28,2.432
2.5833,52.0,3.208791208791209,37.32,-121.93,1.675
3.6736,23.0,5.556574923547401,32.57,-117.09,1.395
4.3864,32.0,6.58312020460358,39.12,-121.63,1.175
2.5179,26.0,5.334174022698613,34.71,-118.12,1.04
4.3826,9.0,6.631578947368421,38.7,-121.26,1.466
5.2719,46.0,5.4066985645933014,34.07,-118.11,2.444
3.5375,35.0,6.543956043956044,36.74,-119.85,0.967
1.7056,49.0,5.08550185873606,37.76,-122.19,0.914
3.2756,21.0,3.963163064833006,34.1,-117.75,1.568
5.041,16.0,4.626614987080103,33.67,-118.01,3.976
3.6333,7.0,4.094545454545455,33.77,-117.98,1.698
6.1885,10.0,6.631578947368421,34.26,-119.17,2.673
4.825,13.0,4.882575757575758,37.59,-122.07,2.22
2.0474,5.0,4.378132118451025,39.15,-121.59,0.613
1.9375,43.0,5.239669421487603,33.99,-118.29,1.129
2.7411,27.0,4.402366863905326,37.89,-122.13,3.5
1.3343,22.0,3.6855845629965946,36.72,-119.75,0.608
2.5556,52.0,5.0227272727272725,39.21,-122.01,0.758
4.4519,32.0,5.78714859437751,38.37,-121.45,1.375
1.8933,18.0,5.851063829787234,40.85,-123.13,0.847
2.9565,14.0,4.817762399077278,36.8,-119.85,0.73
3.3229,44.0,4.412280701754386,34.1,-118.11,2.266
1.8641,43.0,3.409090909090909,33.95,-118.21,1.651
4.8571,36.0,5.327327327327327,33.86,-118.14,2.033
3.3447,21.0,5.268729641693811,36.79,-119.84,0.714
4.0679,24.0,6.347394540942928,38.91,-121.11,1.905
4.9769,14.0,5.389048991354467,37.3,-121.81,1.865
4.9589,12.0,5.918275418275418,34.01,-117.81,2.821
2.9384,38.0,4.30186170212766,33.77,-118.16,3.041
4.2708,35.0,5.3562753036437245,33.94,-118.01,1.748
3.8372,13.0,5.962162162162162,37.61,-120.94,1.293
1.0625,32.0,3.557077625570776,33.93,-118.24,0.898
2.9432,52.0,4.949458483754513,33.98,-118.3,0.94
7.5992,15.0,7.634854771784233,32.91,-117.11,3.106
3.017,52.0,4.977777777777778,39.25,-122.08,1.125
2.1829,15.0,5.122641509433962,41.74,-124.16,0.695
3.4861,26.0,5.588461538461538,36.74,-119.98,1.125
2.2449,30.0,7.508038585209003,34.13,-117.33,0.932
4.3889,52.0,4.290064102564102,33.76,-118.14,3.78
7.8336,37.0,6.132596685082873,37.9,-122.26,3.713
2.2429,52.0,4.638349514563107,32.73,-117.13,2.211
4.2891,52.0,5.099730458221024,37.75,-122.41,2.3
6.0097,12.0,7.047058823529412,38.76,-121.29,1.875
3.9408,46.0,4.695945945945946,37.09,-122.09,2.226
3.4811,44.0,5.011123470522803,34.17,-118.1,3.005
3.3941,22.0,5.4506079027355625,38.74,-121.26,1.359
1.0,33.0,4.140939597315437,33.19,-115.46,0.4
6.2838,34.0,6.948717948717949,37.8,-122.18,3.182
2.7167,37.0,4.339483394833948,38.25,-122.04,0.922
5.8407,18.0,7.510416666666667,34.12,-117.64,2.029
2.6654,38.0,3.951541850220264,33.94,-118.35,1.422
4.2051,16.0,5.236893203883495,38.48,-122.66,1.903
3.6509,34.0,5.018666666666666,33.95,-118.03,1.732
5.4527,33.0,6.426108374384237,34.21,-118.61,2.271
3.7175,17.0,6.606914212548015,33.73,-116.94,1.2
6.0433,20.0,6.470756062767475,38.07,-122.41,4.359
5.5,45.0,6.482558139534884,33.97,-118.34,1.882
6.6009,49.0,6.7218045112781954,34.16,-118.19,3.757
2.6806,52.0,4.806282722513089,34.08,-118.21,1.53
5.0929,41.0,5.63265306122449,34.19,-118.47,2.25
3.7303,37.0,4.37378640776699,37.66,-122.1,1.497
3.5893,35.0,5.966911764705882,33.88,-118.11,2.76
3.7917,40.0,4.959798994974874,38.24,-122.64,1.516
2.3687,38.0,4.370967741935484,34.04,-118.35,1.468
6.7105,32.0,5.421052631578948,33.84,-118.37,3.39
5.7519,27.0,7.331775700934579,37.66,-121.87,2.785
5.7765,36.0,5.791443850267379,33.82,-118.36,3.395
6.7962,4.0,6.205936920222634,33.67,-117.8,3.291
4.825,11.0,6.4113924050632916,38.77,-120.84,1.846
2.3438,42.0,3.7797783933518008,34.02,-118.15,1.543
3.3182,24.0,5.88911704312115,38.63,-121.29,2.13
4.712,20.0,6.265,39.66,-121.77,1.586
3.0744,31.0,3.8730964467005076,37.59,-122.38,4.577
2.5544,8.0,2.996978851963746,33.78,-118.19,1.625
3.0417,35.0,4.798507462686567,38.67,-121.34,1.207
2.5417,27.0,3.8659539473684212,33.87,-118.19,1.841
3.6583,18.0,5.3292011019283745,33.92,-117.47,1.261
4.7857,14.0,5.9714285714285715,34.02,-117.59,1.525
3.0114,31.0,4.117021276595745,33.97,-118.14,1.77
2.0625,22.0,3.9614093959731544,33.2,-117.25,1.245
3.1696,18.0,5.1647727272727275,38.65,-121.43,0.774
4.3451,24.0,6.483771251931993,36.71,-121.62,1.778
2.9112,7.0,5.4604810996563575,34.11,-117.45,1.217
7.6091,43.0,5.640506329113924,34.09,-118.6,4.385
4.6172,24.0,5.46095717884131,33.89,-117.82,2.383
3.0083,18.0,4.283018867924528,34.23,-118.39,1.819
4.0721,52.0,6.298076923076923,34.1,-118.26,3.5
3.825,27.0,4.5245098039215685,33.88,-118.08,1.595
4.8611,39.0,5.259803921568627,33.92,-118.37,2.456
2.1273,24.0,4.035509736540664,32.76,-117.14,1.423
1.62,19.0,3.2835249042145596,32.64,-117.09,1.313
1.2347,41.0,3.8365180467091293,34.0,-118.29,1.117
2.625,31.0,4.416666666666667,37.96,-121.22,0.721
4.4934,34.0,5.060948081264108,33.89,-118.1,1.856
2.5966,32.0,3.6710526315789473,33.96,-118.22,1.709
1.4427,36.0,3.798076923076923,35.38,-119.01,0.506
2.5703,45.0,4.874251497005988,35.42,-119.03,0.624
2.6974,29.0,4.841328413284133,36.58,-119.61,0.73
3.8958,20.0,5.940625,37.51,-120.84,1.268
4.0859,49.0,5.486363636363636,37.72,-122.46,2.286
4.9118,26.0,6.391304347826087,37.55,-122.03,2.173
5.3272,3.0,6.982358402971216,36.91,-119.77,1.742
3.9414,18.0,5.366754617414248,33.87,-117.55,1.371
7.1366,23.0,5.685393258426966,37.15,-122.08,2.739
2.9449,17.0,5.624801271860095,37.21,-119.45,0.956
2.3625,42.0,3.903314917127072,37.73,-122.4,2.33
3.9929,14.0,4.571047957371226,33.73,-117.92,2.258
7.8118,17.0,7.3478260869565215,33.93,-117.59,2.442
4.2898,11.0,5.396694214876033,36.99,-121.94,2.217
1.7115,51.0,3.3595800524934383,34.03,-118.27,1.25
4.4205,23.0,5.078328981723238,34.09,-117.61,1.355
5.8733,17.0,5.852331606217617,33.86,-118.08,2.87
4.8894,17.0,5.634460547504026,34.11,-117.84,1.917
2.2042,33.0,3.492063492063492,32.75,-117.24,2.313
4.45,37.0,5.659949622166247,37.99,-122.02,1.619
3.5848,47.0,5.502923976608187,37.94,-122.33,1.408
4.425,35.0,5.563176895306859,37.08,-122.08,2.048
5.2769,34.0,5.374233128834356,37.31,-121.92,2.411
2.1866,29.0,2.633093525179856,34.1,-118.33,2.5
1.4712,44.0,5.867924528301887,34.02,-118.31,1.058
7.3409,23.0,8.185185185185185,34.2,-118.88,3.16
2.8906,43.0,5.545454545454546,36.13,-118.82,0.657
4.7891,19.0,4.693467336683417,32.69,-117.17,3.346
7.6864,16.0,7.107544141252006,37.53,-122.25,4.225
2.0087,36.0,3.4941471571906355,33.98,-118.19,1.721
4.1548,32.0,5.222585924713584,33.79,-118.03,2.166
3.6707,23.0,5.4411764705882355,33.83,-117.83,2.314
6.6605,29.0,7.825396825396825,38.03,-121.25,2.207
3.7235,48.0,4.662393162393163,34.11,-118.16,2.636
4.7125,27.0,6.421511627906977,34.21,-118.58,2.509
1.3291,16.0,3.8318670576735094,32.8,-116.96,1.208
2.375,31.0,2.5454545454545454,34.26,-119.21,0.55
2.5417,43.0,4.6594827586206895,36.97,-122.01,2.609
6.7413,3.0,6.322051282051282,37.55,-122.24,4.359
4.3333,31.0,4.8384279475982535,34.01,-118.09,1.495
4.7361,7.0,7.464968152866242,34.49,-117.27,1.745
4.6087,36.0,5.790067720090294,33.81,-118.12,2.246
3.9063,20.0,5.45719661335842,38.61,-121.34,1.621
6.2135,28.0,6.408577878103838,37.97,-121.99,2.172
3.8667,37.0,5.894736842105263,38.09,-122.21,1.27
1.8967,52.0,5.0,36.74,-119.82,0.438
5.3999,18.0,6.533073929961089,33.46,-117.67,3.0
2.8289,38.0,4.438148443735036,36.68,-121.67,1.683
2.9911,52.0,3.9228395061728394,37.74,-122.42,2.639
5.6406,33.0,6.927083333333333,34.06,-117.9,2.662
4.7813,36.0,5.167701863354037,37.67,-122.45,2.464
3.5109,21.0,3.7156398104265405,33.72,-118.29,2.25
0.9355,24.0,3.482051282051282,37.78,-122.43,1.125
4.6793,14.0,5.833333333333333,33.68,-117.78,2.368
3.1667,14.0,4.784386617100372,36.31,-119.78,1.264
3.0769,52.0,5.119047619047619,38.23,-122.64,2.309
4.0625,21.0,6.41038961038961,33.94,-117.38,1.368
2.9926,25.0,4.634490238611714,33.74,-117.91,1.832
3.4773,36.0,5.452768729641694,32.62,-117.08,1.504
2.125,31.0,4.818181818181818,34.48,-117.15,0.648
1.9041,30.0,4.49738219895288,33.96,-118.24,1.051
3.4856,28.0,4.50294695481336,33.86,-117.87,1.428
5.4836,18.0,5.271604938271605,33.7,-117.88,2.258
4.7931,36.0,5.462585034013605,34.1,-118.05,2.726
5.7789,13.0,6.324242424242424,32.63,-117.03,2.277
5.9838,21.0,6.646840148698884,33.74,-117.95,2.719
4.8906,34.0,5.894179894179894,33.94,-117.96,2.289
3.5109,29.0,4.865800865800866,33.2,-117.23,1.66
2.754,21.0,2.642540620384047,34.2,-118.59,1.798
1.675,5.0,4.44,37.93,-120.13,1.125
4.1724,14.0,5.239495798319328,34.32,-118.44,2.116
3.8534,21.0,6.190804597701149,39.09,-121.62,0.997
4.2614,36.0,5.506203473945409,33.87,-118.33,2.671
1.6402,24.0,4.53427065026362,33.23,-117.32,1.693
5.0224,52.0,5.064327485380117,37.73,-122.44,2.619
2.5172,16.0,6.150470219435737,35.31,-120.82,2.939
3.9336,15.0,5.553191489361702,34.04,-117.65,1.51
2.9781,35.0,5.565537555228277,38.0,-122.33,1.09
3.1439,40.0,5.102836879432624,36.67,-121.66,1.923
7.266,52.0,7.436619718309859,37.89,-122.27,3.711
2.0,52.0,5.303030303030303,38.03,-121.88,1.014
2.125,36.0,3.464788732394366,34.02,-118.13,1.535
2.8929,16.0,5.086092715231788,34.51,-117.32,1.156
3.87,26.0,6.048843187660668,34.7,-120.43,1.258
3.875,39.0,5.386819484240688,34.05,-118.14,2.364
4.0043,44.0,4.930379746835443,33.95,-118.31,1.335
3.7,32.0,4.961651917404129,37.96,-122.0,1.79
2.2277,26.0,5.214797136038186,36.07,-119.04,0.78
2.0469,39.0,3.5305291723202172,33.73,-118.28,2.345
3.9698,15.0,5.394833948339484,32.58,-117.08,1.427
3.6161,28.0,4.4475524475524475,33.8,-118.24,1.313
2.5278,35.0,5.01,34.71,-118.15,0.977
5.2563,24.0,5.878151260504202,33.73,-117.94,2.114
2.7917,43.0,4.765873015873016,33.94,-118.28,1.056
2.1162,35.0,3.6227436823104693,34.05,-118.31,2.292
3.4827,11.0,5.072098053352559,35.32,-119.05,0.936
6.8336,35.0,6.935114503816794,37.52,-122.31,4.572
3.4485,38.0,5.076502732240437,33.88,-118.21,1.194
3.0917,32.0,4.796019900497512,37.76,-120.86,0.889
2.7128,26.0,5.492392807745505,35.13,-120.62,2.099
1.7829,47.0,5.128878281622912,39.8,-120.45,0.559
2.0857,22.0,5.125461254612546,36.44,-119.48,0.492
2.1865,15.0,3.9,33.93,-117.43,1.293
1.9405,36.0,4.925490196078432,36.86,-121.4,1.454
3.3939,23.0,3.7406103286384975,33.78,-117.85,2.121
4.1429,12.0,5.308550185873606,32.87,-117.21,2.544
5.1271,22.0,6.018867924528302,34.43,-119.77,3.425
3.4286,5.0,4.28169014084507,32.75,-117.23,1.375
3.7105,52.0,4.837719298245614,37.72,-122.43,2.505
4.0833,2.0,7.416666666666667,33.83,-117.23,1.0
3.2895,26.0,4.069135802469136,34.41,-119.72,3.35
7.333,23.0,7.811188811188811,37.68,-121.88,3.372
2.246,6.0,2.647787610619469,33.76,-117.87,1.833
1.5217,34.0,4.374509803921568,32.97,-115.53,0.603
5.4496,19.0,6.233265720081136,37.99,-122.09,2.054
6.0749,39.0,6.7518518518518515,37.76,-122.15,1.969
3.1094,15.0,4.40920716112532,36.35,-119.66,0.919
2.7125,14.0,4.094262295081967,33.93,-117.94,1.661
5.6825,24.0,6.69921875,33.71,-117.98,2.646
4.1514,10.0,5.4706439393939394,34.32,-118.46,1.941
1.1875,52.0,3.3544303797468356,37.64,-121.0,0.906
2.9821,20.0,3.63953488372093,33.97,-118.1,1.425
3.525,20.0,4.429172510518934,34.11,-117.91,1.53
1.8261,52.0,4.251612903225807,37.95,-121.27,0.546
5.2363,19.0,4.546762589928058,33.83,-118.32,3.1
3.3287,29.0,4.549295774647887,34.21,-118.23,2.734
4.5179,17.0,6.124183006535947,35.46,-120.66,2.256
4.0905,18.0,5.401213755900202,34.27,-119.17,2.365
4.625,22.0,5.85408560311284,37.6,-122.06,2.353
2.8448,43.0,3.8192182410423454,37.76,-122.51,2.689
1.7675,26.0,3.8470926058865755,33.77,-118.09,0.613
3.7844,4.0,3.958795562599049,37.25,-121.87,1.839
3.7569,42.0,4.896373056994818,38.61,-121.37,1.271
4.025,27.0,5.242009132420091,40.6,-124.14,1.281
5.0457,34.0,6.328787878787879,37.45,-122.23,3.951
2.2417,18.0,5.15015015015015,32.77,-115.52,0.792
5.2923,5.0,4.363380281690141,33.7,-117.8,1.94
3.2757,24.0,4.708226221079691,34.35,-119.08,1.86
2.6506,14.0,4.813486370157819,36.92,-121.74,1.646
5.8133,30.0,5.362573099415204,34.28,-118.89,1.957
2.7621,33.0,4.745033112582782,37.67,-120.98,1.091
4.8226,18.0,6.589703588143526,38.66,-121.78,1.399
6.6227,20.0,6.282147315855181,37.42,-121.86,2.648
4.7853,7.0,4.383015597920277,34.1,-118.18,1.531
3.1563,37.0,5.109965635738831,33.94,-118.32,1.862
3.8015,24.0,5.488738738738738,36.61,-121.82,1.691
4.4712,20.0,3.4289340101522843,37.44,-121.88,1.44
2.1845,39.0,7.876404494382022,39.3,-121.96,1.125
3.0958,25.0,4.310618066561014,33.74,-117.82,1.378
5.0631,15.0,4.310344827586207,33.69,-117.77,1.54
1.2826,48.0,2.3865546218487395,33.96,-118.21,1.455
6.4514,16.0,7.204488778054863,33.91,-117.86,2.708
6.632,27.0,5.879218472468916,33.65,-117.9,4.411
2.6923,14.0,5.180628272251309,37.38,-120.71,0.714
4.7679,36.0,5.092682926829268,34.04,-117.95,1.539
2.745,35.0,4.887096774193548,33.92,-118.27,1.068
7.2211,30.0,6.413157894736842,36.73,-119.69,1.717
1.7188,17.0,4.5443645083932855,38.5,-121.47,1.375
4.3818,14.0,5.291666666666667,32.87,-116.91,1.471
3.125,16.0,6.815789473684211,35.91,-120.0,0.625
6.9418,8.0,6.741035856573705,34.14,-117.66,3.105
7.52,16.0,7.070769230769231,37.83,-122.16,3.702
5.6482,35.0,6.551587301587301,33.9,-118.37,2.948
2.2794,52.0,4.023076923076923,34.03,-118.46,3.375
3.0962,35.0,5.200980392156863,38.11,-122.21,1.246
5.6093,17.0,5.970967741935484,33.82,-118.03,2.444
4.4279,32.0,4.671945701357466,33.93,-118.14,2.264
2.0472,16.0,5.931558935361217,38.2,-120.9,0.932
3.9464,32.0,4.95952023988006,34.13,-118.02,2.736
5.2139,18.0,5.733333333333333,34.02,-117.31,1.293
2.25,30.0,5.861861861861862,40.02,-122.18,0.682
4.475,43.0,5.635658914728682,37.94,-122.07,2.657
3.4886,13.0,6.840723981900452,33.85,-116.52,1.125
4.1287,26.0,3.9365079365079363,33.86,-117.98,2.058
5.6197,3.0,7.465875370919881,33.49,-117.64,2.716
2.2222,41.0,4.261792452830188,34.08,-118.2,1.26
4.2917,5.0,4.890982503364738,34.19,-119.0,2.279
3.7188,34.0,5.285302593659942,37.36,-121.82,1.615
5.5148,15.0,5.706783369803063,36.89,-121.66,2.535
4.6591,20.0,6.758064516129032,34.65,-118.14,2.472
4.0536,29.0,4.785294117647059,33.8,-118.32,2.858
3.5388,32.0,5.031390134529148,33.63,-117.91,4.07
1.9224,36.0,3.902542372881356,37.92,-122.35,0.94
1.2101,40.0,3.978217821782178,36.76,-119.77,0.491
4.2743,28.0,6.077338129496403,38.68,-121.34,1.24
5.0681,19.0,5.939655172413793,34.11,-117.66,2.305
3.575,51.0,6.060402684563758,33.96,-117.4,1.255
3.5139,31.0,4.591973244147157,33.93,-118.35,1.928
5.2855,31.0,6.851301115241636,37.71,-122.09,2.535
2.3464,11.0,3.4922118380062304,38.35,-122.71,1.042
3.7869,17.0,5.815927873779113,38.66,-121.28,2.161
5.3812,10.0,5.316037735849057,33.84,-117.87,2.354
3.1607,20.0,5.223168654173765,38.51,-121.53,1.789
2.8351,45.0,4.780392156862745,38.67,-121.77,1.072
4.2333,20.0,6.1981566820276495,36.81,-121.5,3.633
4.2708,47.0,6.554216867469879,37.71,-122.38,2.071
3.6771,24.0,4.538461538461538,33.81,-117.94,1.722
1.5506,24.0,4.8459214501510575,36.05,-119.0,0.523
4.2167,52.0,5.742690058479532,37.72,-122.45,2.319
1.7885,32.0,5.073972602739726,39.37,-121.7,0.57
3.5673,47.0,5.543766578249337,38.23,-122.7,3.103
3.875,52.0,4.577319587628866,34.0,-118.46,3.72
3.2993,25.0,5.553191489361702,38.13,-121.25,0.911
3.067,28.0,3.966666666666667,34.08,-118.39,3.75
2.697,27.0,3.126746506986028,34.01,-118.43,4.125
3.1477,52.0,5.58869395711501,34.1,-117.72,2.912
2.4956,11.0,4.960328317373461,36.75,-119.7,0.875
7.6923,28.0,7.284403669724771,37.75,-122.12,3.298
3.5,10.0,5.929955290611028,35.55,-120.7,1.721
6.1007,17.0,6.886426592797784,33.52,-117.71,3.409
3.0708,24.0,4.155482815057283,33.64,-117.92,1.887
5.7657,26.0,5.431192660550459,37.41,-122.07,3.223
3.0577,41.0,4.854838709677419,33.99,-118.07,1.633
1.6705,12.0,3.1472081218274113,33.69,-117.99,3.5
2.3667,11.0,4.559602649006623,36.83,-119.78,0.693
4.1379,3.0,4.458029197080292,33.56,-117.7,1.833
2.2407,38.0,5.219858156028369,35.35,-119.02,0.76
2.1836,24.0,3.1074380165289255,33.98,-118.18,1.62
4.975,30.0,8.28,37.75,-122.13,3.111
1.8438,29.0,3.2056962025316458,33.78,-118.19,1.625
2.2411,20.0,3.835570469798658,37.96,-122.04,1.518
2.0625,15.0,4.538775510204082,34.4,-119.51,3.143
3.4667,16.0,5.855345911949685,37.69,-120.97,1.609
6.0198,16.0,7.344262295081967,37.23,-121.79,2.896
3.2052,21.0,4.056049822064057,37.32,-121.83,1.79
3.125,46.0,3.142857142857143,33.76,-118.27,1.125
1.9125,35.0,2.926829268292683,35.37,-119.01,0.475
1.2917,43.0,3.831034482758621,38.61,-121.46,0.663
2.9073,35.0,4.691558441558442,38.46,-122.72,1.57
4.3952,12.0,5.860688550840672,32.88,-116.98,1.517
1.7432,30.0,4.120448179271708,36.1,-119.21,0.425
4.2614,16.0,5.529262086513995,32.92,-117.13,1.696
4.1719,17.0,6.348242811501597,36.76,-119.89,1.264
2.2031,27.0,4.412935323383085,33.95,-118.3,0.969
4.6364,11.0,3.9457013574660635,33.82,-118.19,1.563
2.125,45.0,6.213235294117647,39.14,-121.91,0.62
4.5074,36.0,5.391684901531729,33.74,-118.31,3.5
6.5412,12.0,6.889952153110048,32.81,-117.04,2.542
5.5362,7.0,7.067741935483871,33.83,-117.53,1.956
7.4141,20.0,7.712605042016807,33.94,-117.34,2.365
5.2601,13.0,4.156378600823046,37.78,-122.27,2.927
1.075,52.0,4.384615384615385,35.38,-119.01,0.675
5.3072,25.0,5.921409214092141,32.58,-117.05,1.327
3.1496,34.0,4.348360655737705,33.93,-118.13,1.919
5.5791,32.0,6.610223642172524,37.99,-122.51,4.333
4.5368,20.0,6.113095238095238,38.43,-121.22,2.193
4.635,33.0,6.052380952380952,38.46,-122.4,2.485
2.6221,18.0,4.679197994987469,33.64,-117.94,2.72
2.8015,40.0,3.6592592592592594,37.77,-122.22,1.148
6.0797,26.0,6.2514450867052025,37.67,-121.79,2.11
6.6361,17.0,7.557562076749436,32.82,-116.75,3.086
2.2765,30.0,4.021645021645021,34.07,-117.64,0.981
1.4432,27.0,4.902912621359223,36.34,-119.3,0.481
2.3352,34.0,3.4571428571428573,33.94,-118.29,1.077
3.0727,31.0,4.197685631629701,34.14,-118.03,2.426
7.3644,16.0,7.025134649910234,37.54,-122.27,4.197
3.1215,36.0,3.8563218390804597,33.86,-118.19,1.536
7.2216,13.0,7.646251319957761,37.77,-121.97,3.246
5.5121,34.0,6.024390243902439,37.26,-121.95,2.647
3.0877,27.0,3.596100278551532,34.18,-118.46,1.742
3.3578,35.0,5.45,37.8,-121.1,1.49
3.4821,9.0,5.363537710255019,37.52,-120.86,1.271
3.2386,52.0,5.58125,38.57,-121.46,2.132
4.5478,45.0,5.884,33.99,-118.06,1.88
2.1759,16.0,4.904958677685951,33.62,-114.61,0.615
4.4219,9.0,5.784543325526932,33.01,-117.06,2.092
4.5278,44.0,4.032051282051282,34.03,-118.42,3.743
3.225,46.0,4.326639892904953,37.81,-122.25,2.188
5.6999,21.0,4.385365853658537,37.38,-122.06,4.7
3.2105,28.0,5.91820580474934,34.08,-117.18,0.903
3.8273,16.0,4.029850746268656,34.16,-118.46,3.349
2.4345,35.0,4.591687041564792,32.74,-117.03,1.297
1.8816,33.0,7.871794871794871,41.06,-122.34,0.658
6.2513,14.0,6.244623655913978,33.05,-117.26,2.409
2.875,37.0,4.976119402985074,35.37,-118.94,0.574
4.1806,35.0,4.890909090909091,34.2,-118.51,2.09
6.8939,17.0,7.131944444444445,33.61,-117.98,3.839
5.4896,5.0,7.061051004636785,38.75,-121.24,2.296
1.913,35.0,2.9674620390455533,34.02,-118.25,1.143
1.4274,22.0,3.992248062015504,38.01,-121.31,0.905
3.9848,27.0,5.011472275334608,37.36,-122.05,4.097
4.849,7.0,6.618212197159566,35.15,-120.64,2.75
5.4536,38.0,6.092378752886836,34.12,-118.09,3.427
3.6,44.0,6.094086021505376,34.15,-118.02,3.074
3.4896,24.0,4.703216374269005,37.4,-121.99,2.267
4.4286,35.0,5.061855670103093,37.67,-122.45,2.386
2.9048,32.0,5.809859154929577,38.9,-121.52,0.982
5.1335,29.0,5.146883005977797,37.4,-122.13,4.612
3.045,26.0,4.44364012409514,33.78,-117.91,1.84
1.6063,20.0,4.88981288981289,34.13,-116.31,0.554
2.9821,35.0,5.57089552238806,37.6,-120.95,0.974
1.7708,24.0,4.897897897897898,40.11,-122.17,0.59
3.0156,38.0,3.5866558177379986,34.09,-118.37,3.0
4.4074,52.0,4.683794466403162,37.76,-122.4,2.773
3.1507,6.0,4.838483146067416,33.91,-118.16,1.44
3.6007,10.0,5.548076923076923,34.44,-117.31,1.04
3.4018,52.0,5.128378378378378,34.12,-118.15,2.045
3.7766,19.0,5.138211382113822,36.88,-121.71,1.77
2.3269,34.0,4.494623655913978,36.73,-119.74,0.508
6.3467,44.0,6.994065281899109,34.18,-118.12,3.527
2.7562,29.0,4.529639175257732,37.35,-121.85,1.601
2.4,13.0,5.246882793017456,37.95,-120.35,1.77
1.5372,23.0,3.7603092783505154,32.99,-115.54,0.694
3.2632,52.0,4.61407249466951,37.75,-122.42,3.06
4.4821,15.0,6.908108108108108,32.76,-115.56,1.403
5.4065,34.0,6.8320610687022905,34.28,-118.51,2.438
3.5987,14.0,6.010771992818672,34.87,-117.06,0.914
3.7045,16.0,3.972299168975069,37.37,-122.0,1.781
5.8369,19.0,7.145374449339207,38.48,-122.64,2.557
3.5852,36.0,5.4411764705882355,38.65,-121.3,1.216
3.1462,19.0,2.7653061224489797,37.78,-122.42,1.875
7.2634,12.0,7.133034379671151,37.77,-122.06,3.416
2.694,41.0,5.233333333333333,38.04,-122.26,1.23
3.1648,39.0,5.089928057553957,33.8,-118.32,2.448
6.1737,25.0,7.889502762430939,33.85,-118.05,3.131
2.1591,32.0,3.7379032258064515,33.97,-118.15,1.815
4.1136,30.0,4.145009416195857,34.12,-118.07,2.799
3.2125,37.0,5.453125,34.05,-118.19,1.25
1.7244,32.0,3.8210526315789473,33.93,-118.29,1.112
4.8646,36.0,5.488970588235294,34.22,-118.51,2.132
5.1385,17.0,5.295238095238095,38.56,-121.41,1.795
2.6643,10.0,4.436454849498328,33.92,-116.89,0.81
4.4583,25.0,7.830985915492958,36.71,-119.69,1.083
4.8304,35.0,6.961956521739131,33.92,-118.32,1.528
2.7264,32.0,4.547846889952153,33.63,-117.91,3.111
2.8728,8.0,3.7091503267973858,32.91,-117.12,1.146
6.6704,25.0,6.829317269076305,33.88,-117.99,2.406
4.2061,14.0,6.2421875,38.46,-122.76,2.131
5.0445,37.0,6.27319587628866,37.96,-122.07,1.962
3.2813,33.0,5.15268817204301,37.96,-121.7,1.514
3.7321,20.0,3.9160919540229884,34.16,-118.26,3.511
4.6806,18.0,4.633802816901408,33.86,-117.85,1.875
2.9896,36.0,4.289393939393939,32.75,-117.24,2.527
2.3971,17.0,4.654867256637168,37.28,-121.85,0.875
1.8845,20.0,4.42619926199262,33.79,-116.95,0.777
2.2625,48.0,4.427038626609442,37.85,-122.28,1.329
1.9213,52.0,4.508823529411765,39.44,-123.8,0.95
1.2056,23.0,3.398843930635838,34.0,-118.24,0.875
4.8,20.0,5.430232558139535,37.08,-122.04,2.615
2.7321,41.0,3.5660377358490565,33.98,-118.17,1.56
3.6389,44.0,6.126436781609195,38.34,-122.28,3.04
4.0611,10.0,5.88086642599278,34.02,-117.64,1.58
2.1908,46.0,5.523985239852398,34.83,-114.6,0.481
6.7578,20.0,6.211573236889692,37.34,-122.06,4.514
2.5329,31.0,4.055639097744361,36.67,-121.62,1.352
2.4485,34.0,5.214723926380368,37.65,-120.96,0.955
2.6036,44.0,3.9505494505494507,37.97,-122.53,2.875
2.7714,8.0,3.753956834532374,34.22,-118.45,1.857
3.4079,18.0,5.523885350318471,37.69,-121.0,1.475
1.4529,25.0,4.087478559176672,37.49,-120.84,0.861
5.1718,31.0,5.676416819012797,34.16,-118.23,4.291
3.3333,40.0,4.668498168498169,34.16,-118.24,3.743
2.7254,41.0,3.834829443447038,34.02,-118.47,4.444
3.4899,14.0,4.29778933680104,33.68,-117.99,2.167
3.436,37.0,5.516826923076923,38.08,-122.22,0.948
4.2188,16.0,5.11344537815126,33.91,-117.87,1.763
2.4219,46.0,3.5641025641025643,32.75,-117.11,0.906
2.5893,27.0,4.209966777408638,33.92,-118.12,1.837
4.7679,25.0,4.275132275132275,33.74,-117.9,1.731
7.3141,15.0,6.9372937293729375,33.71,-117.77,3.371
3.2768,40.0,5.469135802469136,33.92,-118.24,0.961
1.7865,19.0,4.2215189873417724,37.93,-122.35,0.88
2.3859,31.0,3.7352185089974292,34.07,-118.21,1.531
1.4676,17.0,5.497076023391813,39.08,-122.8,0.65
4.125,36.0,5.748971193415638,37.09,-122.12,2.396
1.9903,18.0,4.258845437616388,33.88,-118.16,1.703
2.9904,36.0,4.3675417661097855,32.74,-117.25,2.868
3.142,23.0,4.538277511961723,37.64,-122.08,1.795
4.0508,27.0,4.9623188405797105,33.76,-117.97,1.839
2.5833,23.0,2.557640750670241,33.81,-118.19,1.813
4.25,34.0,6.06390977443609,38.53,-121.51,1.919
5.8239,17.0,6.887323943661972,38.41,-121.32,2.475
2.1078,30.0,4.759336099585062,35.36,-118.95,0.547
3.5085,27.0,5.446153846153846,38.48,-122.87,1.878
6.5253,24.0,7.28125,38.03,-122.57,3.877
2.0675,25.0,3.1467991169977925,33.79,-118.2,1.167
1.4012,52.0,3.105714285714286,37.87,-122.26,1.75
3.375,15.0,5.3426573426573425,38.78,-122.59,1.031
3.1563,36.0,4.594059405940594,34.21,-118.37,1.764
5.7368,35.0,6.2368421052631575,33.79,-118.1,2.872
5.5209,35.0,6.532258064516129,34.22,-118.52,2.033
3.1142,12.0,5.5385915492957745,39.76,-121.83,1.126
2.8352,20.0,4.502688172043011,34.14,-118.01,1.617
2.0184,20.0,6.729591836734694,34.66,-117.5,0.849
5.411,33.0,5.890909090909091,34.14,-117.94,2.194
3.3906,35.0,4.88,37.7,-122.18,1.789
6.6447,20.0,6.170940170940171,33.77,-118.31,4.168
0.957,52.0,2.709016393442623,40.8,-124.17,0.6
2.3917,31.0,5.1692307692307695,38.13,-121.29,1.135
0.536,16.0,2.111111111111111,37.67,-121.04,1.625
4.4732,36.0,5.7701492537313435,33.96,-118.13,2.66
2.2019,24.0,4.967320261437909,37.07,-120.84,1.0
3.1576,47.0,5.333333333333333,34.11,-118.07,2.25
3.569,15.0,5.2100396301188905,35.32,-119.06,0.707
1.1835,30.0,3.3505050505050504,38.1,-122.26,1.333
2.8375,21.0,5.286396181384248,34.09,-117.95,1.665
2.0341,32.0,3.0432432432432432,34.09,-118.32,2.5
2.9375,45.0,4.492331288343558,33.83,-118.31,2.73
3.6111,22.0,5.617866004962779,39.14,-121.67,1.123
4.6328,30.0,5.064766839378239,37.35,-121.97,2.871
4.0458,12.0,5.253073770491803,38.32,-121.96,1.306
5.9522,26.0,6.196521739130435,34.5,-119.75,4.384
3.3516,26.0,4.327296248382924,34.17,-118.39,2.415
4.4769,16.0,5.8655462184873945,38.87,-121.27,1.914
3.0608,22.0,4.750515463917526,36.68,-121.79,1.683
5.6895,24.0,6.571223021582734,37.27,-121.88,2.89
2.4464,36.0,5.724950884086444,37.81,-122.28,1.021
4.5824,15.0,4.43542757417103,37.9,-122.3,2.561
2.6384,16.0,4.527303754266212,38.46,-122.75,1.469
2.5288,39.0,4.539130434782609,32.74,-117.18,2.74
3.851,52.0,5.2690909090909095,37.74,-122.15,1.835
3.875,20.0,5.838,38.44,-122.73,1.403
3.25,52.0,5.421686746987952,37.55,-122.31,2.964
4.6648,21.0,6.036827195467422,34.87,-120.43,1.93
3.1667,36.0,5.267175572519084,33.95,-117.39,1.229
2.1101,34.0,5.607329842931938,40.78,-124.13,0.869
1.8375,21.0,5.372670807453416,39.86,-122.23,0.798
4.625,19.0,5.037037037037037,33.67,-117.99,2.822
3.2813,17.0,4.98014888337469,38.43,-122.67,2.027
2.5259,30.0,5.508108108108108,39.33,-121.8,0.813
3.6705,50.0,5.130563798219584,32.77,-117.11,1.67
3.0396,16.0,4.83756345177665,34.03,-117.68,1.243
5.0861,35.0,6.051724137931035,33.95,-118.01,2.967
2.875,34.0,4.772151898734177,37.69,-122.13,1.617
4.9236,43.0,5.220843672456576,37.26,-121.94,2.38
1.9453,34.0,3.8076923076923075,33.94,-118.05,1.49
2.6941,11.0,5.599378881987578,36.93,-120.04,0.633
3.1131,25.0,4.751798561151079,33.6,-117.7,0.771
4.7333,30.0,5.288461538461538,33.04,-117.29,2.869
2.4555,15.0,6.177033492822966,39.9,-122.57,0.556
3.0375,48.0,4.575221238938053,37.34,-121.93,2.185
2.5267,14.0,3.3595706618962433,34.2,-118.36,2.318
2.734,26.0,4.2207920792079205,32.77,-117.04,1.489
2.7986,29.0,4.409090909090909,34.06,-117.69,1.144
2.9464,19.0,5.672661870503597,38.56,-121.37,1.135
1.9236,29.0,5.126482213438735,35.13,-118.92,1.063
3.0217,22.0,4.983870967741935,38.76,-120.6,1.069
4.4766,24.0,5.670761670761671,33.71,-117.98,2.3
3.5379,26.0,5.713426853707415,38.02,-121.32,0.991
5.716,4.0,5.506923540036123,34.25,-118.81,3.208
3.8068,12.0,4.906194690265487,38.64,-121.34,1.61
3.3859,18.0,4.612844036697248,37.43,-121.96,1.58
3.7143,32.0,4.443661971830986,33.75,-117.9,1.63
3.5871,30.0,4.098540145985401,33.83,-118.19,3.471
7.7197,26.0,5.714285714285714,37.42,-121.89,2.25
4.2891,13.0,5.906976744186046,34.41,-117.32,1.201
3.7368,37.0,5.281914893617022,32.76,-117.04,1.522
6.1287,4.0,6.791896869244936,34.01,-117.75,2.896
4.0938,20.0,5.66,38.35,-121.96,1.173
4.25,4.0,6.232227488151659,35.13,-117.95,1.044
2.0833,31.0,4.1825,37.93,-121.25,0.483
1.25,36.0,4.568047337278107,33.95,-118.24,0.974
3.4861,18.0,5.905994550408719,37.65,-122.11,3.316
3.8897,14.0,6.097222222222222,38.36,-121.2,1.757
4.875,5.0,5.7315175097276265,34.08,-117.17,1.381
5.0267,5.0,6.086896551724138,35.24,-120.52,2.533
4.1111,10.0,5.904051172707889,38.03,-121.88,1.586
2.375,20.0,3.69811320754717,34.22,-118.38,1.777
3.59,34.0,6.109756097560975,33.8,-117.84,2.306
3.016,31.0,4.45945945945946,37.65,-122.07,1.618
3.125,19.0,6.517667844522968,41.43,-122.49,0.761
3.8333,48.0,5.729468599033816,37.74,-122.49,3.408
3.2472,35.0,4.320754716981132,33.79,-118.31,2.547
3.5313,39.0,5.660194174757281,33.9,-118.36,2.304
3.25,32.0,5.220883534136546,34.69,-118.15,1.075
3.5082,11.0,4.442100098135427,34.24,-118.45,1.365
3.5592,36.0,4.2844311377245505,34.04,-117.94,1.602
3.0321,21.0,4.731082654249127,38.92,-121.1,1.355
5.0029,26.0,5.72626931567329,38.1,-122.55,2.556
1.5071,28.0,3.481967213114754,34.38,-119.86,3.167
4.9196,37.0,4.866666666666666,33.84,-118.3,2.324
5.0574,20.0,5.818803418803419,38.34,-122.88,2.762
2.561,27.0,4.233862433862434,36.96,-121.97,2.346
1.9779,15.0,5.79149377593361,34.15,-116.39,0.733
6.0794,32.0,6.337559429477021,34.16,-118.6,3.385
4.0337,32.0,5.785202863961814,34.3,-118.46,1.585
3.6371,34.0,6.002638522427441,32.81,-117.16,1.763
2.4167,22.0,5.93886462882096,38.65,-121.7,2.25
3.3456,11.0,3.895022624434389,32.75,-117.23,1.598
4.8409,31.0,4.6755852842809364,34.62,-118.32,2.649
2.9222,27.0,3.6649214659685865,37.35,-121.87,1.537
1.8333,47.0,3.832369942196532,34.04,-118.32,1.511
4.3397,24.0,6.508045977011494,34.06,-117.46,1.956
2.92,43.0,4.927051671732523,34.19,-118.13,2.422
6.8654,17.0,8.433823529411764,37.66,-120.94,2.905
2.4881,29.0,6.101910828025478,36.06,-120.79,0.875
2.875,35.0,4.582901554404145,33.87,-118.19,1.783
6.8667,24.0,7.321739130434783,33.6,-117.66,2.796
1.4464,35.0,4.231810490693739,34.07,-117.65,1.132
6.6453,25.0,6.618249534450651,33.78,-118.03,2.701
4.0568,16.0,5.281321184510251,34.27,-118.68,2.252
4.9432,4.0,6.341708542713568,36.81,-119.67,1.144
4.0221,16.0,5.594795539033457,33.61,-117.69,2.362
3.115,23.0,6.648936170212766,37.9,-122.71,2.426
1.7284,29.0,4.362,39.75,-121.84,0.745
2.9244,32.0,5.332819722650231,36.8,-119.77,0.846
3.7292,23.0,4.907786885245901,32.8,-117.15,1.463
1.3867,30.0,2.6240740740740742,34.05,-118.29,1.938
4.0333,32.0,5.495176848874598,34.06,-117.94,2.102
1.8849,16.0,4.536741214057508,33.22,-117.27,0.908
7.672,42.0,5.95852534562212,34.15,-118.43,4.676
5.5337,52.0,5.188940092165899,37.77,-122.27,3.72
3.9688,52.0,5.167173252279635,34.18,-118.14,1.75
2.0875,13.0,3.5259740259740258,34.19,-118.31,2.227
4.7755,36.0,5.956331877729258,37.66,-122.45,2.807
4.3021,15.0,5.101083032490974,32.78,-115.57,0.875
3.4306,49.0,4.886792452830188,34.03,-118.34,1.302
2.2583,42.0,3.761764705882353,37.33,-121.89,1.925
1.4384,5.0,3.7740046838407495,32.55,-117.06,1.088
5.2276,26.0,4.814921090387374,33.87,-118.4,4.345
6.9473,19.0,7.499490316004078,37.23,-121.87,3.614
4.7068,6.0,5.81031976744186,32.62,-116.98,1.843
5.2402,52.0,6.200892857142857,37.81,-122.21,2.964
3.8846,52.0,5.305835010060362,37.74,-122.43,3.331
6.7644,19.0,6.825454545454545,37.0,-121.68,4.126
3.3125,42.0,3.9386973180076628,33.94,-118.35,1.446
5.0399,36.0,5.948019801980198,37.93,-122.31,2.534
5.6549,15.0,6.69038208168643,33.87,-117.85,3.019
5.411,5.0,5.137037037037037,34.0,-117.66,2.011
1.0617,15.0,3.3874125874125873,32.75,-117.1,0.924
6.6053,52.0,6.654708520179372,32.77,-117.11,3.314
5.0877,17.0,6.91869918699187,38.33,-122.32,2.093
6.112,29.0,6.692477876106195,37.86,-122.03,3.906
2.8,27.0,4.420494699646643,34.44,-119.74,3.53
6.4288,46.0,6.774683544303797,34.2,-118.13,2.955
3.1417,15.0,4.658823529411765,36.8,-119.73,0.746
6.0,26.0,6.31063829787234,33.71,-118.03,2.714
6.2918,22.0,7.746938775510204,37.68,-121.89,3.341
5.4217,46.0,5.902027027027027,33.88,-117.94,2.56
4.392,34.0,6.102409638554217,34.12,-117.84,1.876
2.1383,30.0,4.997549019607843,36.78,-119.76,0.788
3.0086,27.0,5.254424778761062,38.61,-121.38,1.269
5.2595,20.0,6.941684665226782,36.83,-119.76,1.109
1.3958,52.0,4.481481481481482,38.04,-121.86,0.675
1.0918,52.0,2.2533333333333334,32.71,-117.16,0.225
6.9324,30.0,6.954106280193237,33.78,-118.08,3.647
2.5686,25.0,3.5396634615384617,33.97,-118.04,1.775
2.2847,33.0,3.6963562753036436,33.93,-118.21,1.327
3.5551,16.0,4.581497797356828,37.03,-121.58,1.986
2.1776,42.0,4.233160621761658,36.63,-121.91,2.792
6.235,44.0,5.92972972972973,33.97,-118.39,3.614
4.9464,14.0,5.097165991902834,32.91,-117.15,1.748
2.6536,22.0,4.993927125506073,34.08,-117.19,0.847
4.3906,36.0,5.8621621621621625,33.78,-117.93,2.313
5.7833,26.0,6.19811320754717,37.31,-121.99,3.396
1.6607,37.0,4.031578947368421,36.08,-119.56,0.421
4.6731,36.0,4.945454545454545,33.91,-118.06,1.733
3.7895,52.0,5.705882352941177,34.11,-118.15,3.648
4.7083,33.0,5.354901960784313,34.01,-118.42,4.201
7.2392,31.0,7.281889763779527,33.77,-117.81,3.346
6.7921,25.0,6.984547461368654,33.6,-117.67,2.66
2.2976,32.0,3.2487046632124352,33.93,-118.34,1.557
4.9306,17.0,4.635245901639344,33.85,-117.86,1.585
1.837,27.0,4.152487961476726,37.96,-122.04,1.75
2.1389,39.0,4.22680412371134,33.96,-118.21,1.689
2.1071,47.0,3.289473684210526,34.13,-118.27,2.089
3.0448,30.0,4.577568134171908,34.12,-117.85,1.921
2.1588,34.0,4.7908309455587395,35.37,-118.95,0.613
4.375,15.0,5.373626373626373,34.86,-120.41,1.58
1.9559,36.0,5.626315789473685,38.8,-121.72,0.784
4.125,52.0,5.6397984886649875,34.28,-119.27,3.49
5.748,28.0,6.002427184466019,37.63,-122.45,3.021
3.4141,41.0,5.027027027027027,37.99,-121.29,0.906
5.6407,34.0,6.065972222222222,34.21,-118.61,2.515
1.4167,25.0,2.200278164116829,34.04,-118.28,2.0
1.8438,52.0,3.06984667802385,34.07,-118.26,1.859
5.0767,25.0,6.042065009560229,34.44,-119.89,2.712
1.517,36.0,3.8321342925659474,35.75,-119.25,0.521
4.2679,33.0,5.7566462167689165,34.68,-118.14,1.196
5.2449,22.0,5.9309927360774815,38.57,-121.37,3.87
1.7171,17.0,5.155038759689923,37.27,-121.95,1.813
4.375,52.0,5.846153846153846,37.74,-122.45,3.495
3.3438,37.0,4.6300366300366305,33.75,-117.98,1.996
4.8047,15.0,4.93351548269581,37.53,-122.28,4.38
2.8603,17.0,6.427561837455831,39.15,-120.87,1.289
3.0375,42.0,5.652298850574713,34.03,-117.73,1.181
2.1696,39.0,2.724056603773585,34.04,-118.28,1.534
4.6902,10.0,6.534569983136594,38.67,-121.2,1.71
5.5388,25.0,6.104536489151874,37.35,-122.03,3.521
3.017,19.0,8.096666666666666,38.86,-120.02,0.976
3.4375,21.0,4.80065717415115,33.82,-118.29,2.188
6.3197,33.0,6.131578947368421,37.31,-122.02,3.401
3.5035,37.0,3.9386973180076628,37.7,-122.46,2.386
5.7768,49.0,6.275035260930888,32.77,-117.1,2.816
3.1733,19.0,3.599260172626387,34.16,-118.26,2.063
3.2325,28.0,5.549346016646849,35.4,-118.96,0.89
4.1827,30.0,4.694797687861271,34.03,-118.49,4.351
3.8576,20.0,4.449513836948392,34.17,-118.26,3.186
2.8711,48.0,4.419700214132762,37.76,-122.47,3.296
5.0461,15.0,7.351981351981352,33.19,-117.11,2.224
2.619,52.0,3.765625,37.34,-121.9,2.125
2.4786,14.0,4.371014492753623,36.49,-120.22,0.56
5.3046,37.0,5.028801843317972,33.77,-118.13,3.607
2.5625,23.0,3.8995215311004783,32.61,-117.06,1.311
6.1404,28.0,4.58681875792142,33.86,-118.39,3.684
2.5139,30.0,4.324652777777778,34.43,-119.72,2.795
3.3021,20.0,5.0,38.29,-122.27,1.527
3.5806,52.0,5.1749174917491745,34.11,-118.3,3.919
1.8958,28.0,5.959595959595959,37.92,-121.23,0.857
2.7171,38.0,8.295454545454545,38.7,-123.24,1.313
2.525,26.0,3.3160377358490565,33.87,-118.2,1.555
2.5391,12.0,7.911764705882353,34.91,-115.53,0.4
2.9432,49.0,6.029315960912052,38.1,-122.24,1.035
4.9562,33.0,4.69119579500657,37.34,-121.98,2.387
1.69,31.0,5.290322580645161,37.91,-121.28,0.659
2.3179,14.0,6.138297872340425,38.94,-122.62,0.575
4.4167,28.0,6.2840690978886755,34.19,-118.64,2.473
1.625,18.0,6.028268551236749,33.54,-115.22,0.535
3.1062,19.0,6.330232558139535,41.63,-122.64,1.0
4.5333,34.0,7.113564668769716,34.1,-118.75,3.773
5.2083,36.0,5.079646017699115,34.11,-118.22,2.209
3.6,48.0,4.988919667590028,36.92,-121.75,1.945
4.7703,52.0,5.070904645476773,37.75,-122.48,3.31
5.2405,21.0,6.1836945304437565,34.02,-118.02,3.024
5.32,16.0,6.186153846153847,33.8,-118.01,2.195
5.195,23.0,6.182389937106918,33.86,-117.6,1.61
2.3571,25.0,3.7448979591836733,34.01,-118.39,3.406
3.5089,36.0,5.802281368821292,37.93,-122.31,2.619
1.9338,43.0,3.2420091324200913,37.78,-122.23,1.125
2.9148,15.0,4.285957446808511,34.16,-118.27,2.387
6.3427,36.0,7.623853211009174,38.39,-122.33,3.048
4.4375,40.0,5.735359525574499,37.99,-122.61,2.896
1.6953,19.0,3.1404199475065617,34.19,-119.18,1.674
1.4327,47.0,4.167420814479638,34.01,-118.27,1.141
3.5302,52.0,5.586056644880174,37.76,-122.49,3.296
1.5029,20.0,3.5923809523809522,32.75,-117.08,1.0
5.5842,15.0,7.112820512820512,36.82,-119.85,0.889
7.3343,37.0,7.0975,38.58,-121.37,2.804
2.7436,27.0,4.159169550173011,34.1,-118.09,2.017
1.9647,23.0,3.431693989071038,33.78,-118.17,1.862
1.9694,14.0,6.853745541022592,34.05,-117.07,1.732
4.245,17.0,5.797402597402598,33.49,-117.68,2.145
1.6786,35.0,4.065326633165829,35.77,-119.25,0.565
3.6538,36.0,5.065116279069767,33.99,-118.41,2.761
2.3571,36.0,5.069026548672566,37.99,-120.38,1.134
3.305,35.0,3.630952380952381,33.92,-118.19,1.158
1.875,15.0,4.294117647058823,36.61,-121.84,1.223
2.5139,52.0,3.6038781163434903,34.12,-118.21,1.9
2.3233,17.0,4.6688311688311686,38.49,-121.47,0.788
4.1325,32.0,5.439618644067797,32.64,-117.07,1.728
1.6776,32.0,3.8217391304347825,33.97,-118.25,1.148
2.5104,38.0,5.6798866855524075,38.73,-120.81,1.205
4.1528,35.0,4.997167138810198,33.94,-117.42,1.139
4.1389,39.0,5.010204081632653,33.97,-118.09,1.66
3.75,38.0,5.275229357798165,38.72,-121.9,1.875
6.1922,29.0,6.7465753424657535,37.94,-122.09,2.732
3.4464,5.0,6.360097323600973,40.6,-122.42,1.229
3.8929,35.0,6.362745098039215,37.62,-122.03,2.095
3.1912,25.0,5.942222222222222,34.62,-120.18,2.264
3.5,19.0,4.9816091954022985,33.22,-117.25,1.358
4.4695,23.0,6.677536231884058,38.71,-121.22,2.147
3.631,5.0,4.580882352941177,33.68,-117.8,2.25
3.8611,37.0,5.429223744292237,39.22,-121.64,1.0
2.0,15.0,6.479423868312757,34.85,-116.51,0.647
1.125,46.0,5.714285714285714,34.71,-118.12,2.25
1.6911,18.0,4.771653543307087,39.72,-121.85,0.988
1.7386,50.0,4.993174061433447,34.01,-118.31,1.094
6.3256,15.0,6.45981308411215,37.54,-122.49,3.68
3.7635,14.0,5.401898734177215,35.19,-120.81,3.362
2.3769,36.0,4.897155361050328,37.48,-122.16,1.573
5.5405,16.0,6.475524475524476,36.82,-119.85,1.193
5.0897,36.0,5.225563909774436,34.07,-117.91,1.89
2.5417,15.0,5.626666666666667,40.66,-122.43,0.922
3.2446,31.0,4.228956228956229,37.63,-122.49,2.346
2.1295,15.0,5.127604166666667,35.76,-119.29,0.598
3.4792,34.0,4.624338624338624,33.94,-118.03,1.69
1.6888,44.0,3.071844660194175,34.04,-118.2,1.25
1.84,45.0,3.9836065573770494,33.99,-118.3,0.914
2.92,37.0,4.091139240506329,32.81,-117.26,3.265
2.1974,51.0,4.23489932885906,38.01,-122.13,1.393
3.125,9.0,5.55409219190969,34.54,-117.32,0.928
2.1944,33.0,4.1313131313131315,34.04,-118.15,2.033
2.3023,37.0,4.926952141057934,37.74,-120.93,0.919
5.8747,17.0,6.493421052631579,33.03,-117.08,2.293
3.4769,50.0,5.0703125,37.73,-122.4,2.387
2.2443,39.0,3.0448717948717947,34.35,-119.05,1.466
2.4167,36.0,4.732984293193717,34.19,-118.39,1.929
5.5,10.0,5.837146702557201,37.67,-121.87,2.472
2.425,40.0,4.950391644908616,33.74,-118.3,2.55
2.3887,52.0,4.0879864636209815,37.77,-122.43,3.375
2.0809,21.0,5.397435897435898,37.16,-120.41,0.958
2.7279,34.0,3.404063205417607,37.39,-122.09,3.656
2.7587,52.0,4.1756885090218425,37.77,-122.43,3.545
3.3958,39.0,5.0062111801242235,37.77,-122.17,1.419
1.319,16.0,6.404907975460123,40.22,-124.0,0.707
2.6667,35.0,3.8959537572254335,34.27,-118.42,1.478
4.1792,42.0,5.433212996389892,37.93,-122.66,3.5
2.7372,52.0,4.443804034582133,37.87,-122.27,2.102
2.16,29.0,4.958456973293768,35.04,-118.15,0.568
3.1136,27.0,6.271604938271605,37.73,-120.86,1.833
2.596,23.0,5.247844827586207,35.32,-119.01,0.7
1.8806,28.0,3.7179732313575524,33.98,-118.33,1.139
1.5152,30.0,2.4255725190839694,37.99,-121.29,0.813
2.7679,50.0,5.025821596244131,34.11,-118.24,1.788
3.1032,19.0,4.521537442014579,32.81,-117.18,1.795
2.0391,28.0,4.716216216216216,40.68,-122.36,0.598
2.2734,47.0,6.002777777777778,38.09,-122.22,0.887
2.9375,19.0,5.236286919831223,36.33,-119.67,0.817
4.5329,46.0,4.872549019607843,37.76,-122.5,2.788
1.8269,32.0,4.445544554455446,39.24,-120.02,2.25
2.25,33.0,3.298464491362764,34.07,-118.1,2.037
3.4844,28.0,5.18018018018018,34.08,-117.42,1.277
2.0962,28.0,6.4132420091324205,40.28,-123.84,0.74
3.2813,48.0,5.5,34.17,-118.1,2.681
4.0982,36.0,5.880769230769231,32.79,-117.09,1.712
3.0927,40.0,4.818181818181818,33.98,-118.36,3.16
1.2,35.0,3.9877300613496933,33.93,-118.3,0.992
4.4219,34.0,5.850220264317181,34.4,-118.98,3.381
4.7069,27.0,6.523255813953488,38.0,-120.97,1.769
2.1964,44.0,4.033333333333333,33.79,-118.21,1.5
4.3261,36.0,5.60655737704918,34.21,-118.52,2.067
2.0272,18.0,4.546985815602837,37.68,-121.04,0.927
4.3906,19.0,5.695488721804511,36.92,-121.78,2.412
7.1831,18.0,5.572413793103448,37.19,-122.1,2.733
3.9,14.0,6.353932584269663,39.05,-121.19,1.804
4.6997,17.0,5.7786391042205,34.12,-117.61,1.569
2.6382,25.0,6.096509240246407,38.48,-121.47,0.762
3.3643,52.0,4.161592505854801,37.8,-122.42,4.2
5.3016,33.0,6.123393316195373,33.94,-118.02,1.922
2.7243,8.0,4.5807692307692305,37.51,-120.84,1.384
1.8906,27.0,5.874015748031496,38.94,-119.96,1.042
4.4531,25.0,4.5064935064935066,37.39,-122.05,3.5
4.9375,19.0,4.617647058823529,33.87,-118.36,2.93
3.4032,37.0,4.172839506172839,37.68,-122.1,1.969
2.8493,36.0,5.853018372703412,33.89,-118.26,1.096
2.3594,30.0,5.03728813559322,37.29,-120.46,0.723
5.1356,10.0,5.144312393887946,37.26,-121.82,2.187
2.7273,25.0,3.6015452538631347,37.97,-122.5,1.875
5.0524,18.0,5.187869822485207,37.91,-122.38,2.698
3.7426,19.0,6.129287598944591,39.18,-121.08,1.627
3.2723,39.0,4.474226804123711,34.14,-118.0,1.669
4.0598,44.0,4.3828125,33.99,-118.46,3.359
3.5649,23.0,3.695150115473441,37.38,-122.05,4.5
3.6845,32.0,4.326388888888889,34.21,-118.39,1.785
3.7813,36.0,6.634615384615385,33.84,-118.1,2.091
5.93,20.0,6.2896174863387975,38.41,-122.56,3.846
5.012,41.0,3.902325581395349,37.53,-122.29,3.682
4.1442,22.0,5.493464052287582,32.66,-117.04,3.039
2.1607,48.0,4.401162790697675,34.0,-118.28,0.961
6.1009,15.0,7.195652173913044,33.34,-117.19,3.144
2.7028,29.0,4.828326180257511,34.03,-117.04,0.92
7.7234,10.0,8.016901408450705,34.13,-117.67,3.041
5.2741,7.0,6.855371900826446,32.76,-116.92,2.494
6.2885,6.0,6.909448818897638,35.47,-118.92,2.164
1.9923,21.0,3.355828220858896,33.78,-118.26,1.647
2.9911,23.0,5.434108527131783,40.81,-124.07,1.197
7.1108,29.0,6.335051546391752,37.37,-122.08,4.65
3.0081,5.0,4.699029126213592,34.66,-120.46,1.352
2.5809,52.0,4.700280112044818,37.75,-122.41,2.553
4.4871,2.0,6.6907001044932075,38.01,-121.29,1.379
4.5781,52.0,4.646907216494846,34.11,-118.28,3.605
3.5,31.0,5.173400673400673,34.09,-117.98,1.613
1.6033,19.0,5.699453551912568,40.58,-122.3,0.988
6.1946,27.0,5.861486486486487,34.27,-118.27,2.761
3.7007,26.0,6.272311212814645,39.71,-121.89,1.392
2.625,40.0,3.173469387755102,36.43,-121.33,1.091
3.5625,36.0,5.352,34.71,-118.15,1.014
4.5913,49.0,5.7482993197278915,37.72,-122.47,2.597
4.4356,3.0,5.9676470588235295,36.83,-119.67,1.113
3.2083,40.0,4.11318553092182,37.76,-122.47,3.3
3.2411,35.0,5.908163265306122,32.82,-116.94,1.592
3.35,36.0,4.2853535353535355,33.8,-118.25,1.631
2.837,38.0,4.57089552238806,34.07,-117.64,1.112
4.9042,52.0,6.356223175965665,34.19,-118.3,3.435
5.4155,5.0,7.117942283563362,33.01,-116.84,1.992
3.5387,20.0,3.9372013651877134,33.73,-117.83,1.604
4.8059,52.0,6.572815533980583,34.16,-118.0,2.706
2.7292,32.0,3.722488038277512,33.9,-118.18,1.438
6.0531,34.0,7.081967213114754,33.84,-117.93,2.871
7.8864,52.0,6.690972222222222,37.9,-122.26,3.573
3.7798,27.0,4.76962457337884,34.22,-118.57,2.584
3.5962,15.0,5.923503325942351,40.5,-120.67,0.859
3.6411,19.0,5.892173913043478,37.98,-121.68,1.628
6.3586,23.0,7.651761517615176,34.18,-118.83,3.483
1.4146,22.0,4.314285714285714,35.39,-118.98,0.491
4.0125,46.0,4.484662576687117,37.7,-122.45,2.301
4.4087,3.0,5.385964912280702,37.7,-121.93,2.256
6.5669,43.0,5.055276381909548,34.03,-118.4,3.728
1.6355,31.0,2.338957055214724,34.05,-118.28,1.625
4.5,28.0,5.102117061021171,33.84,-118.01,2.021
2.1587,43.0,4.319648093841642,37.73,-122.17,0.865
1.9362,17.0,4.397831526271894,39.77,-121.85,0.899
2.3869,16.0,4.792613636363637,37.68,-122.16,0.833
3.875,16.0,4.0,33.67,-117.86,4.5
3.162,26.0,3.576452599388379,37.56,-122.32,4.15
3.9345,41.0,5.663194444444445,38.03,-122.26,1.502
3.4838,30.0,7.206060606060606,37.8,-120.2,1.125
1.3071,51.0,2.647294589178357,32.72,-117.15,2.5
1.9152,28.0,3.7828371278458843,32.76,-117.12,1.281
4.9702,14.0,6.546933667083855,36.98,-121.57,2.798
4.7944,3.0,7.497267759562842,33.61,-117.16,2.153
7.3195,37.0,7.506769825918762,37.89,-122.2,3.675
3.8531,21.0,5.030555555555556,34.08,-117.4,1.054
3.1771,18.0,5.046070460704607,33.76,-117.97,1.94
4.1071,11.0,5.813953488372093,38.67,-121.21,1.458
5.2699,8.0,7.386811023622047,37.98,-121.84,2.042
5.0,44.0,6.3884297520661155,34.11,-118.04,4.471
4.0197,17.0,5.819338422391858,36.59,-119.62,0.88
4.6833,17.0,5.235831809872029,38.26,-122.61,2.152
7.7201,21.0,7.75375,37.22,-121.85,3.627
3.2083,43.0,5.038363171355499,34.07,-117.64,1.228
3.0833,24.0,2.8472222222222223,33.74,-117.9,1.517
1.8036,42.0,5.459893048128342,33.78,-118.19,1.75
2.5417,49.0,4.956521739130435,37.86,-122.27,1.827
3.1208,36.0,5.333333333333333,38.53,-121.43,0.827
3.4211,34.0,4.882716049382716,33.91,-118.09,1.411
5.0113,22.0,6.935483870967742,34.88,-120.43,1.586
1.9034,27.0,4.766666666666667,40.54,-123.22,0.496
4.8214,35.0,5.131707317073171,37.72,-122.41,2.429
2.6288,37.0,5.230061349693251,38.52,-121.45,0.712
3.0357,28.0,3.8475836431226766,33.89,-118.08,1.234
4.4312,45.0,5.671394799054373,37.75,-122.47,3.61
3.3068,50.0,4.622291021671827,34.18,-118.14,1.544
2.8462,39.0,3.861035422343324,33.79,-118.27,1.72
2.7379,42.0,4.33112582781457,34.19,-118.38,1.815
1.9531,27.0,4.075675675675676,34.09,-117.58,1.008
7.0326,10.0,6.670967741935484,38.37,-121.13,2.411
2.5795,27.0,4.274611398963731,33.75,-118.29,1.924
3.1755,15.0,5.332579185520362,35.65,-117.74,0.817
2.0938,27.0,6.769230769230769,38.91,-120.01,0.944
1.9444,23.0,4.285539215686274,37.61,-120.96,0.934
1.8288,20.0,4.277777777777778,38.56,-121.36,0.325
4.8594,37.0,6.481632653061224,33.84,-118.11,2.203
3.0306,19.0,4.061166429587482,33.15,-117.34,1.785
1.5962,46.0,4.344,33.97,-118.26,0.957
2.6818,41.0,4.680851063829787,36.86,-121.42,2.25
2.6051,45.0,3.9614512471655328,34.09,-118.23,1.555
2.1484,30.0,5.58411214953271,37.33,-120.74,0.813
2.8097,11.0,5.621559633027523,34.86,-118.34,1.3
3.125,23.0,6.375796178343949,38.51,-120.8,0.964
2.3099,13.0,4.5257510729613735,37.32,-120.51,0.896
5.419,6.0,6.692551505546751,38.73,-121.28,2.674
4.2259,3.0,6.495501285347044,38.77,-121.33,1.693
3.6806,15.0,5.744648318042813,33.74,-116.93,1.128
3.0132,30.0,4.598006644518272,34.28,-118.43,1.426
3.6849,33.0,5.529610829103215,33.79,-117.97,2.114
3.875,36.0,5.204081632653061,38.6,-121.36,1.336
4.4,51.0,4.883449883449884,37.75,-122.48,3.184
3.0,31.0,5.2772277227722775,39.76,-121.65,0.967
3.8177,21.0,5.140142517814727,32.96,-115.56,1.072
3.475,16.0,5.485074626865671,33.6,-117.69,2.795
2.0881,24.0,5.078407720144753,33.71,-117.2,0.833
3.0114,16.0,7.8474576271186445,33.68,-116.25,3.667
3.1859,26.0,5.838323353293413,33.94,-117.6,1.531
2.1653,16.0,4.625482625482626,36.8,-119.72,0.788
0.8106,16.0,3.43,34.64,-120.46,0.833
3.8625,30.0,4.786026200873362,34.21,-119.18,2.347
4.2019,37.0,5.164658634538153,34.11,-117.9,1.401
4.2066,7.0,5.732931726907631,36.8,-119.68,0.884
1.4107,29.0,4.247443762781186,36.76,-119.75,0.598
4.1083,6.0,3.9339407744874717,34.14,-118.26,2.107
3.9674,52.0,4.542253521126761,34.09,-118.27,2.688
4.005,7.0,4.966767371601208,36.84,-121.44,1.804
1.5625,36.0,5.2032085561497325,35.34,-119.01,0.467
6.5799,10.0,5.383333333333334,38.29,-122.26,2.181
4.4191,52.0,5.799065420560748,34.05,-118.38,3.341
1.625,20.0,5.43202416918429,39.09,-122.79,0.668
3.4138,14.0,6.01203007518797,34.13,-117.2,1.267
5.0858,52.0,5.447688564476886,34.06,-118.37,4.7
6.7978,24.0,6.589189189189189,33.99,-117.95,3.25
3.2591,33.0,4.128133704735376,33.77,-117.94,1.759
4.5828,17.0,5.361788617886178,34.16,-119.17,2.054
0.6991,26.0,2.669021190716448,36.72,-119.73,0.895
4.675,34.0,5.3486590038314175,33.88,-117.9,2.154
1.9821,23.0,4.805763073639274,34.06,-117.25,0.93
6.5322,14.0,8.079681274900398,38.76,-121.17,3.94
3.4808,45.0,4.891191709844559,33.81,-118.2,2.069
3.1002,21.0,3.4190672153635115,37.89,-122.06,1.143
4.1167,18.0,5.466666666666667,33.73,-117.74,0.875
4.1518,43.0,6.105263157894737,34.16,-118.16,2.307
2.9883,41.0,4.538314176245211,34.05,-118.37,2.961
6.1359,16.0,4.0,37.96,-122.5,2.125
6.2007,4.0,5.769570011025358,37.53,-122.26,3.118
7.2472,30.0,7.637931034482759,33.96,-117.97,4.419
4.2569,23.0,5.643659711075442,37.94,-122.02,2.131
6.1825,27.0,6.756637168141593,34.3,-118.7,2.27
2.0556,52.0,4.775956284153006,37.77,-122.18,1.0
5.3267,6.0,6.663677130044843,34.68,-118.11,1.401
4.2386,27.0,4.915851272015655,33.76,-117.94,1.842
2.707,38.0,4.270588235294118,34.42,-119.68,2.368
4.0987,35.0,4.434782608695652,34.09,-118.07,2.024
3.5347,23.0,5.430952380952381,40.56,-122.38,1.012
7.5218,23.0,7.7362068965517246,37.23,-121.82,2.915
7.7684,13.0,8.446691176470589,33.04,-117.01,3.623
2.1471,32.0,2.3225806451612905,34.04,-118.29,1.25
2.8,20.0,5.769423558897243,39.15,-121.74,0.712
3.775,52.0,4.3979591836734695,37.75,-122.43,3.259
4.9327,8.0,6.083870967741936,36.83,-119.69,0.895
4.6357,4.0,6.042193026781202,33.15,-117.27,2.449
1.5898,35.0,4.176678445229682,33.95,-118.3,0.94
2.0577,16.0,5.765060240963855,38.96,-122.62,0.69
5.6798,4.0,6.395640930919837,34.41,-118.56,3.209
2.4931,36.0,3.668639053254438,34.07,-118.1,1.703
2.2917,37.0,3.727699530516432,33.97,-118.25,1.12
3.225,9.0,5.557640750670242,38.66,-120.98,1.633
2.7011,8.0,4.291989664082688,38.66,-121.35,1.307
5.5179,36.0,5.142857142857143,40.41,-120.51,0.675
1.6033,14.0,4.641791044776119,38.35,-122.7,0.675
2.5795,17.0,5.349304482225657,41.77,-124.21,0.684
2.7234,44.0,5.810218978102189,38.01,-121.8,1.102
4.5167,24.0,5.977667493796526,38.54,-122.62,2.652
4.0208,43.0,5.949197860962567,35.4,-118.99,0.904
6.4339,16.0,6.673400673400673,37.26,-121.85,2.892
3.0433,21.0,5.23208722741433,39.45,-123.64,1.407
3.625,24.0,5.174657534246576,37.09,-121.6,3.5
4.8611,16.0,4.87603305785124,33.61,-117.73,1.868
3.8275,32.0,5.152400835073069,33.97,-118.03,2.385
5.5073,16.0,5.172535211267606,37.41,-121.86,1.789
5.8898,22.0,6.445012787723785,33.62,-117.71,2.428
5.3244,28.0,5.197513812154696,33.87,-118.32,2.719
2.9423,42.0,2.6801075268817205,34.08,-118.28,2.0
4.6591,29.0,5.635593220338983,33.66,-117.99,3.531
3.5532,36.0,4.53494623655914,37.68,-121.77,1.584
2.975,34.0,6.405405405405405,36.64,-119.89,0.9
4.9107,33.0,6.568965517241379,34.02,-118.1,2.799
2.05,34.0,6.0588235294117645,38.54,-120.79,0.689
6.0901,8.0,7.5360623781676415,37.95,-122.01,2.982
3.4375,22.0,6.0,38.81,-122.66,0.833
2.1786,46.0,4.157894736842105,35.28,-120.66,2.063
3.4151,52.0,5.1703511053316,32.73,-117.12,1.754
1.4719,26.0,3.8758169934640523,34.0,-117.41,0.886
4.875,10.0,5.168021680216802,34.1,-118.18,2.004
5.1584,37.0,5.37984496124031,34.16,-118.39,4.447
5.0829,5.0,5.972014925373134,32.69,-117.03,1.794
2.9735,34.0,4.301369863013699,34.21,-118.47,2.2
2.894,52.0,4.157894736842105,37.33,-121.91,2.095
3.8125,14.0,5.941838649155723,38.65,-121.46,0.926
3.5402,24.0,4.747311827956989,38.48,-121.45,0.987
6.4211,19.0,7.578723404255319,33.6,-117.69,2.881
2.8348,22.0,4.111545988258317,38.01,-121.31,1.016
4.3173,46.0,5.491803278688525,34.16,-118.32,2.783
2.6364,47.0,5.1214574898785425,38.01,-121.82,0.935
4.511,22.0,5.631067961165049,38.4,-122.89,2.968
3.071,8.0,4.5962962962962965,34.64,-120.47,1.204
6.8039,17.0,6.81413612565445,33.68,-117.98,3.329
4.0027,13.0,5.785185185185185,36.75,-119.69,0.931
3.2632,38.0,4.848039215686274,33.77,-117.95,1.809
1.5633,41.0,4.590189873417722,39.74,-121.85,0.845
5.086,17.0,7.359663865546218,34.51,-117.21,1.484
1.1728,27.0,3.9139240506329114,36.48,-119.44,0.417
1.9718,46.0,4.252873563218391,34.05,-117.75,1.106
1.5608,31.0,3.971502590673575,36.4,-119.1,0.517
4.6452,23.0,5.572815533980583,33.68,-117.97,2.738
5.3908,8.0,5.396103896103896,32.69,-117.05,1.655
3.3472,31.0,5.607142857142857,33.04,-115.6,0.917
2.7054,52.0,5.741214057507987,33.99,-117.38,1.417
6.8194,16.0,7.760683760683761,37.26,-121.85,2.912
5.7705,25.0,6.494755244755245,33.78,-118.04,2.471
2.5074,16.0,7.365284974093265,41.35,-120.51,0.691
1.9957,32.0,3.6502890173410405,33.92,-118.22,0.893
5.1615,26.0,6.687037037037037,34.43,-119.79,2.762
3.2599,47.0,4.750825082508251,37.35,-121.89,1.831
3.0426,9.0,4.548,33.13,-117.09,1.299
3.6696,40.0,5.230769230769231,34.1,-118.09,2.104
6.5253,26.0,7.297966401414677,34.14,-117.83,3.499
2.6781,33.0,3.9130434782608696,34.05,-118.35,3.288
4.1926,12.0,3.8909774436090228,37.25,-121.81,2.445
3.2875,52.0,4.052631578947368,37.94,-122.41,2.75
4.3523,17.0,6.681102362204724,32.99,-115.54,0.96
1.3287,43.0,4.036723163841808,34.01,-118.25,1.072
4.5208,19.0,5.485074626865671,37.33,-121.85,1.881
2.1766,24.0,3.690883190883191,36.68,-121.63,1.085
3.7656,7.0,6.156937799043062,36.86,-119.8,1.45
5.7962,33.0,4.9631336405529956,37.39,-122.0,2.298
2.6973,31.0,5.129985228951256,32.74,-117.01,1.352
4.1172,37.0,5.256613756613756,34.07,-117.95,1.765
3.835,43.0,4.769087523277467,33.84,-118.18,4.186
1.9167,45.0,4.039697542533081,33.73,-118.28,2.272
1.4418,24.0,4.17831541218638,34.02,-117.04,1.035
3.301,27.0,4.439624853458382,34.13,-118.07,2.512
3.3156,42.0,4.202830188679245,36.59,-121.85,1.863
2.9706,36.0,4.184782608695652,37.6,-122.09,1.479
1.0548,31.0,3.0541176470588236,34.14,-118.0,1.781
2.3798,17.0,4.784883720930233,39.74,-121.59,0.838
1.8039,42.0,3.543726235741445,37.77,-122.19,0.923
4.3542,32.0,7.122186495176849,33.95,-117.37,1.426
2.0395,26.0,4.72354211663067,40.57,-122.34,0.679
2.3482,52.0,6.891891891891892,38.28,-122.9,1.635
2.025,46.0,4.565126050420168,34.03,-118.31,1.355
3.6648,34.0,4.297539149888143,34.06,-117.94,1.939
1.7167,39.0,4.271468144044321,33.96,-118.26,1.0
2.525,46.0,3.9470404984423677,37.87,-122.29,1.659
2.0875,25.0,3.933641975308642,38.13,-121.26,0.831
2.7857,28.0,5.417391304347826,39.47,-123.8,1.503
3.2917,49.0,4.308641975308642,33.77,-118.14,3.074
5.6271,44.0,6.262780269058296,37.5,-122.26,3.748
4.3214,18.0,5.645645645645645,34.15,-118.42,3.723
4.1304,18.0,4.674367436743674,34.2,-118.5,2.291
3.7574,33.0,6.135678391959799,38.9,-122.16,0.927
6.7544,11.0,6.966804979253112,34.02,-117.66,2.079
2.8214,8.0,4.443228454172367,34.27,-118.38,1.583
2.2845,41.0,3.897887323943662,37.86,-122.28,1.531
4.5317,26.0,6.135399673735726,37.52,-121.97,2.326
1.5521,40.0,3.4548335974643423,33.97,-118.28,0.901
3.5703,43.0,4.721875,37.97,-121.33,0.874
2.56,36.0,3.8562091503267975,37.6,-122.39,2.731
4.1161,49.0,5.406417112299465,34.17,-118.34,2.325
1.4792,34.0,3.656429942418426,34.0,-118.25,0.958
5.078,26.0,5.922680412371134,38.66,-121.32,1.634
2.9107,27.0,5.807339449541284,34.06,-117.42,1.431
5.8479,25.0,6.611553784860558,37.26,-121.89,2.633
2.0221,33.0,5.646288209606987,36.19,-119.82,0.522
2.9531,28.0,4.341753343239227,33.91,-118.16,1.271
4.3548,17.0,5.7139423076923075,32.97,-117.06,1.923
2.7237,20.0,3.6715686274509802,34.19,-118.46,2.335
2.875,17.0,4.821276595744681,37.95,-121.83,1.625
2.9875,19.0,6.5088062622309195,38.14,-121.05,1.663
3.692,34.0,5.067605633802817,33.92,-118.29,1.452
6.1078,2.0,6.570224719101123,33.63,-117.61,2.19
4.6103,37.0,3.0844444444444443,37.66,-122.41,2.375
2.7787,47.0,4.75,38.54,-121.45,0.56
3.5536,11.0,4.079545454545454,37.88,-122.07,3.872
5.1082,33.0,4.940828402366864,37.38,-121.84,1.958
3.6818,35.0,4.847593582887701,37.65,-122.08,1.654
2.8824,39.0,5.2239747634069404,35.12,-120.57,1.952
2.0657,35.0,5.105982905982906,40.88,-124.1,0.811
3.1641,17.0,5.58348623853211,35.35,-120.49,1.586
2.4497,7.0,4.823389021479714,33.81,-116.47,0.909
2.6181,15.0,5.951672862453532,39.05,-122.78,1.089
5.1002,30.0,5.50199203187251,37.24,-122.27,3.194
3.4375,46.0,4.044345898004434,33.86,-118.19,1.567
2.8889,11.0,3.881818181818182,34.12,-118.25,1.531
4.6452,45.0,5.689138576779026,33.79,-118.14,2.125
2.6528,9.0,5.116814159292035,35.59,-120.63,1.135
2.3599,36.0,4.771971496437055,32.8,-117.2,1.684
2.2059,35.0,2.7484909456740443,33.98,-118.23,1.5
4.25,43.0,4.176470588235294,33.82,-118.18,2.075
4.3646,42.0,5.336170212765958,33.89,-118.21,1.162
4.1111,36.0,6.103286384976526,34.19,-118.56,2.156
5.6441,18.0,6.089593383873191,33.91,-117.94,3.13
4.7941,37.0,6.166666666666667,32.78,-117.05,1.617
5.2596,16.0,6.056710775047259,33.02,-116.88,1.715
7.2519,33.0,7.526515151515151,33.96,-117.37,2.166
4.0893,35.0,5.26775956284153,33.94,-117.97,2.157
2.8631,20.0,4.401209677419355,32.79,-117.09,1.697
4.9219,34.0,5.9655172413793105,33.82,-117.98,2.0
1.6784,16.0,4.904397705544933,34.43,-117.31,0.719
3.399,48.0,4.976351351351352,34.2,-118.23,3.063
5.2811,36.0,6.217252396166134,37.7,-122.49,2.877
1.7292,31.0,5.2987551867219915,41.46,-122.9,0.617
2.2621,32.0,3.2630331753554502,34.15,-118.25,1.875
3.5833,39.0,5.279220779220779,33.98,-118.36,2.188
2.9107,43.0,5.600456621004566,37.97,-121.32,0.888
2.3068,24.0,5.622710622710622,39.77,-121.59,0.973
2.0938,39.0,5.59433962264151,40.59,-124.15,0.796
3.43,46.0,5.438438438438438,37.63,-122.42,2.929
3.1642,24.0,3.2353966870095903,34.03,-118.41,3.667
4.8686,4.0,6.293711656441718,33.85,-117.55,1.953
4.412,8.0,5.548330404217926,38.35,-121.94,1.401
4.6793,27.0,5.757575757575758,32.62,-117.04,1.519
1.8539,41.0,2.6884561891515992,34.03,-118.28,1.475
5.09,14.0,6.658341658341659,33.03,-117.07,2.685
5.2571,39.0,4.716906946264745,34.02,-118.46,4.054
2.9934,35.0,3.349425287356322,34.02,-118.5,3.5
5.0359,51.0,6.892109500805153,38.55,-121.49,2.241
1.4254,19.0,4.076388888888889,32.73,-117.08,1.113
2.1515,6.0,5.440366972477064,36.72,-119.55,0.639
3.9688,17.0,5.163934426229508,38.41,-122.75,1.65
1.8972,17.0,4.382830626450116,38.66,-121.38,1.005
2.1773,17.0,4.04,32.59,-117.11,1.432
2.1875,16.0,5.49171270718232,40.44,-122.42,0.764
4.4545,21.0,5.8375,34.02,-117.49,1.424
1.9185,34.0,4.827868852459017,33.92,-118.27,0.933
3.06,27.0,5.820960698689956,37.33,-121.03,1.06
2.5809,32.0,5.479704797047971,36.7,-119.89,0.783
3.8864,42.0,6.2264808362369335,37.61,-121.09,1.714
2.6673,38.0,5.042462845010616,37.99,-121.3,0.875
2.4071,33.0,4.374712643678161,33.97,-118.15,1.705
4.9962,26.0,6.104553119730186,32.62,-117.04,1.56
5.7876,33.0,6.117647058823529,37.27,-122.0,4.158
3.0047,9.0,4.008108108108108,37.37,-122.03,2.56
4.149,44.0,5.520361990950226,34.43,-119.69,4.436
2.8417,34.0,3.564638783269962,33.99,-118.47,3.214
4.0625,38.0,5.487870619946092,34.09,-118.06,2.625
4.7188,27.0,6.393548387096774,36.97,-122.13,3.5
2.0147,16.0,4.598997493734336,33.18,-117.31,0.877
2.48,36.0,3.4804878048780488,34.09,-118.22,1.389
5.6235,12.0,6.259528130671506,35.41,-119.09,1.306
3.1801,29.0,5.757183908045977,34.05,-117.17,1.493
3.0625,8.0,5.283194057567316,39.73,-121.79,1.163
3.6471,19.0,6.479338842975206,37.32,-120.45,1.014
3.625,6.0,4.618012422360248,33.17,-117.22,1.357
1.5908,26.0,4.2087765957446805,38.49,-121.48,0.786
4.5033,7.0,5.2917888563049855,37.26,-121.83,2.131
1.7188,17.0,3.485981308411215,32.8,-115.57,0.699
3.4432,16.0,5.264084507042254,38.01,-122.53,0.675
3.7644,14.0,5.7569573283859,33.26,-117.05,2.647
4.125,52.0,5.371663244353183,37.89,-122.28,2.709
3.2596,36.0,5.288732394366197,38.59,-121.38,0.987
3.2404,39.0,5.080071174377224,38.54,-121.44,0.936
2.151,16.0,4.031963470319635,37.78,-122.44,1.469
5.5842,13.0,5.039426523297491,33.08,-116.77,2.391
5.1529,32.0,6.337477797513322,34.19,-118.63,2.596
2.6094,20.0,6.802631578947368,38.03,-120.39,1.391
1.3194,19.0,4.244230769230769,37.75,-122.19,0.814
4.6463,22.0,5.3963636363636365,38.1,-122.58,2.763
3.4231,42.0,5.136094674556213,37.73,-122.41,2.302
3.0156,32.0,4.885906040268456,36.57,-119.3,1.091
2.875,30.0,4.731152204836415,37.77,-122.17,1.353
2.2056,22.0,6.4787878787878785,38.91,-120.02,1.072
3.1554,36.0,5.735562310030395,33.97,-118.07,1.707
2.67,30.0,3.9306666666666668,34.26,-119.25,2.149
5.4359,25.0,6.613095238095238,37.51,-121.97,2.583
4.0182,28.0,6.123924268502582,38.67,-121.24,1.317
1.9194,27.0,5.029885057471264,33.67,-117.33,1.006
1.75,17.0,5.4743589743589745,38.96,-122.63,0.64
3.0329,30.0,3.5019059720457433,33.89,-118.3,2.078
4.2917,44.0,4.97093023255814,33.83,-118.13,3.147
2.0154,23.0,5.606185567010309,33.75,-116.89,0.817
3.1187,25.0,5.905292479108635,33.01,-117.07,1.694
7.5752,52.0,3.142857142857143,34.02,-118.21,0.675
6.1873,35.0,5.348432055749129,34.24,-118.26,3.121
2.56,34.0,2.761648745519713,37.48,-122.22,2.5
2.1333,31.0,3.9306569343065694,34.07,-118.21,1.602
2.4828,17.0,5.4466177669111655,34.1,-116.43,0.84
4.381,32.0,5.3627760252365935,33.87,-118.29,2.387
2.4744,17.0,6.225854383358098,33.33,-116.74,1.582
5.2138,20.0,5.33,33.69,-117.88,2.331
1.6993,28.0,4.721153846153846,34.15,-117.33,0.678
1.3646,44.0,4.344,38.53,-121.47,0.654
3.2019,27.0,4.9314775160599575,37.02,-121.58,2.036
4.5417,4.0,5.735632183908046,38.48,-122.75,1.974
4.5757,15.0,3.610410094637224,33.7,-117.9,1.625
5.1483,28.0,5.602534562211981,37.3,-121.99,3.42
0.9298,36.0,3.6761619190404797,33.93,-118.25,1.0
2.0192,22.0,3.5287517531556802,34.18,-118.45,1.583
3.0486,34.0,5.443627450980392,35.34,-119.03,0.685
3.7813,36.0,4.9035087719298245,37.69,-122.16,1.922
2.0398,49.0,4.253012048192771,32.68,-117.1,0.936
4.5644,26.0,4.47887323943662,37.38,-122.07,2.802
3.7672,19.0,5.215170278637771,35.5,-120.68,1.738
1.3571,21.0,2.8147138964577656,38.56,-121.42,0.55
3.8465,17.0,5.134993446920053,34.1,-117.84,1.807
5.5592,31.0,6.284414106939704,37.39,-121.84,2.299
7.1053,15.0,6.52054794520548,38.36,-122.01,3.152
3.4559,44.0,5.884765625,38.1,-122.22,1.119
4.6827,36.0,5.605691056910569,34.24,-118.43,1.838
1.73,44.0,5.0245098039215685,37.85,-122.28,1.479
4.875,52.0,5.125181950509462,37.75,-122.43,3.622
5.1416,24.0,5.944281524926686,33.75,-117.95,2.314
2.5682,25.0,3.9408450704225353,32.8,-117.16,1.875
3.9699,24.0,4.033123028391167,37.54,-122.28,2.932
2.3506,50.0,4.878411910669975,34.95,-120.43,1.361
3.2344,36.0,4.321492007104796,34.08,-118.12,2.349
4.337,34.0,5.953727506426735,33.97,-117.41,1.578
4.0,16.0,4.648972602739726,32.91,-117.13,1.547
4.6875,20.0,4.348623853211009,37.41,-122.08,2.889
2.0529,43.0,3.845878136200717,32.72,-117.14,1.688
1.4946,34.0,4.340694006309148,39.15,-121.58,0.555
1.7794,52.0,5.954274353876739,37.97,-121.29,0.988
3.05,17.0,8.32008830022075,37.64,-118.98,1.889
4.3879,2.0,7.105691056910569,38.46,-121.35,1.444
3.2396,25.0,3.501700680272109,34.03,-118.44,3.524
2.87,33.0,4.938095238095238,33.94,-117.41,1.176
1.1875,17.0,3.017605633802817,34.06,-118.13,1.839
3.2891,28.0,5.781818181818182,40.93,-123.88,1.063
4.2538,13.0,5.133645955451348,34.26,-118.4,1.543
1.2904,46.0,3.081081081081081,37.95,-121.28,0.633
4.8787,33.0,6.104602510460251,34.7,-118.16,1.277
7.4734,26.0,7.465076660988075,34.47,-119.81,4.322
2.1786,33.0,3.153409090909091,33.13,-117.07,1.375
5.8521,30.0,4.8814935064935066,37.3,-122.03,3.263
6.0868,17.0,6.29338327091136,33.53,-117.69,2.829
3.5859,17.0,5.035294117647059,39.19,-121.04,1.443
2.7813,19.0,4.545673076923077,33.94,-117.48,1.129
2.2604,38.0,4.512345679012346,34.11,-117.32,0.681
4.6976,36.0,5.362612612612613,33.92,-118.09,1.711
5.4824,15.0,6.551051051051051,34.0,-117.72,1.797
4.125,34.0,5.87218045112782,34.09,-117.9,2.208
2.2974,32.0,4.898366606170599,34.15,-117.35,0.845
2.3594,26.0,4.978062157221206,40.47,-122.31,0.66
3.2465,5.0,4.74437627811861,39.11,-121.62,0.972
6.0235,37.0,5.7150735294117645,37.24,-121.95,4.135
1.9732,47.0,4.961038961038961,33.98,-118.32,1.01
1.6221,41.0,3.8256070640176603,34.0,-118.26,1.042
3.3967,25.0,6.176136363636363,33.42,-117.65,2.494
4.9135,52.0,7.188811188811189,37.73,-122.15,2.75
3.0513,15.0,4.756916996047431,33.8,-118.18,1.481
6.0573,24.0,5.261956521739131,37.36,-121.97,2.545
2.5457,38.0,5.512323943661972,39.05,-122.92,0.807
6.0332,19.0,7.062962962962963,36.62,-121.69,2.449
4.5625,42.0,6.962962962962963,34.17,-118.85,3.188
2.5238,22.0,4.6184,38.6,-121.39,1.188
1.9375,16.0,5.303664921465969,39.75,-122.23,0.731
3.6027,17.0,6.162251655629139,32.87,-116.93,2.119
5.9629,39.0,5.948529411764706,37.48,-122.17,3.527
5.2648,12.0,5.608808290155441,32.94,-117.24,2.944
3.7238,34.0,4.791855203619909,33.92,-118.08,1.668
2.5517,52.0,5.845117845117845,38.05,-122.23,1.471
4.061,27.0,5.074300699300699,33.92,-117.99,2.227
4.2902,39.0,5.673040152963671,38.12,-122.24,1.524
2.5707,17.0,3.5660377358490565,32.78,-117.03,1.713
3.7583,33.0,5.627906976744186,34.07,-117.79,1.163
7.1978,18.0,7.34393063583815,37.95,-121.94,2.88
5.5658,52.0,5.3,34.17,-118.28,3.312
3.6475,47.0,4.970530451866405,33.99,-118.04,1.971
4.4097,34.0,6.37888198757764,32.78,-117.19,2.52
4.0231,31.0,4.003322259136213,33.75,-117.89,1.392
3.9688,30.0,6.60431654676259,37.61,-120.8,1.75
4.5833,44.0,4.938356164383562,34.25,-118.3,1.973
4.4118,31.0,4.606512890094979,33.93,-118.01,1.744
4.1875,24.0,4.538709677419355,34.17,-118.46,3.093
3.2674,28.0,4.8782791185729275,37.92,-122.32,1.291
5.4584,3.0,6.033160621761658,32.97,-117.08,2.465
3.6607,47.0,4.623853211009174,33.83,-117.91,1.606
3.2326,21.0,4.506,33.82,-118.0,2.047
3.071,10.0,6.6875,34.53,-117.26,1.516
3.699,19.0,3.532110091743119,37.32,-121.97,2.375
3.788,25.0,5.730841121495327,39.26,-123.18,1.342
3.1483,26.0,3.947867298578199,33.65,-117.93,2.13
2.3456,12.0,4.866323907455013,34.13,-117.37,1.408
1.3713,23.0,4.329938900203666,36.96,-120.04,0.518
4.4271,35.0,5.813880126182966,34.22,-118.56,2.051
6.439,6.0,7.037116345467523,33.06,-117.25,2.962
2.0775,44.0,3.053156146179402,36.9,-121.76,1.214
4.3849,36.0,5.567741935483871,33.93,-118.04,1.441
2.3846,32.0,2.801556420233463,34.08,-118.3,2.583
6.6137,26.0,7.25,33.78,-118.09,3.427
3.5208,19.0,4.743781094527363,37.69,-121.02,1.45
1.3448,11.0,3.3656821378340367,32.75,-117.1,0.913
2.7045,36.0,4.949367088607595,38.01,-121.32,1.028
3.5583,32.0,4.967889908256881,33.95,-118.09,1.708
2.359,40.0,3.6991596638655464,34.03,-118.16,1.434
2.71,17.0,5.253456221198157,40.54,-122.35,0.978
1.5329,39.0,4.263285024154589,37.98,-121.25,0.483
6.1091,13.0,7.133079847908745,37.42,-121.82,3.294
3.8068,52.0,3.8260869565217392,37.88,-122.52,2.75
6.5319,36.0,6.281622911694511,32.72,-117.25,3.458
2.3675,29.0,2.9001280409731116,33.94,-118.37,1.494
1.631,34.0,4.516312056737589,34.02,-118.3,1.375
4.7875,46.0,4.2298507462686565,33.76,-118.13,3.638
2.8167,45.0,3.978165938864629,34.04,-118.17,1.14
2.1694,33.0,4.550695825049702,38.61,-121.43,0.957
4.9087,32.0,4.320137693631669,37.37,-122.06,3.227
1.6585,48.0,4.87037037037037,33.96,-118.25,0.929
5.273,27.0,5.399355877616747,37.34,-121.99,3.156
3.9798,31.0,5.017761989342806,33.78,-117.98,1.875
4.5125,35.0,5.363344051446945,34.21,-118.5,2.003
3.929,16.0,4.638222222222222,33.63,-117.68,1.431
2.6518,40.0,5.573717948717949,38.29,-122.3,1.561
6.4761,39.0,6.536231884057971,34.16,-118.07,3.975
1.8042,17.0,4.06015037593985,39.14,-123.2,1.092
6.8107,29.0,6.993589743589744,34.16,-118.61,3.674
3.0827,29.0,4.7915057915057915,36.7,-121.65,1.481
2.6949,15.0,5.496394230769231,33.66,-117.28,1.636
3.775,9.0,6.103626943005182,34.43,-118.66,1.55
2.1974,22.0,3.141025641025641,34.22,-118.48,0.938
6.1049,35.0,6.757575757575758,34.14,-117.85,2.972
3.0234,15.0,5.319047619047619,36.09,-119.02,0.886
5.9676,13.0,7.965891472868217,35.2,-120.66,3.8
4.9236,5.0,5.682619647355164,37.73,-121.06,1.559
4.7515,18.0,5.260416666666667,33.71,-118.01,2.956
4.4286,52.0,5.433537832310838,37.9,-122.29,2.349
4.69,36.0,6.405882352941177,37.25,-121.93,2.526
4.0357,44.0,6.2326530612244895,34.02,-118.34,1.878
2.9097,16.0,4.203463203463204,37.96,-122.04,1.063
2.8958,17.0,4.392905866302865,34.18,-118.91,1.76
5.1061,26.0,6.714765100671141,33.78,-118.03,2.575
1.8176,45.0,4.632302405498282,38.62,-121.39,1.609
5.5261,10.0,7.037225042301184,35.42,-119.08,1.32
5.64,27.0,5.833865814696486,37.62,-122.08,2.065
3.1914,19.0,4.426656151419558,36.98,-121.99,2.156
4.8906,21.0,5.356902356902357,33.82,-117.89,1.791
2.6123,37.0,4.17936507936508,33.93,-117.95,1.613
1.625,1.0,3.0,33.86,-116.95,0.55
2.1518,43.0,3.728125,34.23,-118.39,1.616
2.7647,20.0,4.109677419354838,33.96,-118.09,1.63
4.1875,6.0,5.816358024691358,36.84,-121.38,2.176
3.8462,52.0,6.281853281853282,37.85,-122.25,3.422
3.07,15.0,5.385624344176286,39.76,-121.89,1.426
2.875,17.0,4.417040358744394,32.56,-117.05,1.345
5.061,34.0,5.081553398058253,33.84,-118.29,2.18
1.625,21.0,4.549199084668192,33.6,-114.6,0.62
4.0516,8.0,6.201298701298701,38.46,-121.48,1.212
2.6847,18.0,5.704152249134948,40.99,-124.08,1.113
3.6434,51.0,4.6006006006006,34.09,-118.26,2.788
3.5357,26.0,6.468,32.63,-117.17,0.675
2.7816,21.0,3.50453720508167,34.09,-118.13,1.882
1.7184,11.0,4.006172839506172,36.78,-120.39,0.552
4.8583,28.0,5.983333333333333,34.28,-119.19,2.242
4.3762,11.0,6.086602731764022,33.19,-117.31,2.155
3.0068,23.0,5.230635335073977,39.76,-121.82,1.073
3.6667,32.0,7.016666666666667,33.9,-117.4,3.141
6.2726,22.0,6.827586206896552,37.73,-121.94,2.582
6.2427,11.0,6.161016949152542,33.88,-117.97,2.185
4.875,33.0,5.630597014925373,37.44,-122.12,3.734
3.0147,37.0,3.9582089552238804,37.48,-122.21,2.181
4.8667,44.0,5.990610328638498,33.86,-118.14,2.183
3.1691,42.0,3.5300925925925926,34.1,-118.24,1.413
1.2639,16.0,7.424242424242424,33.19,-116.0,0.513
3.3906,36.0,5.0785340314136125,32.58,-117.16,1.478
4.2885,31.0,5.506238859180035,38.53,-121.52,1.603
1.4886,11.0,3.859375,32.75,-117.1,0.898
3.4784,36.0,4.974317817014446,38.61,-121.41,1.055
5.3398,36.0,5.814220183486238,37.66,-122.46,2.609
6.2516,9.0,6.972375690607735,34.15,-117.22,1.593
4.0616,13.0,5.157894736842105,32.59,-117.06,1.488
4.1319,22.0,5.949886104783599,34.41,-119.31,2.45
1.9808,14.0,3.2865384615384614,33.78,-118.16,1.391
1.4191,12.0,3.594392523364486,36.19,-120.09,0.551
1.9625,35.0,5.104477611940299,40.11,-123.75,1.015
5.3705,5.0,6.646067415730337,33.45,-117.63,3.635
3.4455,10.0,5.512027491408935,33.14,-117.11,1.905
3.8158,24.0,5.006476683937824,33.75,-117.98,1.8
1.2679,30.0,4.607843137254902,33.94,-118.24,0.92
2.675,25.0,6.323741007194244,38.92,-120.01,1.042
1.9091,29.0,5.353982300884955,36.06,-119.19,0.713
3.6471,12.0,4.628378378378378,33.86,-117.97,1.417
5.316,33.0,5.210862619808307,37.43,-122.12,3.981
2.2254,40.0,3.3452188006482984,34.04,-118.34,1.271
4.3981,12.0,6.28046421663443,38.79,-120.95,2.028
5.3813,23.0,6.924558587479936,37.48,-121.92,2.644
2.8438,21.0,4.714953271028038,38.37,-121.98,1.115
3.0139,43.0,5.917582417582418,38.62,-121.37,1.156
2.5213,42.0,3.8165548098434003,34.09,-118.22,1.497
4.9,17.0,6.501706484641638,34.66,-118.22,1.524
5.75,52.0,6.739130434782608,37.76,-122.23,3.063
2.0375,26.0,7.12,41.21,-122.34,0.575
1.5931,18.0,3.9296536796536796,32.68,-115.5,0.884
2.334,30.0,5.3652173913043475,39.51,-121.52,0.722
3.8646,36.0,4.975395430579965,33.84,-118.16,2.146
7.5847,5.0,6.7725752508361206,33.71,-117.77,3.757
2.7813,19.0,3.9136546184738954,33.91,-118.35,2.313
3.0645,20.0,5.21578947368421,37.65,-121.02,1.06
3.2516,16.0,5.064777327935222,32.86,-116.84,2.021
4.3889,41.0,5.741007194244604,34.15,-118.4,3.804
4.7877,11.0,6.087396504139835,33.95,-117.24,1.326
4.6176,44.0,5.883966244725738,33.97,-118.41,3.523
5.1297,16.0,5.788461538461538,37.99,-122.11,2.067
1.5223,33.0,4.722222222222222,36.54,-119.38,0.518
4.6375,28.0,6.281779661016949,38.0,-122.02,1.782
3.4514,38.0,3.8215767634854774,34.25,-118.43,1.519
4.0536,26.0,3.7,33.88,-118.3,2.536
6.5616,33.0,6.393805309734513,33.74,-117.8,2.902
2.3843,29.0,5.328413284132841,33.82,-117.91,1.829
0.813,12.0,4.781094527363184,33.12,-117.1,2.75
6.6246,9.0,6.611457036114571,34.23,-118.99,2.842
3.5417,25.0,7.143274853801169,38.96,-119.98,1.148
1.8485,48.0,4.754385964912281,34.02,-118.24,0.906
5.0415,29.0,6.555555555555555,38.46,-122.7,2.402
4.8125,22.0,4.811940298507463,34.17,-119.15,1.944
1.9667,26.0,8.25,38.94,-119.97,0.846
2.6635,16.0,4.555555555555555,38.57,-121.37,1.358
1.608,39.0,4.181547619047619,34.06,-117.66,0.918
2.5,52.0,4.804761904761905,37.33,-121.9,1.625
6.2917,14.0,7.310262529832936,34.04,-117.21,2.247
2.1764,24.0,4.407365439093485,34.02,-117.51,1.353
3.4934,27.0,5.46,37.57,-120.85,1.938
1.6452,32.0,4.324705882352941,36.06,-119.14,0.415
2.2361,47.0,4.9414758269720105,38.01,-121.81,1.051
3.0221,25.0,4.350364963503649,33.18,-117.17,2.143
4.037,37.0,5.093283582089552,38.38,-121.61,1.569
4.8088,19.0,6.297087378640777,38.66,-121.23,1.695
3.2818,31.0,3.617094017094017,34.09,-118.37,2.25
5.8596,50.0,6.742627345844504,37.84,-122.23,3.276
2.7179,46.0,3.694103194103194,34.08,-118.27,1.843
4.9528,13.0,7.521031207598372,32.76,-116.95,2.662
3.2159,23.0,5.576923076923077,36.4,-119.1,0.928
2.6091,21.0,3.7839541547277937,33.9,-118.33,1.639
2.3387,25.0,4.603975535168196,33.6,-117.71,0.748
7.3681,13.0,7.584033613445378,33.85,-117.77,3.531
2.599,44.0,4.287390029325513,34.0,-118.44,3.622
1.7456,26.0,5.127922971114168,34.17,-117.28,0.868
5.6096,17.0,5.486005089058525,37.41,-121.85,1.991
3.1369,19.0,4.129729729729729,33.91,-118.11,1.969
4.7778,52.0,5.269360269360269,37.77,-122.26,3.518
6.0667,19.0,6.44851904090268,37.53,-122.01,2.457
1.6854,18.0,4.756535947712418,36.79,-119.82,0.647
4.1141,36.0,6.955719557195572,37.64,-122.09,1.731
1.585,52.0,4.376021798365122,40.8,-124.17,0.755
3.3409,18.0,4.646983311938382,34.2,-119.19,2.205
2.6667,14.0,3.4956413449564137,34.21,-118.39,1.724
1.7176,34.0,4.501915708812261,36.43,-119.86,0.584
1.3929,29.0,3.1927554980595083,37.8,-122.25,1.938
3.6987,42.0,5.296943231441048,33.87,-118.19,1.521
1.756,33.0,5.309322033898305,38.15,-122.23,0.864
2.0025,32.0,4.535966149506347,35.67,-119.24,0.547
2.6765,26.0,5.415349887133183,40.26,-120.2,0.476
6.187,18.0,6.62621359223301,34.18,-118.93,2.879
3.4417,15.0,3.0872641509433962,33.65,-117.92,1.825
4.0074,30.0,5.823439878234399,34.46,-119.26,4.347
3.0161,52.0,4.673721340388007,37.77,-122.25,2.157
5.4719,38.0,5.890080428954423,37.52,-122.28,3.979
5.778,16.0,7.413729128014842,38.37,-122.01,1.757
0.8894,20.0,2.46875,37.34,-121.89,3.5
6.5078,45.0,6.515570934256055,34.11,-118.09,4.148
1.7898,35.0,4.970394736842105,37.96,-121.26,0.635
3.15,14.0,6.364341085271318,40.69,-121.83,0.875
2.29,23.0,5.6833810888252145,34.04,-117.05,1.118
6.2899,15.0,6.961439588688946,33.62,-117.65,2.75
2.375,52.0,4.289719626168225,34.27,-119.27,1.984
4.1071,52.0,4.681603773584905,37.73,-122.43,2.409
2.2863,5.0,4.106457242582897,36.6,-119.44,0.692
4.7926,27.0,5.3882352941176475,34.23,-118.51,4.544
4.7083,25.0,5.414578587699316,34.28,-118.7,1.961
6.8233,18.0,7.228915662650603,37.67,-122.04,3.326
3.1441,33.0,4.827285921625545,33.9,-118.09,1.763
4.4187,35.0,5.348336594911937,34.16,-119.19,1.834
4.2569,52.0,4.898128898128898,37.76,-122.43,4.554
1.5536,20.0,5.690196078431373,38.96,-119.94,2.125
4.7019,14.0,6.143631436314363,38.98,-121.06,2.128
3.6467,36.0,4.409090909090909,34.03,-118.43,3.467
4.0391,52.0,4.518867924528302,37.74,-122.42,2.799
3.0357,38.0,4.072164948453608,34.09,-118.28,1.75
4.125,9.0,6.655581947743468,33.52,-116.96,3.921
2.0658,30.0,5.461904761904762,33.93,-118.23,0.932
4.5352,26.0,4.807017543859649,37.75,-122.46,3.742
5.6762,16.0,6.833119383825418,34.23,-119.03,2.713
4.556,23.0,6.115591397849462,34.27,-118.73,2.053
4.0052,30.0,4.2377358490566035,34.13,-118.2,1.964
2.5156,18.0,6.1393034825870645,39.79,-120.53,0.719
2.6208,52.0,3.8203389830508474,35.27,-120.65,2.271
3.055,33.0,3.775413711583924,33.87,-117.92,1.578
4.375,37.0,5.325714285714286,33.91,-118.14,1.776
2.1198,21.0,5.404109589041096,40.17,-120.37,0.735
7.316,13.0,6.694096601073345,37.69,-121.92,2.854
6.1966,16.0,6.356495468277946,33.71,-117.9,2.605
6.9322,52.0,6.450777202072539,32.74,-117.21,3.345
2.275,21.0,5.4574898785425106,41.95,-124.14,1.224
2.9451,7.0,5.38984126984127,37.62,-120.97,1.278
4.65,21.0,7.485232067510548,34.96,-120.41,1.525
3.6417,27.0,4.262865090403338,33.88,-118.08,2.081
5.3167,21.0,5.846153846153846,37.33,-122.05,4.163
3.1905,36.0,4.884858044164038,34.14,-117.86,2.353
2.4338,49.0,4.703933747412008,37.77,-122.2,1.024
2.9324,29.0,6.085106382978723,38.79,-121.51,1.375
3.4265,52.0,4.703448275862069,34.07,-118.36,4.569
2.5111,49.0,4.886792452830188,36.75,-119.75,0.554
3.3942,21.0,4.792540792540793,34.15,-117.9,2.128
2.5893,29.0,5.672077922077922,36.8,-119.76,0.709
3.0733,15.0,4.936117936117936,38.67,-121.3,1.198
3.9506,11.0,5.516746411483253,38.72,-121.31,1.222
4.2356,21.0,4.75,33.02,-117.28,3.477
2.7083,18.0,4.99,33.74,-116.95,0.912
3.4954,8.0,4.51063829787234,33.92,-117.89,1.595
2.9453,28.0,5.343042071197411,36.81,-119.72,0.722
3.2375,25.0,3.392523364485981,36.14,-121.62,4.5
4.7356,22.0,6.82875605815832,33.99,-116.99,1.959
6.5851,26.0,7.989949748743719,34.21,-118.88,3.0
2.6654,52.0,5.0091324200913245,34.05,-118.34,2.594
1.6563,31.0,3.814946619217082,38.61,-121.47,0.658
6.3911,29.0,6.717908082408875,34.28,-118.51,3.017
2.8304,33.0,3.611438183347351,33.93,-118.34,1.437
4.225,28.0,5.576864535768645,33.94,-117.93,2.247
2.5192,47.0,5.721393034825871,39.46,-123.84,1.104
6.0358,32.0,5.475352112676056,37.25,-121.93,2.601
4.1679,41.0,6.617486338797814,37.05,-122.05,2.013
1.0217,33.0,3.609375,37.64,-121.01,0.813
3.1103,16.0,5.421296296296297,33.86,-117.26,1.1
3.9837,31.0,5.018651362984218,33.87,-118.09,2.46
6.3258,16.0,6.412621359223301,37.06,-121.96,3.9
4.174,42.0,6.595317725752508,36.57,-121.92,3.944
4.3409,30.0,5.1305084745762715,34.32,-118.42,1.56
1.4851,52.0,3.1909722222222223,34.42,-119.71,2.375
2.7933,51.0,5.560919540229885,37.12,-122.12,2.069
4.0109,23.0,5.440633245382585,33.21,-117.34,1.457
4.4375,10.0,6.041420118343195,39.13,-121.05,1.851
1.4103,52.0,3.7493796526054592,37.83,-122.28,1.039
5.2838,36.0,5.9,37.64,-122.09,1.726
5.6233,21.0,6.605113636363637,37.03,-122.03,3.22
6.2456,13.0,6.456896551724138,34.1,-117.8,1.617
3.2917,29.0,5.792490118577075,36.93,-121.73,2.247
2.773,20.0,3.8841405508072175,34.2,-118.43,1.405
3.6125,15.0,5.917808219178082,38.53,-120.59,1.0
6.0338,52.0,5.793427230046948,34.08,-118.37,4.237
2.5556,20.0,5.132478632478633,37.08,-122.25,1.775
1.1557,34.0,4.165242165242165,33.97,-118.27,0.901
6.1265,22.0,6.759557344064386,37.73,-121.94,2.603
3.9766,14.0,6.58664546899841,38.44,-122.78,3.453
4.6312,7.0,5.839679358717435,34.18,-117.34,1.249
2.4492,12.0,5.817004048582996,34.1,-117.39,1.038
2.2727,10.0,4.934027777777778,36.59,-119.61,0.927
3.5491,41.0,4.423076923076923,37.35,-121.98,2.611
3.0904,36.0,5.193661971830986,34.05,-117.96,1.586
6.3516,40.0,5.943231441048035,34.01,-118.45,3.543
5.1782,33.0,6.228571428571429,33.84,-117.88,2.25
3.0503,25.0,4.041284403669724,33.77,-118.17,2.25
2.2981,35.0,4.654589371980676,35.78,-119.25,0.699
5.75,16.0,6.3,34.42,-119.23,3.25
2.033,16.0,3.705211726384365,35.74,-119.23,0.684
4.2143,34.0,5.402810304449648,34.18,-118.52,2.454
3.2222,34.0,5.342364532019705,33.92,-118.02,2.187
3.2596,25.0,5.227926078028747,34.54,-117.3,0.854
3.12,52.0,4.797527047913447,37.84,-122.25,2.414
6.311,25.0,6.657575757575757,34.3,-119.19,2.832
5.9158,27.0,5.700996677740863,37.34,-122.0,3.431
4.4667,34.0,5.812375249500998,33.79,-117.95,1.906
5.4171,52.0,6.764705882352941,37.89,-122.28,2.92
3.052,17.0,3.355781448538755,34.15,-118.24,2.098
4.7222,6.0,5.680851063829787,34.19,-117.32,1.09
5.1669,44.0,5.220883534136546,33.89,-118.32,2.206
3.1806,41.0,4.043333333333333,34.12,-118.24,2.042
3.6289,25.0,4.568831168831169,33.76,-118.02,1.958
3.6,36.0,4.240713224368499,33.97,-118.05,1.54
5.828,27.0,6.090909090909091,34.06,-118.16,3.011
3.0703,34.0,4.371287128712871,33.91,-118.14,1.808
2.75,49.0,3.647840531561462,34.02,-118.2,1.46
0.6825,17.0,2.372549019607843,37.65,-121.0,1.875
4.4875,8.0,6.087227414330218,33.76,-117.4,2.491
3.2241,28.0,4.188376753507014,34.15,-118.43,2.958
3.0,39.0,5.10431654676259,39.14,-123.21,1.146
3.0139,11.0,5.347712418300653,33.15,-117.2,1.99
3.1392,8.0,2.8156565656565657,33.8,-118.3,1.462
5.5198,14.0,6.559751037344398,34.14,-117.61,2.456
3.9934,35.0,5.399253731343284,34.12,-117.89,1.419
3.5931,18.0,5.50103519668737,35.62,-117.7,0.719
1.7153,25.0,8.02788844621514,40.48,-123.73,0.771
1.5326,52.0,3.6767955801104972,33.97,-118.26,0.906
2.6902,25.0,6.671875,32.79,-117.24,2.125
3.1979,43.0,3.79155672823219,32.74,-117.16,4.667
3.7462,15.0,4.900313971742543,37.59,-122.05,2.125
3.9607,18.0,5.832699619771863,38.12,-121.29,1.325
3.4643,16.0,5.072423398328691,40.31,-120.49,0.851
7.9013,5.0,8.31929347826087,34.3,-118.67,3.93
4.84,21.0,6.101190476190476,33.99,-117.49,1.164
3.0321,32.0,4.292242295430393,34.23,-118.53,2.4
3.9464,14.0,5.986970684039088,33.1,-117.25,1.719
4.0547,52.0,4.787878787878788,37.71,-122.46,2.462
2.4367,15.0,4.019447287615148,32.8,-116.97,1.114
1.1125,28.0,5.548275862068966,37.72,-122.39,2.063
3.9375,28.0,4.907834101382488,33.74,-118.3,2.705
4.1837,22.0,5.670781893004115,32.7,-117.02,1.254
2.7727,25.0,3.6779661016949152,37.36,-121.95,2.356
2.725,39.0,2.4382716049382718,32.69,-117.11,0.865
4.475,5.0,5.629370629370629,32.81,-115.58,0.963
3.0212,31.0,3.984126984126984,34.03,-118.13,2.082
3.8792,22.0,4.715254237288136,33.8,-118.07,2.182
2.5933,52.0,3.758765778401122,37.76,-122.47,3.596
4.4964,27.0,6.096551724137931,34.28,-118.7,2.383
1.8125,45.0,2.541284403669725,34.03,-118.22,1.396
0.5495,38.0,4.249056603773585,33.96,-118.27,0.917
5.6063,16.0,6.417391304347826,37.45,-121.9,3.205
5.3439,23.0,5.825980392156863,33.83,-117.86,2.271
2.7813,33.0,4.79933110367893,33.9,-118.2,1.051
3.7941,37.0,4.771543086172345,34.16,-118.33,2.478
4.7426,19.0,5.871428571428571,37.93,-121.66,2.631
5.5501,17.0,6.662650602409639,33.72,-117.92,2.742
2.4559,39.0,4.875502008032129,39.21,-122.01,0.75
4.1513,17.0,2.567901234567901,37.61,-122.42,1.375
3.425,36.0,4.789699570815451,33.96,-118.09,1.632
3.5167,46.0,5.850340136054422,37.4,-120.69,1.375
2.6708,52.0,4.863894139886578,38.11,-122.26,1.097
4.747,12.0,5.636563876651983,37.24,-121.77,2.611
6.142,44.0,6.01360544217687,37.49,-122.25,3.947
2.6485,18.0,4.235249042145594,38.59,-121.41,1.145
4.5398,20.0,7.005277044854881,36.85,-119.69,1.431
4.9688,15.0,6.18595041322314,38.68,-121.25,1.356
3.9375,46.0,4.611607142857143,33.87,-117.94,1.87
4.5595,35.0,5.642361111111111,33.99,-118.07,1.649
2.0094,19.0,4.351529694061187,39.76,-121.86,0.873
2.9564,34.0,4.052048726467331,37.67,-122.1,1.505
4.125,36.0,5.649681528662421,33.85,-118.11,2.195
3.7083,14.0,6.304093567251462,36.42,-121.91,2.1
5.3077,18.0,6.065767284991568,37.29,-121.91,3.514
3.1406,20.0,5.48469387755102,40.95,-124.16,0.96
3.6458,44.0,4.567961165048544,34.0,-118.46,3.258
5.8002,19.0,6.610859728506787,38.32,-122.32,2.387
6.0266,8.0,6.4662756598240465,32.83,-117.04,1.774
3.5313,16.0,5.384615384615385,33.03,-117.27,1.487
4.2448,4.0,6.512658227848101,38.11,-121.26,1.509
1.6146,39.0,5.056034482758621,36.07,-119.02,0.531
3.1625,16.0,5.99234693877551,37.68,-120.97,1.303
3.7904,15.0,6.109813084112149,38.79,-121.24,1.732
4.1587,43.0,5.861495844875346,37.92,-122.31,2.122
3.7159,52.0,5.788643533123029,34.17,-118.12,3.154
5.388,26.0,5.772277227722772,37.54,-121.99,2.25
6.359,32.0,6.627329192546584,37.3,-122.02,3.419
5.1028,42.0,5.837121212121212,34.23,-118.24,2.921
3.0694,44.0,5.385852090032154,37.95,-122.34,1.353
4.5042,9.0,7.129129129129129,39.04,-121.07,2.064
2.2969,17.0,4.930163447251115,33.79,-117.23,0.893
3.375,42.0,4.468390804597701,34.07,-118.19,1.696
5.5921,18.0,7.803763440860215,37.81,-121.98,3.591
4.5743,28.0,4.881230116648992,33.93,-118.42,3.822
1.7257,39.0,5.068354430379747,37.93,-122.35,0.915
1.725,52.0,3.386215864759428,37.88,-122.26,2.875
5.0186,17.0,5.523715415019763,37.27,-121.84,2.508
4.5615,8.0,4.336903602726387,37.27,-121.83,2.826
3.8542,5.0,3.8246187363834423,32.87,-117.22,1.766
3.1033,25.0,3.6114044350580783,34.14,-118.12,2.179
5.1738,36.0,5.989711934156379,33.94,-118.0,2.037
3.0268,5.0,4.86986301369863,35.44,-119.05,0.77
2.375,17.0,5.690406976744186,36.02,-119.01,0.798
2.6544,12.0,5.958333333333333,38.06,-120.4,1.281
2.569,10.0,4.7011795543905635,35.4,-118.91,1.13
3.2375,36.0,5.058181818181819,34.01,-118.07,1.768
4.0739,21.0,5.98816029143898,38.69,-121.3,1.154
4.955,4.0,5.390459363957597,33.0,-117.07,2.415
4.0197,10.0,6.845819761129207,38.71,-120.62,1.322
7.4111,52.0,6.766381766381766,34.11,-118.15,4.691
3.1625,24.0,6.572972972972973,38.94,-119.99,1.036
4.0682,36.0,6.1193415637860085,37.67,-122.14,1.962
4.3176,52.0,6.251417769376181,33.97,-117.39,1.362
2.4964,32.0,5.79020979020979,37.37,-120.75,0.888
4.0536,46.0,5.889830508474576,37.91,-122.29,2.62
1.875,39.0,3.2270531400966185,34.02,-118.27,1.273
3.3462,32.0,5.715672676837725,35.37,-118.91,0.676
3.0667,19.0,5.357495881383855,36.32,-119.79,0.758
4.2733,22.0,5.224764468371467,37.67,-122.06,1.807
3.5039,46.0,3.75,34.08,-118.26,1.875
2.2716,26.0,2.89,33.84,-117.91,3.5
4.4033,15.0,6.885207100591716,35.13,-120.56,2.676
6.2893,16.0,7.014354066985646,34.21,-118.8,2.827
2.6964,21.0,4.660377358490566,34.2,-119.18,1.708
1.6667,46.0,3.445901639344262,34.05,-118.19,1.336
4.0524,13.0,4.074949358541526,37.31,-121.92,2.139
3.3555,52.0,3.9615384615384617,37.75,-122.42,2.75
5.3678,7.0,7.38625,34.14,-117.58,2.317
4.0,47.0,6.18724279835391,38.11,-122.23,1.415
4.8906,15.0,5.7281323877068555,33.54,-117.67,1.818
2.5221,7.0,5.098591549295775,33.74,-117.22,1.092
2.5952,48.0,5.667924528301887,32.77,-117.11,1.903
5.6529,14.0,6.817821782178218,38.65,-121.21,1.96
2.503,17.0,6.935960591133005,40.77,-121.86,0.656
4.0469,27.0,6.542735042735043,39.13,-123.21,1.274
2.4281,18.0,5.649606299212598,36.29,-119.15,0.725
4.6845,20.0,5.187322611163671,37.25,-121.9,2.5
0.8658,52.0,3.7265625,34.12,-117.27,0.875
2.7399,18.0,3.480611045828437,37.52,-122.21,0.875
7.912,26.0,7.209068010075566,37.72,-122.13,3.673
2.1944,50.0,2.3684210526315788,34.02,-118.25,1.583
3.75,52.0,6.117647058823529,34.09,-118.25,2.417
5.615,27.0,6.678373382624769,38.08,-122.58,2.856
3.5838,22.0,3.9438559322033897,37.95,-122.53,2.713
2.7885,46.0,5.103092783505154,38.55,-121.51,1.372
1.7059,26.0,4.494565217391305,33.94,-117.46,0.858
2.8281,20.0,6.1,36.31,-119.73,0.602
6.1868,13.0,8.332326283987916,33.1,-117.05,3.202
1.7083,29.0,2.8986371379897786,34.1,-118.3,1.667
3.0134,29.0,4.669879518072289,36.13,-120.36,0.555
3.7813,15.0,5.620057859209258,38.7,-121.28,1.432
2.5045,15.0,4.103932584269663,36.74,-119.78,0.903
6.2037,32.0,5.345132743362832,34.27,-118.35,2.054
1.4113,52.0,4.295454545454546,37.82,-122.28,0.831
4.1167,33.0,4.601178781925344,33.82,-117.99,2.155
3.676,35.0,4.770562770562771,33.22,-117.37,1.256
2.6713,28.0,3.879432624113475,34.08,-118.37,3.125
2.9338,18.0,2.866228070175439,34.0,-118.41,2.763
3.5982,35.0,5.1976401179941005,38.29,-122.46,2.717
3.7821,5.0,5.505763688760807,36.79,-119.89,0.804
5.3727,33.0,4.977624784853701,37.41,-122.12,3.609
3.3966,42.0,4.940809968847352,34.08,-118.11,2.432
1.5429,42.0,5.258215962441315,35.33,-119.01,0.394
2.0074,20.0,5.284327323162275,41.75,-124.21,0.669
4.0217,46.0,4.817610062893082,37.75,-122.5,2.724
4.3696,7.0,6.5279307631786,37.71,-121.42,1.707
1.9706,41.0,3.891992551210428,34.09,-118.19,1.442
5.2034,29.0,5.645491803278689,33.81,-118.28,2.124
4.8068,46.0,5.4638783269961975,37.55,-122.32,3.697
6.2503,2.0,8.408163265306122,38.66,-121.13,2.225
3.7857,16.0,6.377358490566038,33.4,-117.24,2.27
2.4667,33.0,4.43254817987152,33.98,-117.36,0.807
4.2054,23.0,5.321100917431193,40.67,-124.14,1.306
3.8056,29.0,6.391304347826087,36.83,-119.91,1.654
5.0677,52.0,6.300813008130081,37.66,-121.87,2.333
5.6573,19.0,6.713080168776371,33.87,-117.86,2.16
2.1465,22.0,4.430485762144054,34.15,-117.25,0.888
2.2697,52.0,4.368421052631579,37.8,-122.24,1.27
4.4831,36.0,5.2560975609756095,33.8,-118.09,2.539
3.1771,52.0,4.8279069767441865,37.77,-122.25,2.102
4.0781,30.0,5.685258964143427,37.12,-122.04,1.545
3.25,35.0,5.90258449304175,34.11,-117.36,1.071
5.1586,29.0,5.357407407407408,34.21,-118.42,2.374
6.3699,25.0,5.846808510638298,37.96,-122.1,2.355
2.6184,25.0,3.622950819672131,33.88,-118.12,2.438
3.0453,25.0,4.141382868937049,33.79,-118.15,1.859
3.55,27.0,4.551980198019802,33.04,-117.27,2.146
2.2672,16.0,5.32518337408313,38.03,-121.29,0.911
1.2634,28.0,3.272727272727273,36.34,-119.29,0.506
3.3371,32.0,4.845195729537367,32.57,-117.11,1.405
5.0062,30.0,5.715025906735751,37.27,-121.91,2.32
4.0208,52.0,5.395833333333333,37.28,-121.95,2.625
3.7303,31.0,4.840175953079179,33.84,-117.88,2.238
3.1818,18.0,4.212477928193055,34.2,-118.57,2.08
5.0602,34.0,5.960912052117264,33.88,-118.38,4.537
3.3472,31.0,6.1305114638447975,35.63,-120.72,1.952
2.2206,50.0,5.350877192982456,41.73,-122.64,0.632
3.0143,44.0,3.7838479809976246,33.96,-118.23,1.482
5.894,47.0,6.0055401662049865,34.18,-118.1,3.009
3.2898,49.0,4.293216630196937,34.17,-118.13,2.0
5.0544,29.0,5.875555555555556,38.24,-122.67,2.618
3.512,18.0,5.081601231716705,36.71,-121.77,1.748
4.069,28.0,5.247349823321555,32.69,-117.07,1.533
5.795,22.0,7.139720558882235,38.32,-122.53,3.323
2.6667,44.0,4.541284403669724,37.68,-121.77,1.792
2.1763,19.0,2.6273584905660377,34.15,-118.12,1.688
3.4426,22.0,5.794594594594595,39.15,-121.66,1.024
6.0097,25.0,5.972222222222222,34.45,-118.5,2.202
2.319,41.0,5.366265060240964,36.78,-119.79,0.591
2.8281,33.0,4.204761904761905,34.05,-117.62,1.036
2.8042,19.0,3.9358490566037734,34.41,-119.7,2.361
3.1711,39.0,5.683982683982684,38.01,-122.11,1.161
2.5847,17.0,5.764344262295082,33.78,-117.06,1.453
4.9643,36.0,5.118367346938776,34.21,-118.5,2.361
5.3473,41.0,6.089171974522293,34.23,-118.24,3.527
4.0174,28.0,5.028056112224449,37.28,-121.96,2.739
2.25,24.0,4.498168498168498,33.84,-118.19,1.92
7.7743,27.0,6.799373040752351,37.53,-122.35,4.531
2.5403,52.0,3.6639427987742597,37.76,-122.42,2.5
5.3102,13.0,7.494404883011191,38.24,-122.1,1.95
1.7708,9.0,4.152284263959391,39.52,-121.56,0.795
3.475,24.0,6.025956284153006,38.16,-121.22,1.512
3.0125,40.0,3.8513513513513513,34.09,-118.09,2.24
6.3066,17.0,4.714907508161045,37.87,-122.5,3.461
3.4286,44.0,4.136085626911315,34.16,-118.33,2.479
1.9231,44.0,3.959550561797753,34.01,-118.33,1.885
5.1519,15.0,5.067019400352733,37.01,-121.58,2.647
2.9624,16.0,4.414079822616408,32.77,-117.04,1.447
5.1786,16.0,6.860714285714286,33.28,-117.17,3.768
3.9141,12.0,6.946386946386946,36.91,-119.46,1.239
6.1273,26.0,7.0049504950495045,33.92,-118.0,2.896
1.7451,23.0,3.6473477406679766,38.6,-121.42,0.896
3.4028,14.0,5.614457831325301,39.29,-121.06,1.718
2.8452,24.0,6.096698113207547,35.4,-119.42,1.047
2.2337,23.0,5.491428571428571,40.92,-121.63,0.645
3.1972,8.0,5.685325264750378,39.05,-120.94,1.515
2.1357,28.0,3.339563862928349,32.8,-117.24,1.875
5.1814,16.0,6.286231884057971,33.11,-117.18,2.799
2.4036,18.0,4.912969283276451,40.71,-122.32,1.054
3.9125,52.0,5.088838268792711,34.15,-118.01,2.655
2.1976,52.0,4.590322580645161,38.11,-122.25,0.979
2.5395,35.0,4.297520661157025,34.12,-117.99,1.392
7.2758,52.0,6.028708133971292,32.74,-117.22,3.452
3.8984,40.0,6.43312101910828,37.64,-120.87,1.705
6.2685,6.0,8.010989010989011,34.68,-120.44,3.074
3.6711,35.0,4.825882352941177,34.02,-117.49,1.082
1.1528,32.0,5.103448275862069,35.27,-118.99,1.5
4.9464,43.0,6.216949152542373,33.93,-118.31,1.503
5.5545,16.0,6.2075,33.57,-117.66,2.142
2.59,52.0,4.38996138996139,37.77,-122.22,0.964
3.087,19.0,5.956916099773243,36.74,-120.07,0.882
3.5812,12.0,4.4271457085828345,33.78,-118.15,1.986
3.125,25.0,4.15615141955836,33.78,-117.86,2.15
3.8333,34.0,4.6761904761904765,33.92,-117.89,1.704
1.2227,19.0,5.039735099337748,40.16,-123.82,0.768
4.739,26.0,6.464,32.81,-117.17,1.841
5.5,16.0,6.691460055096419,37.27,-121.84,2.532
3.3594,22.0,5.623115577889447,37.92,-122.32,1.869
2.1863,23.0,3.795238095238095,34.01,-117.93,1.576
5.184,35.0,6.041753653444676,34.06,-117.92,2.249
4.9676,22.0,5.598290598290598,34.23,-118.57,2.219
1.5449,17.0,4.5315985130111525,36.74,-119.69,0.625
3.3333,29.0,4.104838709677419,33.86,-118.08,1.988
4.8962,31.0,5.390692640692641,37.56,-122.03,2.202
3.6343,37.0,5.208860759493671,38.49,-122.91,1.465
7.1134,38.0,5.487341772151899,34.11,-118.38,4.167
3.6083,38.0,5.684729064039409,38.28,-122.29,1.342
6.101,42.0,6.496815286624204,34.16,-118.0,3.118
2.8357,16.0,4.469565217391304,33.49,-117.68,1.063
3.3516,32.0,4.960167714884696,33.86,-117.96,1.9
4.0221,16.0,4.6767676767676765,38.01,-121.36,1.733
5.4359,33.0,5.326869806094183,33.95,-118.34,1.941
3.176,14.0,5.949671772428884,35.59,-119.35,0.718
3.95,45.0,4.5210084033613445,33.95,-118.35,1.64
3.1711,35.0,6.147388059701493,38.59,-121.31,1.019
4.4777,16.0,4.434782608695652,34.43,-119.88,2.825
3.8194,5.0,5.94015748031496,34.54,-117.18,0.985
4.67,8.0,6.226950354609929,37.34,-120.48,1.276
4.2644,46.0,4.756410256410256,37.76,-122.5,2.841
3.6682,33.0,4.60932944606414,37.34,-121.97,2.661
3.5322,40.0,4.540733197556008,37.48,-122.24,3.619
3.0465,34.0,4.754137115839243,33.91,-118.14,1.878
4.1146,45.0,5.076326002587322,37.91,-122.31,1.778
3.7546,28.0,5.756613756613756,37.8,-121.2,1.353
2.1917,43.0,4.844029244516653,37.79,-122.23,1.128
4.2237,25.0,5.995226730310263,38.27,-122.45,2.623
2.1583,39.0,4.720512820512821,37.95,-121.26,0.62
2.1103,8.0,4.814814814814815,33.74,-117.0,0.944
4.5075,39.0,5.2509855453350855,37.51,-122.27,3.649
4.375,38.0,5.40084388185654,34.18,-118.17,1.667
5.687,34.0,5.4027459954233406,33.86,-118.39,3.924
2.6729,22.0,4.037433155080214,34.15,-118.27,2.171
4.8036,11.0,6.165432098765432,36.83,-119.85,1.416
2.6684,50.0,3.544573643410853,37.87,-122.29,1.856
3.5875,39.0,3.667279411764706,34.17,-118.32,2.5
4.1779,3.0,7.461873638344227,37.08,-120.85,1.478
3.6458,33.0,5.143176733780761,33.93,-117.99,2.081
3.55,20.0,4.777777777777778,33.84,-117.52,1.11
2.5694,27.0,3.143769968051118,34.43,-119.72,2.75
2.5588,20.0,2.5652173913043477,33.78,-118.23,3.5
4.9375,12.0,5.974921630094044,37.69,-121.82,2.277
5.9175,38.0,6.253012048192771,34.11,-118.03,4.169
2.1411,52.0,4.456582633053221,38.1,-122.25,0.972
3.4583,24.0,5.207100591715976,33.81,-116.25,0.675
4.1552,43.0,4.964179104477612,37.74,-122.41,2.409
2.2661,16.0,5.783050847457627,40.37,-120.58,0.618
3.6827,52.0,5.758904109589041,33.79,-117.85,2.368
2.5405,15.0,6.444651162790698,34.06,-116.56,0.696
3.1467,5.0,5.437177280550775,33.15,-117.1,1.611
2.1461,11.0,4.112630732099759,36.77,-119.71,0.759
3.4612,36.0,4.80241935483871,34.22,-118.44,1.788
3.0417,2.0,7.040816326530612,33.86,-116.89,1.463
6.68,10.0,7.329015544041451,37.33,-121.78,3.595
7.3518,16.0,7.165584415584416,33.71,-117.78,3.312
2.9861,26.0,4.31064572425829,37.97,-122.04,1.609
1.6821,18.0,4.93569844789357,40.57,-122.35,0.694
4.1071,29.0,4.871254162042176,33.79,-118.33,3.656
1.9429,39.0,3.8534599728629577,37.49,-120.85,0.764
4.8229,20.0,5.571428571428571,37.78,-121.23,1.583
4.6726,6.0,5.7303030303030305,36.81,-119.87,1.078
2.0982,26.0,3.4276401564537156,32.67,-117.1,1.091
4.5625,36.0,5.636363636363637,37.35,-121.98,2.4
4.0437,32.0,5.442583732057416,38.0,-122.32,1.628
5.4165,38.0,4.609504132231405,34.12,-118.16,4.351
3.8523,25.0,5.5,37.66,-121.78,1.93
4.6336,2.0,4.96078431372549,33.58,-117.71,1.875
2.7036,24.0,3.8568665377176017,34.08,-118.14,1.7
2.902,15.0,5.6092619392185235,38.91,-120.88,1.273
1.8913,43.0,5.498637602179836,37.76,-122.18,0.912
5.3292,52.0,5.029900332225914,37.74,-122.43,3.009
2.4519,39.0,4.527397260273973,40.6,-124.16,0.851
3.9688,52.0,4.877593360995851,37.56,-122.31,3.569
5.212,32.0,5.589189189189189,34.08,-117.9,2.012
5.1041,9.0,6.013671875,37.98,-121.7,1.729
2.3339,16.0,3.761658031088083,38.01,-121.36,0.871
5.4746,30.0,5.998745294855709,33.84,-118.03,2.264
4.8311,7.0,6.365102639296188,38.91,-120.97,1.722
4.5476,29.0,5.666666666666667,33.41,-117.6,3.092
2.1603,28.0,4.808172531214529,38.74,-120.78,1.113
2.275,28.0,4.218553459119497,34.02,-117.34,0.854
4.7208,19.0,4.719798657718121,33.78,-117.87,1.735
2.555,36.0,5.598746081504702,38.67,-121.37,0.727
4.8854,52.0,6.437185929648241,37.33,-121.91,3.306
4.025,34.0,5.152985074626866,34.04,-117.96,1.469
0.4999,52.0,2.870967741935484,37.65,-121.01,0.825
2.3382,38.0,5.142857142857143,37.29,-120.32,0.596
1.123,33.0,3.7364066193853427,36.75,-119.79,0.467
4.0938,35.0,5.446366782006921,34.12,-117.88,1.653
2.4196,46.0,3.881904761904762,34.08,-118.32,3.581
2.2042,22.0,3.554517133956386,34.01,-118.11,1.625
2.5812,14.0,5.488958990536277,35.6,-117.66,0.917
1.125,36.0,4.4409090909090905,37.91,-122.33,0.938
5.6917,18.0,6.062909567496724,33.87,-118.04,2.751
5.1929,27.0,6.424460431654676,33.87,-117.57,1.65
3.2048,33.0,4.229067930489731,37.36,-121.99,2.618
3.7388,17.0,5.0026431718061675,38.35,-121.97,1.22
5.1064,16.0,4.142141863699583,33.96,-118.43,2.832
4.0982,11.0,5.7898550724637685,33.8,-117.32,1.733
3.0489,33.0,4.361607142857143,37.66,-122.1,1.526
5.6345,35.0,5.47008547008547,34.22,-118.58,2.282
1.7062,45.0,4.943502824858757,37.26,-121.0,0.774
2.679,41.0,4.66,37.7,-122.12,1.449
1.7885,36.0,5.151724137931034,37.95,-121.32,0.621
2.5035,20.0,4.484782608695652,38.32,-122.3,1.532
5.0111,16.0,6.1577574967405475,34.01,-117.83,2.129
4.875,25.0,5.78125,38.31,-121.93,2.5
3.4327,52.0,5.126760563380282,36.62,-121.92,2.545
4.5764,17.0,6.6496519721577725,33.34,-117.24,2.573
2.537,44.0,3.5610098176718092,37.87,-122.29,1.75
3.6742,9.0,5.8562874251497,37.34,-120.47,1.172
4.5987,12.0,6.527646129541864,38.26,-122.01,1.397
2.3789,24.0,3.5848690591658583,34.11,-118.29,2.667
1.7083,41.0,5.139240506329114,34.83,-114.59,0.485
2.8333,52.0,5.473317865429235,33.34,-118.33,4.147
6.1278,29.0,6.894736842105263,37.71,-122.48,4.176
3.5461,32.0,3.9672131147540983,33.9,-118.18,1.464
1.6769,27.0,5.839237057220709,38.96,-122.65,0.632
2.375,11.0,4.942105263157894,33.67,-117.07,1.458
5.4469,33.0,6.1854545454545455,34.06,-117.9,2.747
2.4038,41.0,4.495798319327731,37.85,-122.28,1.075
3.8816,33.0,6.161885245901639,34.05,-117.19,1.346
2.6058,40.0,3.8857142857142857,37.39,-120.71,0.727
6.1599,34.0,5.833333333333333,33.85,-118.37,3.412
4.9434,17.0,3.9544334975369457,37.56,-122.27,2.921
2.6875,23.0,6.357446808510638,36.27,-119.25,0.691
3.1071,40.0,4.915354330708661,36.67,-121.66,1.931
5.6447,36.0,5.3261455525606465,37.39,-122.01,2.526
6.7851,45.0,6.957746478873239,37.81,-122.2,3.235
3.625,37.0,4.060869565217391,34.19,-118.4,1.813
5.1769,18.0,6.107806691449814,32.7,-117.02,1.33
1.6435,25.0,5.070726915520629,36.72,-119.82,0.526
3.5611,12.0,6.175373134328358,36.23,-119.34,0.902
1.4514,38.0,5.78,33.97,-117.37,0.799
3.129,48.0,4.144736842105263,37.78,-122.48,3.75
1.6652,48.0,4.767379679144385,39.15,-121.59,0.589
3.5707,29.0,5.50379746835443,34.21,-118.22,3.417
7.5426,15.0,7.00297176820208,33.65,-117.65,2.948
5.0866,45.0,5.710407239819005,34.03,-118.42,4.273
4.7176,35.0,6.703324808184143,34.08,-117.65,1.664
2.6914,52.0,3.6870588235294117,37.77,-122.43,3.667
6.8787,38.0,6.12520325203252,37.52,-122.29,3.868
4.2578,36.0,5.258823529411765,33.94,-117.63,1.833
3.0441,20.0,4.049079754601227,34.15,-118.25,1.938
3.6196,17.0,4.9366666666666665,32.92,-117.13,1.634
3.9575,24.0,5.065921787709497,33.93,-118.0,2.154
3.625,37.0,5.315217391304348,38.0,-122.07,1.563
1.9818,33.0,2.3061889250814334,34.06,-118.27,2.083
4.0878,22.0,5.046747967479675,38.32,-122.32,1.644
3.7404,52.0,5.807531380753138,34.14,-118.22,2.477
4.2218,48.0,5.0754716981132075,34.02,-118.34,1.81
3.1779,16.0,4.636165577342048,38.04,-121.29,0.973
4.2155,8.0,8.315391879131257,32.65,-117.04,2.478
4.3625,13.0,6.970731707317073,36.93,-119.87,1.118
4.125,36.0,6.030927835051546,34.01,-117.73,2.13
4.8611,39.0,5.514814814814815,33.88,-118.38,4.561
1.8208,26.0,4.738430583501006,39.13,-121.63,0.795
2.6302,33.0,6.071428571428571,35.27,-118.83,0.813
4.049,19.0,6.121731289449955,36.83,-119.81,1.26
3.8633,27.0,4.26007326007326,33.84,-118.28,1.879
1.9531,31.0,5.071264367816092,34.03,-118.32,2.278
3.625,52.0,5.074675324675325,34.05,-118.37,4.409
2.4961,16.0,5.91044776119403,35.6,-119.34,0.588
1.8447,52.0,4.20985401459854,37.86,-122.27,1.982
2.5313,27.0,5.217391304347826,39.33,-121.54,0.613
5.0292,18.0,6.439421338155515,37.27,-121.87,2.694
3.4464,36.0,5.015659955257271,34.04,-117.76,1.13
5.193,8.0,6.255813953488372,37.81,-121.21,1.721
2.6,52.0,5.270142180094787,37.84,-122.27,1.326
3.1621,6.0,3.939516129032258,34.09,-117.96,1.31
4.3594,15.0,5.420054200542006,32.81,-117.07,2.242
1.7463,36.0,3.4244897959183676,34.07,-118.22,1.583
3.212,31.0,5.1732776617954075,34.83,-114.61,0.704
6.3021,24.0,5.763837638376383,33.86,-118.38,3.338
3.8583,31.0,6.457142857142857,38.44,-122.69,1.932
3.5,37.0,4.635036496350365,33.98,-118.09,1.607
4.9135,52.0,6.67654986522911,34.16,-118.25,3.681
3.5199,33.0,4.109872611464968,37.36,-121.96,2.614
2.5434,36.0,4.600508905852418,36.78,-119.77,0.673
3.0345,38.0,4.027681660899654,37.71,-122.12,1.521
5.3819,52.0,4.514851485148514,34.06,-118.35,4.409
2.5119,37.0,3.9292929292929295,34.08,-118.06,1.805
4.725,23.0,6.442260442260443,33.7,-117.96,2.896
1.7614,21.0,4.0,35.35,-118.98,0.332
7.2845,19.0,7.052631578947368,33.73,-117.97,3.018
4.6758,21.0,5.451063829787234,37.26,-121.94,2.642
2.9137,46.0,4.915730337078652,37.66,-120.99,1.06
4.6875,34.0,5.857142857142857,37.66,-122.1,2.006
2.4537,20.0,5.508219178082192,38.62,-121.34,1.53
2.9811,17.0,5.747545582047686,34.04,-117.71,2.318
2.2429,26.0,3.4608208955223883,34.1,-117.66,1.5
4.1154,28.0,5.45506419400856,34.19,-118.61,2.464
2.9309,29.0,4.495388669301713,36.61,-121.9,2.171
2.565,52.0,3.477867203219316,37.79,-122.42,2.25
2.9375,35.0,5.167904903417534,33.9,-118.12,2.065
3.9643,52.0,4.797979797979798,37.84,-122.26,1.888
3.5154,19.0,3.305290546400694,37.35,-122.03,3.114
5.1771,17.0,6.495180722891567,33.18,-117.03,2.128
4.9688,36.0,5.456852791878172,33.92,-118.37,2.389
2.4943,29.0,5.050898203592815,39.4,-121.75,0.819
3.6484,31.0,4.681388012618297,34.09,-117.87,1.896
2.184,31.0,5.5256410256410255,40.57,-122.36,0.773
6.641,2.0,5.483050847457627,37.91,-122.51,3.1
2.8456,40.0,4.869918699186992,37.98,-122.02,1.655
3.7031,17.0,5.945619335347432,38.69,-121.34,1.143
3.8108,23.0,5.4393162393162395,36.35,-119.64,0.904
5.2742,23.0,6.254054054054054,34.23,-119.06,2.575
3.3261,16.0,4.699687174139729,35.36,-119.05,1.184
1.6389,24.0,3.294294294294294,33.64,-117.94,2.25
2.25,14.0,4.734335839598997,39.22,-121.04,1.125
2.7232,12.0,7.289308176100629,33.84,-117.26,1.232
3.5833,16.0,6.887179487179488,37.73,-120.76,1.875
1.4048,52.0,3.05078125,33.77,-118.19,2.0
3.8893,25.0,4.576399394856279,37.26,-121.88,2.186
6.1419,26.0,7.032075471698113,34.23,-118.61,3.273
3.5258,13.0,6.099709583736689,37.02,-120.06,0.849
3.3155,27.0,4.419243986254296,33.43,-117.62,2.31
4.2411,41.0,4.637450199203188,34.03,-118.44,3.509
4.76,14.0,6.096666666666667,36.83,-121.37,2.16
1.7841,34.0,5.171348314606742,37.03,-120.61,0.675
2.0547,35.0,4.75,32.69,-117.1,0.98
1.976,15.0,5.190851735015773,36.76,-119.83,0.673
2.0335,33.0,4.448453608247423,36.0,-120.14,0.439
2.08,30.0,5.140316205533597,39.12,-121.57,0.566
2.3317,29.0,3.031123139377537,34.09,-118.29,1.725
5.3836,33.0,6.591666666666667,33.88,-117.89,2.296
1.4861,49.0,4.6022727272727275,37.83,-122.27,0.972
3.5865,37.0,5.167539267015707,33.94,-117.4,1.12
7.4863,23.0,6.585023400936038,37.33,-122.03,4.123
2.4196,52.0,3.936619718309859,37.78,-122.44,3.462
2.5682,36.0,5.44,32.71,-117.07,1.091
2.6042,25.0,5.250596658711217,39.22,-121.09,1.167
3.1719,14.0,4.590782122905028,37.95,-122.03,2.205
5.1785,17.0,6.16557734204793,33.84,-117.85,2.473
2.0875,17.0,3.9014778325123154,33.78,-118.15,1.813
4.6719,32.0,5.03781512605042,37.36,-121.98,2.521
2.2578,43.0,4.059625212947189,32.74,-117.15,2.636
3.625,37.0,5.865671641791045,36.78,-119.81,0.834
2.5964,29.0,3.8279220779220777,34.07,-118.1,1.768
3.4514,11.0,7.111111111111111,38.89,-122.83,1.0
3.2188,33.0,5.6644295302013425,34.05,-117.19,1.178
4.6437,21.0,7.507645259938838,34.14,-117.51,1.917
5.5936,21.0,5.946368715083799,37.06,-121.61,3.868
0.9914,10.0,3.637450199203187,36.68,-121.66,1.475
5.5919,17.0,5.994227994227995,37.08,-122.0,3.734
1.6953,35.0,3.7439024390243905,32.71,-117.13,0.813
1.7778,38.0,3.3792486583184256,33.95,-118.21,1.54
3.1194,17.0,4.760683760683761,38.6,-121.28,1.125
2.8588,14.0,3.87708830548926,32.9,-117.12,0.925
2.67,33.0,5.915451895043732,41.04,-121.45,0.775
4.5667,34.0,5.105902777777778,34.12,-118.06,2.715
1.7763,52.0,3.0526315789473686,34.06,-118.25,3.125
1.9392,27.0,3.433734939759036,32.76,-117.13,1.429
3.8906,15.0,4.832386363636363,38.67,-121.27,1.287
2.7019,33.0,4.03150912106136,37.67,-122.09,1.54
4.7574,10.0,4.978978978978979,34.27,-118.77,2.099
5.0162,19.0,7.0534653465346535,36.6,-121.7,2.831
2.355,13.0,6.665263157894737,33.56,-116.72,1.229
3.0,36.0,5.210659898477157,33.91,-118.12,2.166
3.7452,14.0,5.688212927756654,35.05,-118.19,0.832
3.8603,22.0,5.354260089686099,38.68,-121.31,1.343
2.895,49.0,3.758771929824561,33.99,-118.31,1.08
6.0878,26.0,5.647058823529412,37.47,-121.92,2.469
2.5129,18.0,5.265060240963855,37.98,-120.42,1.159
0.9675,36.0,4.7477203647416415,35.37,-118.98,0.471
4.2679,26.0,5.627565982404692,32.59,-117.05,1.319
2.6827,17.0,5.376666666666667,34.46,-117.12,1.104
2.9,22.0,6.776942355889724,37.51,-120.46,0.831
1.6389,24.0,4.8441558441558445,39.51,-121.58,0.567
3.744,26.0,5.415545590433482,32.79,-116.99,1.658
4.125,27.0,4.831460674157303,34.19,-118.43,2.455
5.1046,27.0,6.094285714285714,37.98,-122.29,2.098
2.7955,31.0,5.070063694267516,37.68,-122.14,1.831
1.4866,39.0,4.202846975088968,37.78,-122.44,2.375
4.4167,26.0,5.005359056806002,37.46,-122.23,3.338
2.234,32.0,4.892271662763466,36.87,-120.13,0.617
6.7543,15.0,7.185567010309279,33.65,-117.65,2.519
2.5542,35.0,5.8483754512635375,38.68,-121.37,0.729
3.1446,13.0,3.284815106215578,34.22,-119.06,1.771
2.0425,35.0,5.556306306306307,40.19,-122.26,0.637
1.2778,42.0,3.4615384615384617,34.0,-118.28,1.125
5.9714,35.0,6.23015873015873,37.31,-122.02,3.325
3.2663,19.0,3.6049129989764586,34.04,-118.46,3.375
3.6923,28.0,5.854497354497354,40.54,-122.37,0.869
6.0809,21.0,6.474167623421355,37.08,-122.07,2.7
5.1408,33.0,5.359861591695502,34.27,-118.47,2.229
6.0302,16.0,7.008849557522124,38.73,-121.18,2.731
4.81,42.0,4.979498861047836,34.26,-118.3,1.919
3.8024,18.0,5.105882352941176,32.82,-116.95,1.449
3.0907,11.0,5.013986013986014,38.03,-121.28,0.941
3.2546,32.0,5.041121495327102,38.79,-123.01,1.341
3.538,21.0,5.026578073089701,40.97,-124.01,1.027
2.3466,28.0,5.227777777777778,36.3,-119.65,0.534
3.73,11.0,3.151012891344383,37.32,-121.96,2.277
1.1483,36.0,2.956451612903226,33.77,-118.18,1.125
5.0822,27.0,6.648837209302326,37.28,-121.94,3.275
1.4554,52.0,2.498371335504886,37.78,-122.41,3.75
3.5508,27.0,5.785,38.34,-120.98,0.991
4.1118,5.0,4.99009900990099,34.05,-117.8,1.259
2.0,17.0,4.022935779816514,36.42,-119.09,0.525
6.3875,10.0,6.68417104276069,33.99,-117.86,3.107
6.8154,24.0,7.640625,33.6,-117.68,2.659
1.8514,34.0,5.104408352668213,36.8,-119.78,0.665
3.724,15.0,5.15127582017011,38.14,-122.24,1.316
3.6333,14.0,5.902777777777778,34.49,-117.21,1.162
5.451,35.0,6.024742268041237,34.17,-118.43,3.418
5.9224,24.0,6.349397590361446,34.18,-118.94,2.394
4.9662,36.0,6.062597809076682,37.25,-121.92,2.585
5.1857,18.0,6.274074074074074,38.8,-121.18,2.201
2.3214,6.0,4.0710382513661205,33.36,-117.25,2.47
5.3661,10.0,5.762452107279693,38.06,-122.15,1.958
3.4,35.0,4.17741935483871,34.27,-118.44,1.396
2.1078,43.0,4.7075208913649025,34.03,-118.36,1.335
3.0893,22.0,3.859300476947536,34.2,-118.46,2.056
4.0927,46.0,4.791925465838509,37.95,-122.33,1.426
4.3056,44.0,6.134020618556701,33.82,-118.13,2.286
3.0214,19.0,4.113662456946039,33.89,-117.88,2.184
4.3317,30.0,6.06203007518797,32.83,-117.19,1.733
4.35,36.0,5.96234309623431,37.95,-122.32,1.85
4.3947,36.0,5.8713235294117645,34.08,-117.93,1.97
2.7006,17.0,4.499388004895961,32.79,-117.03,1.663
2.125,52.0,3.6179775280898876,34.13,-118.25,2.438
5.3925,51.0,5.0067796610169495,34.2,-118.23,3.179
3.085,32.0,4.433962264150943,34.07,-118.13,2.205
4.2132,36.0,5.3478260869565215,34.11,-118.01,2.122
3.5313,46.0,4.737024221453288,37.72,-122.17,1.597
3.575,44.0,5.138297872340425,37.33,-121.93,2.922
1.9074,37.0,4.09866220735786,34.01,-118.26,0.996
1.4005,43.0,2.5077639751552794,34.1,-118.32,1.938
2.7344,23.0,5.96415770609319,35.39,-120.86,1.883
4.1656,24.0,4.687951807228916,34.15,-118.41,3.647
4.3611,11.0,5.419753086419753,35.06,-120.52,3.297
2.7799,36.0,3.964114832535885,34.01,-118.17,1.493
6.9483,18.0,7.167364016736402,34.3,-119.23,4.043
3.5179,37.0,5.8470363288718925,38.01,-121.8,1.308
1.5417,51.0,2.7005988023952097,34.14,-118.26,2.688
4.2375,7.0,3.8892355694227767,32.71,-117.17,2.05
3.65,15.0,4.679577464788732,34.25,-119.17,1.893
2.793,17.0,5.539449541284403,40.42,-122.32,0.765
2.6806,42.0,3.7588832487309647,34.03,-118.15,1.893
2.6354,43.0,4.071808510638298,33.91,-118.19,1.281
6.2579,10.0,6.443322981366459,37.65,-122.04,3.155
4.5938,5.0,5.767141009055627,34.08,-117.19,1.265
6.227,45.0,5.6502732240437155,37.46,-122.16,4.178
3.5,32.0,4.733918128654971,34.04,-118.04,1.651
5.6738,34.0,6.589812332439679,34.17,-118.54,4.436
4.5417,36.0,6.203187250996016,33.84,-118.1,2.196
3.6065,52.0,4.736964078794902,37.8,-122.41,4.333
5.7373,12.0,5.6594827586206895,38.63,-120.84,2.083
5.3525,15.0,6.6849894291754755,34.12,-117.67,1.917
3.9696,44.0,4.693396226415095,37.58,-122.31,2.583
4.0806,19.0,5.9423076923076925,32.9,-116.9,1.892
4.25,49.0,5.652509652509653,37.62,-122.41,2.841
4.025,28.0,5.933884297520661,34.68,-118.13,1.026
6.8976,34.0,6.6122715404699735,37.83,-122.21,3.333
4.125,5.0,5.734177215189874,33.93,-118.07,1.719
3.375,36.0,4.9411764705882355,34.47,-118.48,1.875
2.7598,10.0,4.895934959349593,33.71,-116.24,0.95
1.375,35.0,4.0508474576271185,35.38,-118.97,0.575
3.6343,5.0,5.4822695035460995,36.22,-119.32,0.954
2.4196,44.0,3.874617737003058,37.34,-121.88,1.944
1.6121,41.0,3.5617433414043584,37.8,-122.25,1.714
5.296,35.0,6.806083650190114,33.84,-118.1,2.262
5.0395,36.0,4.309352517985611,33.89,-118.13,2.258
2.4856,21.0,3.0040650406504064,34.12,-118.25,1.813
1.9375,41.0,5.6091370558375635,34.11,-117.31,0.641
4.0455,33.0,5.069135802469136,33.85,-118.0,1.972
4.9792,11.0,6.400826446280992,32.64,-117.0,1.704
2.7159,32.0,5.33130081300813,36.81,-119.7,0.68
1.9066,31.0,4.217570350034317,35.26,-118.9,0.546
4.0222,16.0,4.767910447761194,34.19,-119.13,2.068
6.2473,24.0,6.8927392739273925,33.68,-117.98,2.819
5.5875,9.0,7.593667546174142,34.51,-117.23,1.678
2.8793,42.0,5.062730627306273,34.05,-118.36,2.021
5.5429,16.0,6.214421252371917,37.38,-121.87,2.691
4.8625,20.0,4.694006309148265,37.38,-122.06,2.625
3.8594,10.0,5.47457627118644,34.53,-117.96,1.41
4.6806,36.0,6.716012084592145,34.03,-117.19,1.524
2.6745,5.0,4.332298136645963,38.61,-121.5,2.25
6.0494,24.0,5.175824175824176,33.72,-117.98,2.404
2.5896,27.0,4.598930481283422,38.26,-122.02,1.047
2.0357,30.0,4.055415617128464,36.77,-119.79,0.602
2.7536,37.0,5.993548387096774,33.91,-116.87,0.731
3.5114,52.0,5.585131894484412,37.77,-122.19,1.512
3.0,31.0,4.584033613445378,34.31,-118.48,1.724
3.875,31.0,4.416666666666667,38.73,-122.0,1.375
3.2104,25.0,3.417293233082707,33.74,-117.84,1.125
1.7052,48.0,4.238095238095238,34.0,-118.27,1.074
1.5933,37.0,3.998330550918197,32.69,-117.11,0.863
5.0719,37.0,5.684873949579832,33.84,-118.12,2.2
5.7664,16.0,6.002976190476191,38.38,-122.89,2.675
4.0668,14.0,4.7193460490463215,32.67,-117.04,1.375
1.7188,43.0,4.181818181818182,37.78,-122.21,1.268
3.0,34.0,6.25531914893617,37.5,-121.21,1.625
2.975,43.0,4.111111111111111,37.77,-122.25,2.434
5.9546,39.0,5.669064748201439,34.13,-118.08,3.967
4.1902,42.0,4.818604651162791,34.07,-118.14,2.35
3.5187,33.0,5.072727272727272,37.7,-122.06,2.094
4.7475,28.0,5.325513196480938,37.88,-122.5,4.746
2.6667,52.0,5.342512908777969,34.01,-118.32,1.28
4.7917,30.0,5.211136890951276,34.03,-117.93,1.645
2.2917,30.0,3.606761565836299,34.02,-118.48,3.308
2.2167,39.0,3.4474474474474475,34.11,-118.24,1.767
1.9875,30.0,5.005763688760807,37.96,-121.22,0.564
2.5761,36.0,4.824701195219124,38.97,-123.1,0.949
2.543,15.0,4.877094972067039,32.81,-116.95,1.0
3.0694,24.0,5.21978021978022,33.97,-117.41,1.25
4.0977,48.0,5.242063492063492,37.8,-122.21,2.297
2.8533,24.0,3.1690140845070425,33.78,-118.19,1.375
5.5136,19.0,6.6299212598425195,34.18,-117.3,1.371
5.4787,26.0,7.068,34.26,-118.75,1.981
1.684,41.0,4.2266288951841355,39.14,-121.59,0.713
4.45,31.0,5.154377880184332,33.94,-117.95,2.679
3.375,22.0,4.639405204460966,37.82,-121.99,2.0
2.9167,25.0,3.5666251556662516,34.14,-118.23,2.243
3.1667,36.0,4.6318407960199,34.05,-117.97,1.58
1.2404,52.0,4.757575757575758,36.7,-119.81,0.525
3.4063,16.0,4.585131894484412,34.64,-120.47,1.38
4.2458,52.0,3.9129989764585464,37.8,-122.42,4.5
2.9241,32.0,6.084269662921348,38.04,-121.11,1.875
2.5,21.0,3.897810218978102,33.79,-118.3,1.575
2.375,32.0,3.2567567567567566,33.79,-118.25,1.28
1.5464,17.0,4.5,36.31,-119.22,0.541
1.8929,29.0,4.474093264248705,37.59,-120.95,0.636
3.1111,7.0,5.3067846607669615,36.35,-119.28,0.724
2.7958,32.0,5.0632603406326036,37.95,-121.23,0.59
4.4882,15.0,6.573264781491003,38.28,-122.03,1.44
2.1413,38.0,4.679245283018868,34.62,-118.02,0.969
2.6573,45.0,4.078947368421052,34.03,-118.21,1.418
2.6165,33.0,4.179389312977099,34.19,-118.42,2.308
2.4122,12.0,4.637051039697543,33.12,-117.07,1.27
2.75,27.0,3.4122340425531914,33.65,-117.93,2.75
4.9079,23.0,5.707509881422925,33.63,-117.69,2.738
3.9107,26.0,5.186728395061729,33.75,-117.97,1.907
5.6642,22.0,6.940944881889764,37.95,-122.02,2.37
5.1909,16.0,6.671779141104294,32.99,-117.09,2.014
2.8393,20.0,8.335443037974683,33.76,-117.02,1.207
5.9181,24.0,5.7,34.27,-119.16,2.211
5.8491,36.0,6.671949286846276,33.79,-118.09,2.473
2.0217,43.0,4.718220338983051,34.01,-118.33,1.875
4.8056,36.0,4.755834829443447,37.98,-122.56,3.457
3.225,19.0,5.238095238095238,35.48,-120.65,1.669
3.6422,19.0,4.344202898550725,33.82,-117.96,2.094
2.8421,25.0,3.747292418772563,32.81,-117.26,2.278
4.0515,26.0,5.291845493562231,38.15,-122.26,1.219
3.7614,52.0,5.440217391304348,36.62,-121.92,2.417
6.1815,25.0,6.519114688128773,33.48,-117.69,2.885
4.3125,52.0,4.836512261580381,37.72,-122.44,2.672
2.6522,35.0,5.01360544217687,36.79,-119.82,0.659
2.8226,17.0,5.190066857688635,38.71,-121.3,0.999
5.8527,22.0,6.309486780715397,33.81,-118.04,2.41
3.455,37.0,6.450980392156863,32.63,-117.07,1.569
3.2465,27.0,5.258116883116883,37.67,-122.07,2.306
2.6842,28.0,4.21256038647343,34.07,-118.18,1.56
4.725,44.0,5.969945355191257,37.94,-122.08,2.321
6.1228,17.0,6.665079365079365,37.55,-122.28,3.757
5.6431,52.0,5.8173515981735155,37.85,-122.25,3.413
7.5696,4.0,8.026178010471204,34.87,-120.45,3.287
4.2344,34.0,5.137323943661972,34.1,-118.12,3.063
2.8359,30.0,4.948356807511737,36.78,-119.83,0.803
1.8407,49.0,5.117516629711751,37.76,-122.18,0.967
1.9671,41.0,4.287394957983193,35.36,-119.03,0.768
1.962,17.0,4.071320182094082,38.67,-121.33,1.302
5.5951,44.0,6.618374558303887,34.04,-118.39,4.613
2.965,37.0,4.721442885771543,32.76,-117.06,1.557
4.601,34.0,6.3203285420944555,37.51,-120.83,1.5
2.0819,10.0,3.9105839416058394,34.65,-120.46,1.033
2.4583,29.0,3.6506849315068495,34.19,-118.44,1.991
4.4958,19.0,5.8997668997669,38.92,-121.22,1.926
1.5972,24.0,5.438502673796791,34.07,-117.47,1.125
3.46,32.0,6.8843137254901965,34.71,-117.96,1.239
3.4402,40.0,4.60381861575179,33.93,-118.2,1.494
2.0437,36.0,3.9643799472295513,34.04,-118.38,3.091
1.975,24.0,4.032418952618454,32.97,-115.52,0.664
2.075,43.0,4.624641833810888,34.1,-117.44,0.951
5.2806,47.0,4.485333333333333,37.78,-122.46,4.0
3.7464,29.0,4.906832298136646,34.58,-118.13,1.135
4.3601,26.0,6.298387096774194,32.57,-117.1,1.449
4.0153,25.0,4.276595744680851,34.05,-118.39,4.6
4.25,24.0,5.35343618513324,33.78,-117.84,2.48
3.003,18.0,4.571428571428571,37.35,-120.57,1.013
2.1728,22.0,5.61609907120743,39.41,-121.71,0.594
4.9125,41.0,6.35251798561151,34.04,-117.18,1.407
2.9982,25.0,4.331050228310502,34.19,-118.39,2.042
1.3801,25.0,4.7375,33.78,-116.46,0.55
4.605,16.0,7.002212389380531,33.36,-117.22,2.633
4.6932,4.0,5.2601377199693955,37.76,-121.94,3.561
3.7031,36.0,6.27683615819209,33.81,-118.1,2.453
3.1588,30.0,4.069825436408977,34.29,-118.44,1.601
3.6412,15.0,5.3442088091354,35.33,-120.84,2.078
3.3906,44.0,4.258928571428571,34.18,-118.39,2.238
2.1776,46.0,3.97737556561086,34.01,-118.26,1.183
2.2155,31.0,4.98469387755102,35.35,-119.0,0.621
3.8261,52.0,4.808510638297872,37.76,-122.43,2.5
3.1912,20.0,3.8947368421052633,33.73,-117.99,2.208
2.1806,20.0,2.6335540838852096,34.04,-118.28,1.8
3.8323,16.0,5.9978213507625275,40.6,-122.25,1.283
2.589,27.0,3.785234899328859,36.98,-122.01,2.424
2.6724,28.0,4.131656804733728,32.59,-117.12,1.445
4.6861,16.0,5.494262295081967,34.44,-118.45,1.879
3.55,20.0,6.138823529411765,34.12,-118.05,4.767
6.7769,12.0,7.863247863247863,33.04,-117.05,4.0
4.2941,10.0,5.805633802816901,34.7,-118.4,1.516
2.1827,52.0,4.344230769230769,38.45,-122.71,1.888
2.1419,30.0,5.006864988558353,39.22,-121.08,1.052
2.6591,24.0,5.244299674267101,40.57,-122.34,0.828
2.8977,35.0,4.6223776223776225,34.02,-118.18,1.425
2.5863,43.0,4.624203821656051,37.97,-122.35,1.122
1.4679,26.0,5.90566037735849,39.09,-122.83,0.947
3.7237,15.0,4.695906432748538,32.8,-117.13,1.083
5.9073,35.0,5.837340876944837,37.89,-122.53,4.004
1.8065,22.0,5.984848484848484,41.3,-123.66,0.627
7.5057,18.0,6.669117647058823,33.85,-118.04,3.285
5.7476,19.0,8.04535637149028,37.73,-120.97,2.486
6.1395,3.0,5.72522159548751,33.68,-117.82,3.58
4.2813,52.0,6.8578947368421055,32.76,-117.1,2.708
3.2778,13.0,6.469064748201439,33.81,-117.14,1.488
2.3929,16.0,5.327127659574468,39.91,-122.12,0.772
2.1862,36.0,3.8020833333333335,34.04,-118.21,1.353
1.6111,15.0,4.252032520325203,33.94,-117.24,1.139
3.7043,12.0,6.387037037037037,34.49,-117.89,1.508
1.4063,51.0,4.446428571428571,34.06,-117.73,0.988
4.3288,23.0,6.065217391304348,38.55,-121.38,1.337
3.6667,40.0,4.299003322259137,37.66,-122.41,2.188
1.7109,24.0,3.8884758364312266,34.04,-118.3,1.75
4.625,39.0,5.762452107279693,34.11,-118.02,2.19
4.7845,37.0,5.53551912568306,33.81,-118.13,2.314
5.4228,24.0,5.391752577319588,37.39,-121.95,2.641
3.0,30.0,4.488888888888889,33.92,-118.03,1.583
4.3098,52.0,5.436708860759493,37.77,-122.25,1.979
1.5357,35.0,4.810495626822157,35.34,-119.02,0.565
2.5166,52.0,2.8390750353940537,37.79,-122.41,2.75
3.2143,32.0,5.06265664160401,33.91,-118.03,1.601
5.6958,15.0,6.057840616966581,37.23,-121.77,2.538
4.6312,32.0,5.479318734793187,34.06,-117.95,1.848
5.2573,21.0,5.60285132382892,37.65,-122.46,3.229
4.4766,14.0,5.503311258278146,35.33,-120.83,1.927
6.6277,35.0,6.102564102564102,34.24,-118.26,3.444
2.9646,26.0,4.285163776493256,33.97,-118.37,1.798
3.7303,32.0,4.315789473684211,33.78,-117.95,1.885
2.3111,19.0,3.8727858293075683,34.24,-118.47,2.554
4.3553,42.0,6.449685534591195,38.15,-121.36,1.857
3.4531,52.0,5.784090909090909,37.77,-122.25,2.088
4.0848,8.0,6.350393700787402,39.13,-121.07,1.559
3.1795,32.0,4.889830508474576,33.93,-117.42,1.256
3.556,52.0,4.342105263157895,37.88,-122.29,1.793
2.875,17.0,5.48661800486618,40.53,-122.27,1.298
4.542,12.0,5.7810690423162585,34.4,-118.46,1.953
1.808,52.0,4.7808564231738035,37.85,-122.28,1.055
2.7153,16.0,5.582914572864322,37.3,-121.93,2.333
3.175,20.0,4.774590163934426,32.74,-117.18,1.917
2.3103,47.0,4.529569892473118,38.04,-122.27,1.345
3.8365,24.0,5.082125603864735,33.73,-117.99,2.509
7.6659,35.0,6.840625,37.29,-121.92,4.269
3.0817,20.0,5.437037037037037,37.25,-118.45,1.188
3.3333,45.0,4.594132029339853,34.05,-118.36,2.547
3.015,50.0,3.280334728033473,33.99,-118.47,4.143
2.9583,47.0,5.284246575342466,37.79,-122.21,1.388
3.1944,6.0,4.589403973509934,38.63,-121.5,1.17
1.7109,11.0,4.553934340802502,35.4,-119.01,0.446
4.8516,34.0,5.343434343434343,33.86,-118.12,2.136
2.5625,26.0,4.769230769230769,33.51,-116.42,1.031
3.8542,34.0,5.68384074941452,32.8,-117.2,2.0
5.6864,21.0,7.677777777777778,38.64,-121.25,2.587
2.52,24.0,4.088888888888889,33.88,-118.15,1.46
2.0785,36.0,4.52,33.92,-118.19,1.398
1.8793,38.0,5.744588744588745,33.12,-115.52,0.608
7.7464,28.0,7.282051282051282,34.29,-118.52,4.746
4.1652,4.0,4.0325,33.68,-117.83,1.845
2.0066,16.0,5.689567430025445,37.2,-120.64,1.25
1.5909,44.0,2.7336244541484715,32.72,-117.17,2.625
3.375,9.0,5.654468085106383,33.67,-117.38,1.318
1.6504,43.0,3.639751552795031,37.8,-122.25,1.518
5.4886,6.0,6.739217652958876,38.54,-122.75,2.542
3.2589,42.0,4.215116279069767,33.88,-118.34,2.333
3.7411,45.0,4.9113924050632916,34.18,-118.33,2.355
7.0907,22.0,7.50853889943074,33.69,-117.98,3.502
0.9166,42.0,5.035714285714286,33.95,-118.23,0.99
2.2095,36.0,3.664406779661017,34.16,-118.13,1.767
3.5074,37.0,5.124137931034483,36.59,-119.4,0.938
3.8625,41.0,4.658018867924528,37.72,-122.4,2.183
1.8125,25.0,3.782442748091603,36.76,-120.38,0.58
4.436,7.0,6.360294117647059,32.69,-117.02,1.35
1.5625,25.0,5.60655737704918,36.71,-119.81,0.528
7.8031,18.0,7.1535087719298245,38.58,-121.34,2.672
5.0118,34.0,6.25886524822695,32.82,-116.92,1.653
4.7708,32.0,4.566115702479339,33.94,-118.16,1.786
4.0556,9.0,5.38390092879257,34.31,-118.45,1.825
2.5592,37.0,4.733974358974359,38.52,-121.45,0.703
1.4871,27.0,3.9380952380952383,38.03,-121.94,0.871
3.3438,16.0,5.227067669172932,37.7,-121.02,1.254
4.8542,36.0,4.365979381443299,33.92,-118.09,1.674
3.3169,15.0,5.81505728314239,37.78,-120.85,1.312
7.2118,13.0,6.524752475247524,33.68,-117.79,3.115
3.058,34.0,5.366228070175438,38.62,-121.36,1.33
4.5481,6.0,4.7254901960784315,32.77,-117.17,1.648
2.5062,50.0,5.945945945945946,38.66,-121.4,1.125
0.4999,43.0,7.846153846153846,38.07,-120.19,1.625
3.0,24.0,4.626146788990826,33.92,-117.97,2.514
5.2206,6.0,5.749529190207157,34.28,-118.91,2.802
3.1667,28.0,3.9246575342465753,33.05,-117.29,3.0
3.5349,52.0,4.646118721461187,34.13,-118.2,1.936
4.8693,44.0,6.181434599156118,38.02,-122.02,1.569
2.0227,21.0,4.791666666666667,37.66,-120.97,1.798
6.3249,15.0,6.869070208728653,34.26,-118.62,2.621
3.11,40.0,5.368085106382979,32.76,-117.02,1.857
6.2817,25.0,6.65625,38.6,-121.33,2.882
3.7609,6.0,4.446478873239436,33.55,-117.67,2.223
2.0385,47.0,5.017543859649122,34.17,-118.35,2.25
1.2188,37.0,4.371345029239766,33.93,-116.88,0.55
2.6964,29.0,5.059171597633136,34.05,-118.19,1.222
1.9688,31.0,4.10801393728223,35.23,-118.82,0.539
5.2333,34.0,4.868020304568528,33.6,-117.96,4.714
3.2371,21.0,5.996078431372549,33.73,-116.95,0.945
2.2667,12.0,3.436241610738255,36.69,-121.62,0.729
3.5966,50.0,5.2952755905511815,37.34,-121.9,2.458
3.825,48.0,6.168421052631579,33.99,-118.34,1.83
4.5878,34.0,5.59794776119403,32.75,-117.22,2.91
1.7083,44.0,4.349282296650718,36.75,-119.77,0.483
2.0133,33.0,4.5974576271186445,34.11,-117.23,0.783
1.4727,33.0,5.0773809523809526,39.13,-121.61,0.53
1.6136,27.0,2.7195121951219514,34.07,-118.24,1.375
3.8125,39.0,4.487012987012987,34.07,-118.04,1.74
5.2636,1.0,7.6940298507462686,38.23,-122.0,1.913
5.3311,34.0,5.882911392405063,37.68,-122.49,2.708
1.9208,33.0,4.796208530805687,39.44,-123.8,0.936
3.3882,44.0,7.325301204819277,38.02,-121.2,1.25
3.7896,18.0,5.936031331592689,40.52,-122.37,0.981
3.875,46.0,4.0,33.12,-117.11,2.0
3.1992,41.0,3.3022388059701493,33.99,-118.46,3.038
5.0081,13.0,4.717889908256881,37.34,-122.06,2.883
5.8704,17.0,6.314565483476132,37.6,-122.06,2.344
2.6618,10.0,6.204081632653061,34.1,-116.32,0.81
4.4211,44.0,5.237154150197629,33.88,-118.37,3.24
2.8657,14.0,5.850574712643678,39.86,-121.59,1.196
3.2462,37.0,4.191219512195122,37.97,-122.51,3.294
2.8285,17.0,4.996610169491525,35.49,-120.66,1.713
2.9583,37.0,5.2,33.95,-117.41,1.321
7.9556,52.0,7.56,37.9,-122.27,3.744
2.02,42.0,2.9311531841652325,34.05,-118.2,1.472
2.0926,11.0,4.134939759036144,38.61,-121.34,1.661
3.2083,44.0,4.5698630136986305,37.35,-121.89,1.819
6.2384,25.0,6.656200941915228,34.03,-117.8,2.476
2.2083,44.0,8.280701754385966,32.8,-115.73,0.938
4.5833,37.0,4.896551724137931,33.87,-118.35,2.613
4.8155,24.0,6.631961259079903,34.96,-120.43,1.629
5.5954,27.0,6.401084010840108,34.44,-119.88,2.614
3.5256,39.0,3.073529411764706,37.32,-121.92,1.926
3.506,24.0,4.533333333333333,37.24,-121.88,2.264
3.5667,32.0,4.180064308681672,34.01,-118.42,3.94
3.0673,38.0,4.881019830028329,37.73,-122.14,2.184
3.4688,44.0,5.570833333333334,33.94,-118.18,1.836
2.7321,8.0,5.139386189258312,37.81,-121.19,1.75
5.4675,32.0,6.169934640522876,37.26,-121.91,2.611
4.0324,26.0,5.6417004048583,33.81,-117.84,2.449
3.3409,32.0,3.2549019607843137,33.9,-118.37,2.563
1.8512,38.0,3.578343949044586,38.57,-121.48,1.141
2.9875,13.0,5.006908462867012,33.23,-117.23,1.72
2.1186,18.0,3.9613526570048307,35.62,-119.69,0.475
7.2532,9.0,6.48122866894198,33.9,-117.96,3.815
4.2125,16.0,5.820253164556962,34.96,-120.41,1.483
6.7501,34.0,6.837301587301587,33.95,-118.11,4.0
1.9487,25.0,4.670676691729323,38.34,-122.44,2.335
2.9484,15.0,5.575155279503106,38.83,-121.18,1.244
2.108,52.0,5.24468085106383,38.75,-121.28,0.838
2.875,26.0,5.1697612732095495,34.96,-120.45,1.214
3.1103,44.0,4.661849710982659,37.71,-122.13,1.889
2.875,39.0,3.8655256723716382,34.08,-118.28,2.135
2.9737,37.0,4.58008658008658,38.53,-121.41,0.721
2.1136,40.0,3.5044510385756675,34.06,-118.2,1.118
6.2319,10.0,6.415520628683693,34.01,-118.03,4.037
1.424,29.0,4.461661341853035,33.93,-116.97,0.732
2.6066,21.0,5.790361445783133,35.65,-119.77,0.8
1.7301,7.0,3.208398133748056,34.15,-118.24,2.023
5.7051,35.0,5.7272727272727275,34.17,-118.07,3.26
4.5556,34.0,5.7100737100737105,37.57,-122.48,2.49
3.1004,26.0,3.4140786749482404,34.15,-118.23,2.571
4.0167,18.0,5.030651340996169,33.51,-117.66,1.896
4.1026,25.0,3.5496828752642706,33.65,-117.92,2.115
3.6667,45.0,5.891402714932127,37.97,-121.31,1.231
3.0,35.0,3.6141479099678455,34.08,-118.12,2.539
4.7,25.0,6.889400921658986,38.24,-122.61,1.901
5.485,33.0,5.057823129251701,37.44,-122.12,4.063
5.0,37.0,4.368876080691643,34.19,-118.44,2.436
2.8514,52.0,3.8017543859649123,33.99,-118.47,3.587
5.6018,16.0,6.767241379310345,38.37,-122.71,2.53
3.1415,19.0,3.3180778032036615,34.03,-118.39,0.55
5.2915,52.0,8.123456790123457,37.76,-122.23,3.33
2.6129,52.0,5.777777777777778,34.05,-117.18,1.37
6.1731,26.0,8.146496815286625,34.12,-117.73,2.938
2.1354,29.0,5.096085409252669,40.57,-124.14,0.751
1.6943,31.0,3.8689591078066914,33.98,-117.35,0.859
5.5051,31.0,5.345549738219895,34.11,-118.23,2.235
2.25,41.0,3.5059880239520957,34.06,-117.65,0.905
1.6667,41.0,5.203980099502488,34.02,-118.31,1.169
2.0156,44.0,4.076923076923077,34.06,-117.75,1.125
2.125,50.0,4.242424242424242,37.85,-122.26,1.4
3.5429,29.0,6.148936170212766,38.68,-121.37,0.882
3.6905,21.0,4.058917197452229,34.2,-118.55,1.798
3.233,25.0,4.633587786259542,33.79,-118.16,1.991
2.9735,24.0,4.478260869565218,32.75,-117.22,2.25
1.875,48.0,3.4025974025974026,32.7,-117.13,0.756
4.8355,17.0,5.346153846153846,37.25,-121.84,1.416
4.9196,27.0,6.184782608695652,36.73,-119.67,1.179
3.3616,35.0,5.8893280632411065,34.15,-117.27,0.953
2.8043,27.0,4.0627450980392155,32.75,-117.21,2.621
3.5078,24.0,3.5960591133004924,32.81,-117.22,3.625
1.7292,43.0,3.8535353535353534,34.06,-117.64,0.792
4.6875,18.0,6.346570397111913,32.72,-117.07,1.418
5.0165,35.0,6.035714285714286,37.17,-122.16,2.023
5.2868,47.0,6.546391752577319,37.84,-122.23,3.476
4.4934,15.0,5.772455089820359,36.81,-119.69,0.88
2.875,43.0,6.314720812182741,37.64,-121.18,1.875
3.4187,37.0,4.453172205438066,37.98,-122.02,1.617
2.875,37.0,3.6601340897369776,34.1,-118.36,3.0
5.653,25.0,7.043388429752066,34.27,-118.73,2.258
2.4113,26.0,4.685649202733485,36.34,-119.27,0.586
2.0441,15.0,4.064638783269962,35.06,-118.15,0.733
1.7031,20.0,4.895985401459854,36.07,-119.06,0.646
4.6654,27.0,5.214765100671141,37.26,-121.98,3.407
2.753,14.0,5.789029535864979,37.39,-119.85,1.111
3.7321,36.0,5.9375,33.82,-118.13,2.237
2.7734,23.0,5.102827763496144,37.79,-121.23,1.168
4.3875,52.0,6.275,32.77,-117.11,3.0
4.2037,23.0,6.1461318051575935,38.67,-121.3,1.254
3.055,41.0,4.119891008174387,33.96,-118.2,1.67
5.097,33.0,5.664179104477612,37.61,-122.03,1.886
3.8365,29.0,5.503685503685504,34.14,-117.9,1.842
3.3462,52.0,6.465116279069767,40.81,-124.23,0.508
2.7632,16.0,3.3058510638297873,33.74,-117.87,1.589
6.6199,18.0,6.666201117318436,32.96,-117.25,4.062
2.6339,13.0,4.1058020477815695,33.21,-117.25,1.17
3.0565,14.0,5.696065128900949,38.67,-120.81,1.188
3.7262,52.0,5.631578947368421,37.78,-122.19,1.669
3.653,13.0,6.418196994991653,38.98,-120.91,1.468
4.1339,35.0,4.780621572212066,32.74,-117.23,2.382
3.2685,52.0,4.844943820224719,37.77,-122.25,2.542
3.5313,36.0,5.092409240924092,34.09,-117.73,1.178
2.1187,37.0,4.668269230769231,37.72,-122.4,2.393
2.5062,47.0,5.177777777777778,35.36,-119.02,0.737
5.5449,44.0,5.700704225352113,33.82,-118.13,2.322
1.3729,15.0,3.6039488966318234,37.99,-121.31,1.103
2.0417,27.0,6.022371364653244,37.33,-120.89,0.942
1.3385,24.0,4.19404915912031,36.78,-119.84,0.588
2.7254,25.0,3.7965970610982214,34.08,-118.05,1.435
2.4597,49.0,4.7280334728033475,37.85,-122.28,0.938
1.8277,30.0,2.623205741626794,34.1,-118.32,1.375
2.1681,30.0,5.244318181818182,36.3,-119.78,0.666
5.828,41.0,6.140816326530612,37.91,-122.28,3.244
2.0,52.0,5.506410256410256,34.0,-118.3,1.28
4.1375,38.0,5.095070422535211,34.03,-118.14,2.115
2.5294,37.0,4.879256965944273,37.46,-122.13,1.594
3.0305,19.0,4.215932914046122,33.73,-117.81,1.406
0.9946,30.0,3.3317073170731706,33.91,-118.08,1.599
2.535,24.0,5.0853889943074,33.78,-116.97,0.748
1.5,35.0,4.2306122448979595,33.95,-118.27,0.936
2.6897,33.0,4.467661691542289,38.62,-121.32,1.483
6.6854,18.0,6.648221343873518,38.51,-122.69,3.13
4.2792,11.0,6.409836065573771,39.11,-121.62,1.238
2.5478,15.0,5.394833948339484,38.89,-121.94,0.917
2.4519,22.0,6.785942492012779,41.31,-121.18,0.575
3.9861,13.0,5.849019607843137,38.01,-121.77,1.681
1.5313,29.0,5.808219178082192,36.1,-119.56,0.438
4.9063,15.0,6.013363028953229,34.08,-117.6,1.598
5.5777,21.0,7.51831750339213,37.94,-122.03,2.793
3.7463,30.0,4.976430976430977,37.49,-122.24,4.276
3.875,21.0,4.828214971209213,37.66,-122.07,1.793
2.067,31.0,4.413566739606127,34.06,-117.96,1.673
1.3615,43.0,3.7186858316221767,34.02,-118.21,1.333
2.9619,27.0,3.9614855570839063,33.83,-118.31,2.234
2.7366,40.0,3.196078431372549,34.08,-118.28,1.691
5.4903,23.0,6.013921113689095,32.85,-117.01,1.514
6.6319,16.0,6.863134657836644,33.04,-117.26,2.696
3.375,46.0,5.24223602484472,32.66,-117.09,1.363
2.1845,34.0,4.9879518072289155,37.23,-120.25,0.599
2.8594,22.0,4.715214564369311,32.76,-117.01,1.896
6.2047,16.0,6.55625,32.83,-117.1,2.481
2.2279,37.0,6.181818181818182,37.65,-120.95,2.25
4.1482,7.0,5.674956622325043,33.92,-117.25,1.246
4.267,35.0,5.5315985130111525,37.68,-122.14,2.103
1.4853,45.0,5.285714285714286,37.8,-121.21,1.018
3.125,14.0,5.069868995633188,33.25,-117.31,1.023
2.7763,30.0,4.231884057971015,34.08,-117.88,1.878
2.6964,31.0,3.6206896551724137,34.03,-118.19,1.25
4.0972,32.0,4.716981132075472,38.01,-121.89,0.992
3.3958,25.0,4.000709219858156,37.3,-121.95,2.675
4.0815,21.0,5.166666666666667,37.79,-121.23,1.179
3.1895,45.0,5.533333333333333,34.04,-118.16,1.563
4.7569,19.0,5.701812191103789,36.96,-121.75,1.908
4.5774,36.0,4.9614243323442135,33.86,-117.93,1.821
2.6442,34.0,6.185929648241206,34.01,-117.41,0.92
2.1845,36.0,4.8121546961325965,34.06,-118.17,1.238
7.736,21.0,7.0,37.11,-121.95,3.977
2.5763,28.0,3.4306451612903226,34.06,-118.06,1.739
2.1071,31.0,3.5870445344129553,33.89,-118.19,0.995
3.25,19.0,5.800469483568075,36.08,-119.03,0.806
4.9167,34.0,5.963675213675214,37.55,-122.01,2.563
4.125,32.0,5.543478260869565,33.91,-117.91,2.302
3.75,37.0,6.257261410788382,33.84,-118.15,2.213
3.7875,28.0,5.599415204678363,38.31,-122.67,2.927
1.4464,30.0,3.6577946768060836,34.01,-118.25,1.102
7.2477,16.0,6.660377358490566,37.54,-122.26,3.76
1.9762,32.0,3.4049079754601226,34.06,-118.19,1.375
3.7562,34.0,5.475218658892128,37.98,-122.35,1.329
2.35,15.0,6.337175792507205,37.7,-118.45,1.078
1.6667,13.0,4.015923566878981,40.91,-124.08,0.788
6.7718,19.0,5.251173708920188,37.36,-122.0,3.683
1.9797,36.0,5.7421383647798745,38.96,-121.62,1.188
2.8214,40.0,3.7713178294573644,33.98,-118.19,1.58
4.4231,16.0,6.098360655737705,37.88,-120.41,0.875
2.8553,52.0,4.664652567975831,37.78,-122.46,3.607
3.175,8.0,4.802056555269923,38.02,-121.28,0.959
3.1053,12.0,3.9424460431654675,37.92,-121.29,0.731
2.655,36.0,4.854477611940299,38.75,-121.3,0.863
5.5221,11.0,6.322485207100592,34.63,-120.13,3.949
5.1104,30.0,5.280442804428044,37.27,-121.93,2.781
2.8024,16.0,3.5517241379310347,37.33,-121.85,1.279
4.125,19.0,5.373737373737374,37.94,-122.02,2.671
4.665,14.0,7.4921875,36.92,-119.81,1.213
4.5491,43.0,5.984848484848484,34.12,-118.01,2.148
5.9617,26.0,6.635696821515892,37.97,-121.98,2.311
4.7386,52.0,5.162629757785467,34.04,-118.39,3.404
5.6846,27.0,6.016096579476861,33.81,-118.04,2.161
1.3565,25.0,2.692857142857143,34.21,-118.49,2.25
7.2628,21.0,6.1063829787234045,33.86,-118.04,3.227
1.9286,29.0,3.896813353566009,36.97,-122.02,1.953
5.3441,21.0,7.005,32.81,-117.01,1.935
2.3684,35.0,6.196078431372549,39.65,-121.24,0.625
5.753,14.0,6.0710227272727275,34.03,-117.66,1.855
1.6685,28.0,3.7382075471698113,38.43,-122.7,1.141
1.7566,25.0,5.093117408906883,40.03,-122.1,0.584
2.3542,39.0,3.861635220125786,34.0,-118.46,2.357
2.5008,22.0,3.405383360522023,34.23,-118.47,1.6
6.7805,27.0,7.913934426229508,34.19,-118.86,3.929
2.25,16.0,4.331113225499524,33.14,-117.05,1.363
2.5455,32.0,3.878787878787879,35.28,-120.65,1.659
2.3903,52.0,4.466302367941712,37.75,-122.41,2.361
2.2466,30.0,5.277258566978193,36.64,-119.82,0.96
5.1423,45.0,5.131578947368421,34.16,-118.36,3.229
2.7039,39.0,5.116945107398568,36.56,-121.92,3.64
2.6991,30.0,4.336448598130841,33.96,-118.07,1.471
1.2786,39.0,2.1400862068965516,34.05,-118.3,1.219
3.375,8.0,3.7098214285714284,37.73,-121.93,3.5
5.22,18.0,5.967583497053045,34.16,-118.84,3.994
3.3981,15.0,5.860279441117765,38.46,-122.58,2.469
2.5362,29.0,4.173913043478261,37.69,-122.07,2.038
3.9306,24.0,6.228915662650603,40.52,-122.39,0.859
3.5214,35.0,5.024570024570025,34.25,-118.28,1.976
3.8125,35.0,4.902985074626866,37.62,-122.04,2.042
3.1213,27.0,4.434125269978401,34.1,-117.32,0.788
2.1587,25.0,3.193548387096774,33.95,-118.34,1.438
1.5603,25.0,5.045454545454546,39.48,-121.09,0.781
1.3801,39.0,3.617543859649123,33.98,-118.27,0.97
2.3618,38.0,5.074866310160428,36.64,-119.39,0.8
6.9682,15.0,6.285714285714286,37.68,-121.0,1.824
4.5432,2.0,7.6216498433693,38.72,-121.35,1.513
2.2165,15.0,4.546318289786223,35.76,-120.7,0.906
6.1359,26.0,6.0,37.75,-122.4,2.25
4.3654,31.0,5.155555555555556,34.19,-118.55,2.238
3.8047,45.0,4.911475409836066,37.72,-122.18,1.567
2.5986,11.0,4.264253393665158,36.69,-121.62,1.357
2.875,35.0,4.520725388601036,37.79,-122.21,1.438
1.6667,50.0,4.711678832116788,32.79,-115.57,0.681
2.3333,25.0,5.84516129032258,36.8,-119.75,0.906
3.0909,31.0,4.402777777777778,33.9,-118.18,1.509
1.4531,42.0,4.281376518218623,34.13,-117.3,0.715
5.5,35.0,5.981060606060606,37.96,-122.28,2.01
5.8625,8.0,6.724310776942356,35.64,-117.7,1.094
5.7233,25.0,6.523099850968704,37.71,-121.91,2.318
2.9201,32.0,3.7255244755244754,37.79,-122.55,3.222
3.0969,26.0,5.119318181818182,38.42,-122.72,1.438
5.2801,34.0,5.510526315789473,34.25,-118.45,2.123
3.4028,17.0,5.938704028021016,40.29,-120.54,0.91
2.01,52.0,4.535433070866142,38.58,-121.48,0.943
2.4167,25.0,4.777070063694268,34.0,-117.04,1.049
4.8233,8.0,6.061361457334612,38.37,-122.69,2.14
1.6395,20.0,4.920792079207921,33.49,-114.68,0.444
4.5795,43.0,5.866666666666666,34.01,-118.44,4.0
3.8036,14.0,5.851293103448276,33.83,-117.11,1.396
4.7422,32.0,5.865306122448979,38.39,-122.82,2.409
3.6602,18.0,5.455840455840455,34.08,-117.46,1.207
3.1435,45.0,4.695817490494297,34.15,-118.24,2.826
5.8096,20.0,8.16588785046729,34.27,-118.75,2.644
3.3393,15.0,6.6022727272727275,38.49,-122.18,1.469
5.5496,29.0,6.330049261083744,34.09,-117.86,2.182
3.7065,36.0,5.235807860262009,34.89,-117.05,0.62
5.6139,19.0,6.8088235294117645,37.27,-121.86,2.795
2.3475,34.0,5.27437641723356,37.93,-122.33,0.903
3.5055,47.0,5.273612463485882,37.97,-122.57,3.821
4.2813,17.0,6.463414634146342,33.13,-117.05,1.699
2.5978,17.0,4.316920322291853,33.83,-118.07,1.429
5.0424,45.0,5.540350877192982,33.83,-118.12,2.259
4.5368,37.0,5.720250521920668,33.94,-118.32,1.688
2.8125,39.0,6.766871165644171,37.26,-121.93,2.913
3.0217,52.0,4.424242424242424,38.57,-121.47,2.0
6.1133,34.0,6.8734177215189876,33.85,-118.36,3.493
3.3326,52.0,3.8916256157635467,34.12,-118.2,1.676
4.625,35.0,6.035483870967742,37.73,-122.42,2.793
1.5114,39.0,4.59927797833935,33.92,-118.28,0.904
2.6648,33.0,6.4541984732824424,36.34,-121.24,1.646
4.6985,12.0,5.7020547945205475,34.27,-118.8,2.641
4.0769,32.0,5.392592592592592,33.73,-117.89,1.639
4.0154,33.0,5.211161387631976,36.6,-121.93,2.257
4.7344,37.0,5.136125654450262,37.56,-122.3,2.718
3.9118,8.0,6.473861720067454,34.37,-118.53,3.337
1.3222,31.0,3.8428805237315875,35.41,-119.02,0.514
4.0187,11.0,4.851581508515815,33.68,-117.78,2.356
4.6667,43.0,4.741176470588235,34.27,-119.28,3.846
1.7262,18.0,5.71259842519685,40.58,-123.18,0.737
3.275,39.0,5.176056338028169,34.21,-118.35,1.814
2.9705,23.0,4.615671641791045,32.75,-117.16,2.455
5.5292,16.0,6.875,34.11,-117.68,2.086
6.0704,26.0,7.359090909090909,37.94,-122.01,2.68
3.5504,11.0,4.302564102564102,34.18,-118.85,1.738
4.375,33.0,6.039647577092511,33.93,-117.44,1.299
3.9583,42.0,4.30749354005168,37.74,-122.5,2.737
0.75,52.0,2.823529411764706,37.8,-122.28,1.625
8.0074,18.0,7.993911719939117,37.85,-122.12,4.541
6.3047,23.0,6.591677503250975,33.7,-118.02,2.857
6.1142,23.0,6.361638361638362,33.79,-118.02,2.404
3.8292,21.0,5.763527054108216,33.1,-117.09,1.77
2.5969,34.0,3.618147448015123,34.01,-118.08,1.502
3.7533,26.0,6.460296096904441,35.38,-118.94,0.87
3.1917,35.0,3.908759124087591,33.89,-118.08,1.149
2.4079,7.0,4.035853468433359,40.6,-122.37,1.114
7.5619,15.0,7.640226628895184,33.65,-117.69,3.02
2.9386,13.0,5.2218390804597705,33.24,-117.33,1.434
6.4469,29.0,5.536585365853658,36.99,-122.01,2.714
5.9716,19.0,6.680805938494167,34.02,-117.86,2.621
3.5486,20.0,5.655384615384615,32.8,-117.28,1.938
4.125,38.0,6.340425531914893,35.9,-118.86,0.713
3.133,33.0,4.31023102310231,34.11,-118.23,1.56
2.8906,18.0,6.485714285714286,39.1,-122.94,1.406
2.5238,49.0,4.192023633677991,37.8,-122.24,1.693
2.2364,28.0,2.6420581655480984,34.07,-118.31,3.056
3.8558,15.0,6.086687306501548,34.07,-117.39,1.227
3.5865,52.0,3.731034482758621,36.62,-121.91,2.9
7.0173,16.0,8.073783359497645,33.67,-117.96,3.821
2.7045,15.0,4.616438356164384,33.98,-118.22,1.906
2.3849,11.0,4.983529411764706,37.59,-120.96,1.22
1.9809,42.0,5.253164556962025,33.92,-118.26,1.046
1.4625,43.0,5.144,38.53,-121.47,0.544
4.6635,28.0,6.41726618705036,37.64,-122.1,2.067
2.1354,29.0,3.687218045112782,34.05,-117.74,1.107
4.1734,39.0,6.396825396825397,38.45,-122.7,2.405
3.6788,5.0,5.04269801980198,38.61,-121.53,1.788
5.7528,34.0,4.623376623376624,33.91,-118.32,1.805
1.5,32.0,4.950943396226415,37.47,-119.95,0.915
3.6976,25.0,3.5306122448979593,34.04,-118.46,3.6
3.4817,15.0,5.6280834914611,38.02,-121.91,1.298
3.9479,35.0,5.362862010221465,33.78,-117.97,2.038
4.2281,26.0,5.990062111801242,37.71,-121.93,2.06
6.629,25.0,6.154545454545454,37.54,-121.93,3.524
4.0781,8.0,5.300925925925926,38.66,-121.26,1.243
5.6921,45.0,5.50761421319797,34.13,-118.24,2.69
4.7235,33.0,4.890824622531939,37.31,-122.0,2.422
3.6447,36.0,6.099547511312217,33.84,-118.16,2.11
4.2768,32.0,5.022304832713755,32.84,-117.18,1.678
1.65,41.0,3.8817480719794344,33.94,-118.26,0.942
4.3702,7.0,7.409893992932862,39.24,-121.21,2.261
6.1104,32.0,5.926470588235294,37.68,-122.05,2.407
2.5,10.0,5.381443298969073,38.12,-120.55,1.161
2.425,52.0,5.590804597701149,39.22,-121.07,1.211
8.0113,18.0,7.233333333333333,38.29,-122.18,3.93
4.5625,35.0,6.0,33.96,-118.13,2.535
3.9861,35.0,5.912280701754386,33.89,-118.0,1.887
4.3269,40.0,5.534090909090909,33.8,-117.85,1.941
4.0238,44.0,4.832835820895522,37.62,-122.4,2.242
4.0495,12.0,5.214780600461894,33.14,-117.13,1.539
1.3578,40.0,4.524096385542169,37.85,-122.27,1.475
3.2287,31.0,4.166666666666667,37.29,-121.98,2.649
3.5231,37.0,5.54337899543379,38.53,-121.5,1.143
1.9375,42.0,2.7925696594427243,34.07,-118.21,1.688
1.1917,29.0,5.149532710280374,33.94,-116.57,0.5
3.4186,6.0,5.66256157635468,38.53,-121.99,1.273
3.1982,29.0,4.78698224852071,37.36,-121.83,1.717
4.7841,31.0,5.975609756097561,33.0,-117.26,3.935
4.8717,27.0,7.032454361054767,34.26,-118.74,2.041
1.6172,24.0,4.705357142857143,37.7,-120.92,1.563
2.0077,20.0,4.305194805194805,32.75,-117.08,1.183
5.4513,33.0,7.080213903743315,36.81,-119.81,1.433
1.7788,52.0,4.353697749196141,37.96,-121.3,0.974
4.337,26.0,5.994263862332696,37.37,-118.45,1.397
3.3667,45.0,4.992592592592593,39.15,-123.22,1.152
5.1784,12.0,6.25,33.87,-117.86,2.54
4.375,47.0,5.761467889908257,37.77,-122.16,1.619
3.6364,27.0,5.497528830313015,37.68,-122.14,2.192
2.1979,8.0,5.642380708055413,33.79,-116.95,0.953
2.2788,46.0,4.490054249547921,34.1,-118.23,1.529
1.025,49.0,3.7724867724867726,37.84,-122.26,1.188
4.6534,24.0,6.596685082872928,38.25,-122.62,1.965
1.6635,14.0,3.740576496674058,32.79,-115.58,0.644
1.5561,35.0,4.139931740614334,34.11,-117.29,0.68
2.3724,27.0,3.2284644194756553,34.28,-118.43,1.542
5.8322,14.0,5.689848963821566,37.57,-122.01,2.818
4.0,49.0,4.361702127659575,37.73,-122.43,2.64
2.227,30.0,3.7037037037037037,34.06,-117.76,0.919
5.0,52.0,6.059880239520958,37.73,-122.14,2.647
6.6086,12.0,5.775956284153006,37.44,-121.9,2.994
4.0827,8.0,5.484751203852327,38.58,-120.88,1.707
4.015,30.0,5.017142857142857,33.75,-117.94,1.867
3.4005,34.0,5.099773242630386,34.1,-118.0,1.763
2.925,19.0,5.649321266968326,38.55,-121.4,1.424
3.0833,44.0,5.116704805491991,35.29,-120.67,2.193
4.7622,12.0,6.672645739910314,36.82,-119.86,0.893
1.7426,33.0,4.993318485523385,39.73,-121.82,0.603
2.4297,35.0,3.6475095785440614,33.93,-118.18,1.472
4.375,22.0,6.378048780487805,37.99,-121.67,2.135
2.7367,21.0,4.108389786347056,36.69,-121.65,1.603
2.8,18.0,5.135084427767355,35.65,-117.67,0.72
4.8984,8.0,5.023255813953488,32.56,-117.09,1.515
2.9213,52.0,4.837962962962963,37.78,-122.26,1.908
4.7426,36.0,4.5770750988142295,33.9,-118.34,2.427
3.4609,35.0,5.234567901234568,34.1,-118.01,1.663
4.8194,45.0,5.197860962566845,34.21,-118.4,1.813
1.975,35.0,4.699346405228758,34.03,-118.35,1.381
6.9399,18.0,6.727112676056338,33.9,-117.9,3.496
2.1818,35.0,4.473413379073756,35.4,-119.03,0.635
3.0903,42.0,3.4307692307692306,33.94,-118.22,1.535
3.1125,11.0,5.705696202531645,39.75,-121.8,1.226
5.163,24.0,5.5,33.72,-118.03,2.61
3.0739,16.0,5.835051546391752,39.04,-121.41,0.872
1.6607,6.0,4.664251207729468,36.62,-119.65,0.58
3.1845,47.0,4.761904761904762,37.96,-121.32,0.872
1.869,43.0,5.966911764705882,36.76,-119.77,0.56
1.7105,21.0,4.8244444444444445,35.5,-119.27,0.521
1.275,46.0,3.7510917030567685,33.99,-118.28,0.983
2.5288,16.0,5.315638450502152,36.98,-120.05,0.618
1.8783,45.0,4.445333333333333,34.02,-118.33,1.182
4.3646,41.0,4.489736070381231,33.88,-118.14,1.614
5.583,27.0,6.876506024096385,33.94,-117.92,2.677
3.7891,33.0,5.917525773195877,32.73,-117.06,1.267
3.8583,11.0,5.832591273374889,38.25,-122.01,1.379
2.2981,46.0,4.5846867749419955,34.02,-118.31,1.121
3.1957,29.0,4.355839416058394,33.91,-118.07,1.592
1.6382,36.0,4.027397260273973,34.0,-118.25,1.05
2.1734,21.0,3.905263157894737,36.98,-122.02,1.875
4.0417,5.0,7.64021164021164,33.98,-116.5,1.464
3.3639,25.0,6.395348837209302,33.74,-116.41,1.688
4.4948,36.0,6.428104575163399,33.91,-118.13,1.906
4.425,33.0,6.103359173126615,33.8,-117.96,1.884
3.0352,27.0,4.9650092081031305,34.64,-120.45,1.354
3.5333,10.0,5.154434250764526,38.14,-121.26,1.168
2.4623,17.0,5.680701754385965,39.74,-121.57,1.261
3.6,24.0,5.351648351648351,34.07,-117.71,1.393
7.0913,23.0,5.95,33.03,-117.06,2.654
2.3942,32.0,4.89748201438849,38.58,-122.58,1.831
4.7319,35.0,4.926666666666667,33.93,-118.4,3.761
2.5701,52.0,3.4194630872483223,37.76,-122.42,2.667
5.0505,52.0,4.653846153846154,37.75,-122.44,3.804
2.0893,21.0,4.836734693877551,37.93,-121.24,0.65
3.8583,11.0,5.186653771760155,34.24,-118.46,1.707
2.0074,40.0,5.394805194805195,38.55,-121.46,0.57
1.9385,28.0,3.6,36.67,-121.65,1.232
4.5673,26.0,6.294964028776978,34.26,-118.76,1.904
3.0977,24.0,4.276084949215143,34.24,-118.54,2.64
3.6094,47.0,5.820338983050847,34.19,-118.15,1.607
2.6058,26.0,5.789156626506024,36.62,-119.34,0.922
4.6875,33.0,6.924242424242424,38.67,-123.01,2.462
1.7,48.0,2.86,33.79,-118.22,1.042
1.8235,40.0,4.7011494252873565,37.75,-122.16,0.952
2.0893,20.0,3.746067415730337,32.75,-117.11,1.011
2.9386,23.0,3.815136476426799,33.74,-118.3,2.605
4.2656,34.0,5.054945054945055,34.22,-118.43,2.337
4.4125,38.0,6.014285714285714,33.96,-118.12,2.46
2.4375,27.0,3.1650595575723197,37.46,-122.14,1.89
3.4091,41.0,4.946987951807229,37.9,-122.3,2.23
1.9356,41.0,4.490140845070423,37.76,-122.17,0.906
5.634,33.0,6.57679180887372,34.27,-118.53,3.205
1.8388,49.0,3.6518282988871222,33.77,-118.18,1.75
3.5213,48.0,4.845070422535211,34.43,-119.71,4.586
4.175,35.0,5.420529801324503,34.26,-118.45,2.096
2.1518,44.0,5.1443569553805775,36.73,-119.77,0.53
1.7694,28.0,4.594444444444444,37.92,-121.3,0.739
3.2625,27.0,5.145907473309609,39.22,-122.04,0.928
3.625,20.0,3.5945945945945947,40.22,-123.43,0.675
4.7446,15.0,5.164102564102564,33.93,-117.96,1.754
3.1851,31.0,4.357605177993528,33.83,-118.3,2.402
4.74,42.0,5.105540897097625,33.9,-118.36,2.3
2.5199,16.0,3.9713216957605986,38.67,-121.27,1.49
2.2386,30.0,4.725738396624473,37.78,-120.85,0.872
5.0855,15.0,6.039007092198582,32.86,-117.23,2.098
2.3565,11.0,5.335802469135802,37.32,-119.65,1.223
2.483,44.0,3.7142857142857144,37.71,-122.46,2.143
3.125,15.0,6.023376623376623,39.26,-121.45,1.156
5.0285,9.0,6.1737891737891735,38.04,-121.36,1.482
4.2109,14.0,4.98974358974359,32.93,-117.14,1.712
2.9803,45.0,4.647577092511013,33.87,-118.17,1.659
3.8304,35.0,5.647163120567376,34.1,-117.89,1.759
2.6652,22.0,4.152302243211334,34.28,-118.4,1.648
1.0531,38.0,3.5411255411255413,32.7,-117.12,0.657
2.0091,21.0,3.8029661016949152,38.0,-121.32,1.015
3.0357,39.0,3.5118110236220472,37.37,-121.95,2.083
2.5841,21.0,3.7146974063400577,37.97,-122.04,1.125
3.4605,49.0,4.044155844155844,37.72,-122.44,2.65
2.1382,46.0,2.935828877005348,34.02,-118.28,1.563
3.1042,2.0,6.877551020408164,33.93,-117.27,1.648
2.726,29.0,3.707547169811321,33.84,-118.17,2.087
2.3974,48.0,3.201145311381532,34.11,-118.32,4.107
3.0521,36.0,3.769547325102881,34.11,-118.27,2.766
5.5,18.0,6.7439024390243905,34.0,-116.91,1.938
4.125,35.0,5.754414125200642,34.16,-118.07,3.3
2.0978,13.0,5.1961852861035425,39.18,-121.63,1.34
4.4762,30.0,6.247685185185185,33.94,-117.55,1.639
3.6298,19.0,5.558320373250389,38.64,-121.28,2.421
4.0625,44.0,4.822107081174439,37.74,-122.5,2.728
4.4653,32.0,5.440643863179075,34.08,-117.94,1.954
3.0192,24.0,4.214750542299349,36.93,-121.77,1.843
3.9688,41.0,5.259786476868327,33.98,-118.07,1.698
6.4755,36.0,5.81294964028777,34.01,-118.45,4.058
4.0426,15.0,6.884803921568627,39.23,-121.0,1.917
4.2083,44.0,5.323204419889502,37.47,-122.2,2.782
4.8519,46.0,5.470982142857143,37.32,-121.94,2.258
2.8342,34.0,4.69375,33.75,-117.88,1.872
2.1538,17.0,5.341836734693878,37.9,-120.28,1.533
1.1707,20.0,3.0925684485006517,32.79,-115.56,0.625
5.4337,11.0,5.901162790697675,36.3,-119.33,1.338
3.9934,18.0,5.781935483870968,38.55,-121.35,1.233
3.9522,26.0,5.32258064516129,33.93,-117.49,1.246
3.0,52.0,3.9604166666666667,34.11,-118.2,1.564
3.5909,25.0,4.126506024096385,34.07,-118.32,4.045
3.1641,18.0,5.477203647416413,37.55,-120.8,0.963
5.0766,40.0,5.6,38.01,-122.65,3.054
1.7039,48.0,4.194774346793349,37.94,-121.28,0.527
4.1,36.0,4.902612826603326,33.91,-118.36,2.431
3.5583,44.0,4.512280701754386,34.17,-118.35,2.32
2.5428,31.0,5.693208430913349,39.76,-121.61,0.85
2.6719,52.0,4.691075514874142,37.78,-122.49,3.185
2.2105,19.0,4.745454545454545,33.74,-117.9,1.804
2.7857,30.0,5.135185185185185,34.1,-118.03,2.017
6.5617,30.0,7.200367647058823,37.83,-122.01,3.866
3.0536,49.0,3.6653061224489796,37.78,-122.21,1.375
2.2311,52.0,2.879120879120879,34.1,-118.32,2.063
2.3864,42.0,5.1395348837209305,33.96,-118.25,0.988
4.1292,28.0,3.9095238095238094,33.82,-118.27,2.019
2.0333,12.0,5.180952380952381,36.2,-119.34,0.544
1.4923,31.0,4.592841163310962,40.07,-122.14,0.444
4.1406,52.0,4.829411764705882,37.71,-122.46,2.195
4.1447,11.0,5.630952380952381,38.55,-121.34,1.14
1.6722,35.0,5.300632911392405,36.56,-119.25,0.591
2.25,24.0,4.0894308943089435,33.16,-117.34,1.875
2.1453,36.0,3.4863013698630136,34.06,-118.03,1.621
3.5125,20.0,3.6740947075208914,37.59,-122.36,3.506
1.0472,15.0,5.088,36.72,-119.8,0.578
3.6563,13.0,5.563245823389021,39.17,-120.93,1.649
1.7679,36.0,3.9617021276595743,34.01,-118.16,1.428
2.0,25.0,4.0,34.65,-120.45,0.875
3.2331,33.0,5.987421383647798,37.63,-122.04,2.267
1.8362,36.0,4.7250608272506085,35.36,-119.04,0.669
7.2982,4.0,7.184415584415585,37.33,-121.81,3.43
2.625,36.0,2.857142857142857,37.94,-121.32,0.55
4.1944,8.0,2.909090909090909,33.63,-117.8,2.708
1.2157,36.0,5.024574669187145,35.36,-119.01,0.57
4.3816,28.0,4.87146529562982,33.79,-118.28,1.913
1.608,34.0,4.295819935691318,34.09,-117.31,0.737
2.6082,29.0,3.4941176470588236,33.97,-118.04,1.625
5.2162,35.0,5.417827298050139,33.95,-118.04,1.719
5.3081,12.0,3.686580882352941,34.06,-118.25,2.875
2.1094,52.0,2.0595238095238093,36.74,-119.79,0.75
3.8914,52.0,5.673101673101673,38.58,-121.46,1.816
7.1837,20.0,6.607407407407408,35.35,-119.08,1.763
2.3562,28.0,4.174545454545455,32.65,-117.08,1.238
5.5767,34.0,6.609826589595376,33.78,-118.08,3.72
3.75,16.0,5.597916666666666,32.56,-117.1,1.468
1.9167,14.0,4.346483704974271,38.55,-121.41,1.563
4.6827,19.0,5.103286384976526,37.26,-121.97,2.551
3.8235,47.0,5.896713615023474,33.98,-118.35,2.076
3.5735,25.0,5.448753462603878,38.05,-121.25,1.068
3.0313,43.0,4.620052770448549,33.97,-118.21,1.661
4.3839,36.0,5.283636363636363,34.25,-118.45,2.046
1.684,22.0,4.801255230125523,36.28,-119.2,0.659
3.6429,28.0,4.116710875331565,37.31,-121.91,3.326
4.475,13.0,6.9703125,35.6,-120.6,2.069
4.8152,36.0,5.637323943661972,33.97,-118.03,2.324
4.4357,23.0,6.155339805825243,37.55,-122.04,2.917
5.5196,46.0,5.400568181818182,37.94,-122.32,2.108
3.8929,52.0,4.7301204819277105,33.79,-117.85,2.11
4.0966,20.0,5.780068728522337,33.94,-117.37,1.401
3.3715,52.0,5.105882352941176,37.77,-122.19,1.439
4.277,11.0,6.055421686746988,36.94,-119.9,0.985
6.1281,5.0,6.6125,34.46,-118.52,2.362
3.7147,32.0,3.430913348946136,33.73,-117.9,1.641
6.4696,10.0,7.217391304347826,32.97,-117.13,2.495
5.0532,36.0,5.795977011494253,33.64,-117.9,3.109
3.4934,25.0,4.791549295774648,37.7,-122.08,2.099
4.625,38.0,4.7309090909090905,33.96,-118.12,1.913
7.9125,12.0,6.845238095238095,33.7,-117.76,3.449
4.8854,30.0,5.280632411067193,34.04,-117.93,1.781
5.1412,18.0,6.429672447013488,37.05,-122.11,3.158
3.4527,22.0,4.708624708624709,32.78,-117.22,1.75
3.9318,7.0,5.338478500551268,38.71,-121.38,1.33
3.65,29.0,4.987854251012146,32.8,-117.02,1.689
1.8929,30.0,2.96875,34.14,-118.25,1.969
2.6458,26.0,5.416666666666667,37.82,-121.27,1.275
3.285,35.0,5.685633001422475,38.32,-122.31,1.381
1.724,52.0,2.2785657998423954,37.79,-122.41,2.25
2.6964,24.0,3.0085836909871246,33.99,-118.22,1.632
4.027,31.0,4.387628865979382,33.06,-117.3,2.9
4.2542,16.0,6.048561151079137,36.97,-122.05,2.941
2.7058,28.0,3.3763085399449038,34.0,-118.43,3.109
5.3129,15.0,5.5476190476190474,33.05,-117.24,1.692
4.1818,34.0,5.5565610859728505,33.79,-117.97,2.242
2.3571,52.0,6.008130081300813,40.58,-124.26,1.114
2.0734,28.0,3.974063400576369,34.05,-117.73,1.133
4.4306,21.0,5.904225352112676,32.78,-116.92,1.591
2.7155,36.0,4.196774193548387,34.28,-118.45,1.498
0.8952,9.0,4.0,33.94,-118.28,0.813
2.1912,37.0,2.423076923076923,33.99,-118.23,1.125
3.8029,36.0,5.428057553956834,38.1,-122.21,1.299
4.4063,15.0,6.1044303797468356,34.0,-117.5,1.285
3.276,27.0,5.750788643533123,38.53,-122.82,1.729
1.6977,10.0,5.042962962962963,34.1,-117.37,0.913
1.4817,6.0,4.443645083932854,36.77,-119.84,0.72
6.3325,19.0,6.748502994011976,37.74,-121.95,2.5
4.2415,16.0,6.069986541049798,34.12,-117.76,2.757
7.6486,17.0,7.043879907621247,33.93,-117.88,3.067
4.6076,6.0,4.665773011617516,33.66,-117.64,2.04
2.619,20.0,4.326347305389222,32.65,-117.09,1.458
2.4922,24.0,4.731884057971015,36.19,-119.37,0.661
3.0288,37.0,4.275720164609053,33.83,-117.91,1.614
4.7188,29.0,6.511278195488722,37.95,-122.04,1.971
2.5809,27.0,4.898601398601398,34.96,-120.57,0.832
3.1766,52.0,3.184553660982949,34.07,-118.34,2.25
2.75,22.0,4.744471744471745,38.95,-121.04,1.532
1.5827,35.0,5.273838630806846,39.16,-121.56,0.63
6.0501,29.0,7.0,37.67,-122.04,2.542
2.1135,32.0,2.770903010033445,34.07,-118.27,1.525
1.6875,52.0,4.5390625,34.0,-118.3,1.16
3.2636,22.0,4.625,33.78,-117.98,1.802
3.8565,39.0,4.962795941375423,37.65,-122.42,2.398
4.65,36.0,5.5787545787545785,37.71,-122.11,2.068
6.5784,38.0,6.327402135231317,34.12,-118.02,4.085
3.3348,52.0,4.929133858267717,38.56,-121.46,1.228
2.6513,42.0,5.67420814479638,35.37,-119.03,0.723
1.8156,40.0,2.500408830744072,34.09,-118.3,2.188
4.375,25.0,4.504424778761062,37.35,-121.99,2.122
3.0437,33.0,4.705996131528046,33.92,-117.44,1.108
5.1775,35.0,5.875881523272215,33.84,-118.01,2.134
3.1719,8.0,6.979220779220779,37.79,-120.45,1.154
4.5266,4.0,6.3589576547231275,34.57,-118.09,1.429
1.4338,26.0,7.177215189873418,32.74,-116.0,0.439
3.7841,26.0,6.193146417445483,39.33,-120.2,1.095
0.9708,21.0,4.064516129032258,33.95,-118.24,1.076
2.5473,32.0,5.4573170731707314,38.24,-120.72,1.016
2.3833,52.0,4.638132295719845,37.8,-122.23,1.469
7.1736,12.0,6.289002557544757,33.55,-117.7,2.621
1.6678,27.0,4.736413043478261,38.62,-121.37,1.661
1.8,10.0,6.695473251028806,33.94,-116.48,0.81
3.5804,45.0,4.9056,34.14,-118.1,3.244
1.7054,40.0,3.9633699633699635,34.05,-118.2,1.172
3.2661,30.0,4.8881578947368425,32.79,-117.18,1.404
3.3409,8.0,3.849744711889132,33.68,-117.89,1.813
4.2333,16.0,7.207619047619048,34.07,-117.03,2.203
3.9219,24.0,5.483928571428572,36.67,-121.67,2.225
2.3309,48.0,2.5691489361702127,34.01,-118.28,1.266
6.3002,24.0,6.252252252252252,34.38,-118.55,2.829
2.1597,23.0,4.137345679012346,32.76,-117.12,1.161
2.5772,37.0,4.2494623655913975,37.68,-122.11,1.702
1.9653,41.0,5.258382642998027,35.13,-120.66,2.361
2.0,44.0,4.7604790419161676,33.94,-118.26,0.903
2.5417,50.0,5.964980544747082,38.56,-121.43,1.259
4.2159,18.0,5.705555555555556,33.65,-117.98,2.113
6.7415,28.0,7.645695364238411,34.27,-118.54,3.482
3.0,43.0,5.916334661354582,38.44,-121.56,1.417
1.275,41.0,5.8354430379746836,37.96,-121.27,0.54
1.5923,52.0,5.537423312883435,41.2,-122.27,0.56
2.9716,15.0,4.613065326633166,33.19,-117.33,1.736
4.8125,37.0,5.8121546961325965,37.67,-122.14,1.883
5.249,52.0,5.904255319148936,33.73,-118.31,3.519
2.564,32.0,4.18655462184874,34.06,-117.99,1.458
2.2109,23.0,5.363128491620111,34.11,-117.24,0.732
4.6649,24.0,5.631703470031546,33.72,-118.04,2.378
4.6563,32.0,5.36979969183359,33.86,-118.32,2.917
1.2065,43.0,3.0084388185654007,34.0,-118.28,1.036
4.5,17.0,5.986175115207374,37.3,-121.83,2.358
1.0846,36.0,3.1,34.17,-118.15,1.464
3.6923,45.0,5.084084084084084,33.81,-118.21,1.597
1.8571,39.0,4.914342629482071,39.91,-122.19,0.535
3.9734,17.0,6.2155844155844155,39.01,-121.02,1.854
4.5179,35.0,5.1980676328502415,33.83,-118.38,4.272
6.9326,6.0,7.314775160599572,33.03,-117.25,3.246
5.2366,43.0,6.116,37.16,-121.9,2.933
2.026,50.0,3.700657894736842,37.83,-122.26,1.425
6.9113,17.0,7.484536082474227,33.9,-117.86,2.852
1.1667,40.0,4.004524886877828,34.01,-118.29,1.438
2.0114,36.0,4.398706896551724,33.94,-118.3,0.993
2.1458,40.0,5.562111801242236,37.64,-120.98,1.303
3.0,36.0,5.5369127516778525,36.78,-119.81,0.797
2.3971,35.0,3.7774294670846396,34.09,-117.89,1.889
2.8561,36.0,4.259189443920829,34.19,-119.18,1.791
4.5132,27.0,5.492505353319058,38.38,-122.82,2.599
4.2621,4.0,3.5349428208386278,32.78,-117.12,1.242
2.8859,44.0,5.610062893081761,33.91,-118.26,1.208
1.7199,17.0,2.518,34.06,-118.28,1.75
2.6667,26.0,3.6620416253716552,33.92,-118.36,2.293
1.5156,44.0,5.004282655246253,34.13,-117.29,0.758
2.8777,13.0,3.60875,33.9,-118.35,2.079
5.8509,47.0,5.251655629139073,37.92,-122.52,3.178
5.2519,50.0,4.759191176470588,37.76,-122.44,3.766
5.2166,17.0,5.078073089700997,37.28,-121.83,2.309
4.6019,8.0,5.05175983436853,33.67,-117.81,2.425
4.1439,36.0,6.132478632478633,33.85,-118.15,2.126
5.5151,31.0,5.606365159128978,37.27,-121.96,2.868
5.3988,8.0,7.043478260869565,37.05,-120.84,1.655
1.4722,52.0,3.2254901960784315,34.42,-119.7,3.5
1.3571,36.0,3.982689747003995,34.12,-117.28,0.706
5.5714,34.0,6.2445582586427655,34.27,-118.49,2.259
4.6957,41.0,4.880459770114943,37.37,-122.03,2.848
4.0194,28.0,5.05503144654088,33.76,-117.98,1.974
4.7708,52.0,6.727699530516432,37.81,-122.23,3.147
3.369,25.0,4.610512129380054,32.8,-116.96,1.344
2.7181,23.0,4.8675,38.63,-121.33,1.568
5.2769,18.0,6.135549872122762,38.36,-122.81,2.939
3.275,17.0,5.4613686534216335,37.93,-121.05,1.565
3.0721,40.0,4.843283582089552,34.13,-117.27,0.838
2.2721,45.0,4.253112033195021,38.31,-122.29,1.398
3.1103,33.0,3.8198529411764706,34.21,-119.17,1.435
4.2981,52.0,6.329113924050633,34.11,-118.15,3.528
4.7443,15.0,5.6251851851851855,34.19,-119.21,2.295
6.2519,26.0,7.330464716006885,33.82,-118.08,3.457
2.8106,26.0,4.1106719367588935,33.82,-118.3,1.844
2.8231,16.0,3.956291390728477,38.6,-121.44,1.375
2.3658,17.0,4.073093220338983,32.78,-117.17,1.641
1.1386,52.0,3.914942528735632,40.8,-124.16,0.741
2.8355,45.0,5.105978260869565,37.73,-122.15,2.454
3.1042,44.0,5.06989247311828,33.8,-118.15,2.198
2.625,42.0,4.7882037533512065,33.91,-118.27,1.011
3.8355,38.0,5.112994350282486,34.08,-117.63,1.117
1.9911,50.0,5.343675417661098,37.84,-122.26,1.587
4.7833,28.0,6.550161812297735,38.4,-122.29,3.611
2.4878,14.0,5.144410613310135,34.1,-117.34,1.038
1.6213,37.0,4.593220338983051,37.49,-120.86,0.695
1.3894,16.0,2.508298755186722,37.98,-122.03,1.563
2.3194,25.0,5.210412147505423,36.15,-119.06,0.529
1.9766,34.0,3.4277777777777776,33.93,-118.35,1.625
4.725,16.0,6.157205240174672,38.24,-122.6,2.045
2.1927,27.0,4.848806366047746,34.01,-117.05,1.167
1.35,40.0,4.171328671328672,33.95,-118.24,0.895
4.0139,26.0,5.779151943462898,34.09,-117.62,1.32
2.875,20.0,4.767676767676767,38.25,-122.62,1.891
7.3463,22.0,7.482439926062846,33.78,-118.06,3.556
2.3929,31.0,3.7445054945054945,33.97,-118.16,1.911
4.0985,45.0,5.737179487179487,34.19,-118.17,1.731
2.1714,46.0,3.235135135135135,37.34,-121.89,1.906
4.7917,40.0,5.557647058823529,37.58,-122.33,3.599
3.875,45.0,4.595155709342561,34.18,-118.34,2.269
6.2089,26.0,7.2983050847457624,34.12,-117.73,2.618
2.45,21.0,3.8515625,32.78,-117.25,3.5
5.2323,22.0,6.704419889502763,33.13,-117.05,1.675
3.0521,38.0,4.936708860759493,37.47,-122.15,1.515
2.325,35.0,3.163265306122449,33.98,-118.21,1.615
4.119,32.0,4.651234567901234,34.04,-117.97,1.633
4.445,52.0,5.534591194968553,37.77,-122.43,4.0
3.1455,16.0,5.118566176470588,39.28,-123.22,1.429
4.0214,16.0,4.345273631840796,33.75,-117.84,1.395
2.0357,34.0,4.906103286384977,36.64,-118.05,0.742
3.3003,13.0,3.70873786407767,33.78,-118.15,2.078
3.3125,29.0,4.959349593495935,36.21,-119.32,0.783
6.2185,15.0,6.519951632406288,33.88,-117.82,2.803
2.3462,36.0,4.272,34.09,-118.09,1.885
6.9223,23.0,7.069943289224953,34.2,-118.65,3.384
2.6386,38.0,3.371698113207547,37.32,-121.88,1.776
2.9228,35.0,3.953083109919571,34.18,-118.37,1.773
2.6726,32.0,5.005102040816326,36.77,-119.75,0.704
3.0536,34.0,4.620087336244541,34.05,-118.04,1.375
1.7344,35.0,4.4491525423728815,33.93,-118.35,1.469
4.7639,36.0,5.261818181818182,37.66,-122.44,2.656
4.875,42.0,4.728280961182994,33.99,-118.43,3.013
1.3417,33.0,4.421800947867299,34.12,-117.33,0.69
4.9821,13.0,6.638472032742156,33.54,-117.72,2.448
4.7685,5.0,4.331352154531946,37.39,-122.04,2.801
2.5551,35.0,4.018487394957983,37.35,-121.86,1.821
3.1711,41.0,6.0945558739255015,40.78,-124.15,1.042
2.625,47.0,4.963855421686747,37.74,-122.16,0.982
2.7483,28.0,4.106508875739645,34.09,-118.14,2.188
3.4777,47.0,4.873180873180873,34.18,-118.12,2.306
1.6098,52.0,5.021459227467811,37.82,-122.28,0.875
3.3713,29.0,4.359805510534846,33.87,-118.15,1.982
3.7031,27.0,5.6474530831099194,37.81,-120.9,1.733
1.3221,30.0,5.383529411764706,36.81,-119.88,0.612
4.2083,14.0,4.825737265415549,33.69,-117.8,2.51
1.9564,39.0,3.945619335347432,33.98,-118.28,0.922
3.1941,28.0,4.762406015037594,34.02,-118.42,3.947
1.5685,34.0,2.7942754919499104,34.08,-118.3,2.25
2.7159,25.0,5.694852941176471,36.37,-119.83,1.014
1.625,34.0,4.8259668508287294,37.96,-120.24,0.794
1.5539,44.0,5.066666666666666,37.96,-121.23,0.592
4.2917,52.0,6.329545454545454,34.0,-118.33,2.476
2.9054,37.0,3.4665551839464883,33.99,-118.19,1.563
2.6667,45.0,4.575903614457832,33.99,-118.43,3.2
2.7736,20.0,7.544692737430168,40.85,-122.45,1.078
3.12,23.0,5.366492146596858,37.86,-122.07,1.55
2.9119,45.0,4.796019900497512,37.72,-122.45,2.289
1.9274,49.0,5.068783068783069,37.84,-122.28,1.223
3.3187,10.0,5.292391304347826,33.9,-117.46,1.448
2.7413,13.0,5.571741511500548,37.27,-119.67,1.231
2.1903,52.0,4.27683615819209,38.62,-122.87,1.6
3.7585,19.0,5.112877583465819,33.96,-117.32,1.445
5.3008,16.0,6.1062124248497,32.9,-116.96,1.865
2.7625,52.0,4.391534391534392,34.07,-118.26,2.321
4.5659,5.0,6.012958963282937,34.67,-118.17,1.403
3.5694,41.0,5.03793626707132,34.16,-118.05,2.786
6.6603,52.0,6.6573426573426575,34.16,-118.24,3.804
3.2405,16.0,6.11377245508982,35.12,-118.46,0.855
5.4904,15.0,6.429611650485437,33.15,-117.32,2.621
7.508,52.0,7.994318181818182,37.81,-122.23,3.487
4.3958,52.0,2.1176470588235294,37.77,-122.4,2.25
2.7012,36.0,3.9957686882933707,34.12,-118.19,1.721
3.7647,17.0,5.349248452696728,32.73,-117.0,1.276
2.8007,40.0,4.244660194174758,32.74,-117.25,2.571
5.8777,27.0,5.618510158013544,33.63,-117.95,3.588
5.0126,16.0,5.9144385026737964,39.0,-121.1,1.923
4.9504,5.0,5.63010752688172,38.13,-122.19,2.148
4.2917,17.0,5.482014388489208,40.2,-122.23,1.288
2.2339,5.0,4.291297935103245,38.67,-121.36,1.166
2.7059,19.0,3.8048780487804876,33.74,-117.85,1.598
6.0321,17.0,6.493939393939394,34.44,-119.92,4.026
5.1538,23.0,6.781659388646288,32.61,-117.03,1.713
5.3283,28.0,5.903100775193798,37.54,-121.99,2.279
2.0313,41.0,4.1415929203539825,33.93,-118.28,1.226
4.3088,34.0,5.896358543417367,32.75,-117.01,1.525
1.9667,52.0,4.087628865979381,38.11,-122.26,0.938
3.6375,24.0,4.9390581717451525,32.78,-117.16,1.786
2.6371,30.0,3.4004796163069546,33.77,-118.18,1.594
2.6607,52.0,3.123134328358209,37.79,-122.42,0.875
1.125,31.0,3.7004160887656035,37.96,-121.3,1.104
5.8798,23.0,6.393464052287582,34.21,-118.57,2.705
1.3039,22.0,4.538834951456311,33.75,-116.97,0.775
3.2969,18.0,5.5264623955431755,36.81,-121.72,2.299
3.95,52.0,6.060869565217391,37.74,-122.15,2.19
3.9444,45.0,4.0874125874125875,37.78,-122.27,2.129
4.2031,29.0,4.844236760124611,34.15,-118.39,3.944
2.3359,40.0,4.47976011994003,34.02,-118.13,1.893
3.125,38.0,4.9,34.24,-118.41,1.759
3.6389,28.0,6.0,37.97,-121.17,1.304
2.5038,39.0,4.970822281167108,39.14,-121.63,0.683
4.3523,26.0,4.901694915254238,38.42,-122.73,1.5
2.7989,27.0,5.9221789883268485,38.52,-121.98,1.267
2.9063,27.0,3.7992700729927007,33.88,-118.29,1.841
1.5179,52.0,4.022662889518414,34.0,-118.3,1.161
2.3056,31.0,3.320359281437126,34.18,-118.36,2.0
1.1136,18.0,4.430232558139535,35.36,-118.99,0.478
2.8788,38.0,5.86219739292365,36.35,-119.65,0.855
4.2153,18.0,6.11453744493392,36.83,-119.78,0.952
3.4444,48.0,5.040358744394619,33.98,-118.29,0.931
3.2625,18.0,6.151943462897527,32.79,-117.24,1.938
7.6709,17.0,7.691379310344828,33.72,-117.93,3.195
3.1458,33.0,4.938775510204081,37.32,-121.95,2.705
2.1652,14.0,3.7512195121951217,34.4,-119.85,0.375
6.1103,35.0,7.438709677419355,32.77,-116.99,3.016
3.7622,16.0,4.87479674796748,37.4,-121.9,1.5
4.7656,25.0,5.8425655976676385,33.68,-117.96,2.307
3.7049,34.0,5.366355140186916,34.2,-118.51,2.275
2.1013,9.0,4.148148148148148,38.02,-121.95,1.007
3.6719,43.0,4.482084690553746,33.86,-118.18,1.613
4.194,47.0,5.0928571428571425,33.73,-118.3,2.939
2.5568,32.0,3.731934731934732,32.8,-117.25,2.583
3.9543,35.0,5.134122287968442,33.94,-118.0,2.144
1.7546,52.0,4.733333333333333,37.76,-122.21,0.806
1.5771,12.0,4.175903614457831,39.53,-121.56,0.652
2.2574,19.0,4.667506297229219,38.62,-121.33,1.358
5.3064,15.0,6.423584905660378,38.66,-121.79,1.65
6.0859,21.0,6.081890812250333,37.96,-122.08,2.66
2.2885,38.0,5.433155080213904,36.41,-119.69,0.75
2.4931,32.0,4.316363636363636,33.82,-117.9,1.669
2.3147,18.0,4.626865671641791,40.94,-124.08,0.701
3.0588,28.0,3.7810650887573964,33.92,-117.94,1.452
6.6085,27.0,6.410891089108911,37.37,-122.05,3.447
2.6055,42.0,5.054744525547445,38.63,-121.42,0.78
3.038,33.0,5.504249291784703,34.14,-117.95,1.375
5.6205,19.0,7.232300884955753,37.13,-121.67,3.008
3.3389,33.0,4.73936170212766,34.03,-117.95,1.579
2.309,18.0,5.456422018348624,36.6,-119.55,0.571
5.5591,16.0,6.043478260869565,37.81,-121.23,1.493
2.2132,23.0,7.596153846153846,36.72,-121.06,1.0
2.5726,41.0,3.8424015009380863,33.77,-118.18,1.938
3.9375,24.0,7.662721893491124,34.87,-120.33,3.412
3.0263,15.0,2.5864864864864865,33.88,-117.88,1.625
2.3851,21.0,6.6,39.68,-122.38,0.675
2.6597,38.0,4.336842105263158,38.87,-121.69,0.86
5.0357,45.0,4.870619946091645,34.0,-118.42,3.298
4.1429,37.0,5.67741935483871,34.17,-118.5,3.036
2.3929,11.0,4.912408759124087,38.09,-122.11,1.225
3.4732,52.0,5.962864721485412,37.89,-122.29,2.462
2.1579,27.0,5.0604229607250755,33.35,-118.32,4.5
2.375,33.0,4.378612716763006,34.09,-118.16,1.75
4.8611,15.0,6.442065491183879,38.45,-121.83,1.464
2.7317,33.0,4.368613138686132,33.94,-118.12,2.647
2.6434,20.0,4.4049180327868855,36.92,-121.76,1.697
1.7609,24.0,6.233463035019455,39.24,-120.02,0.993
3.7833,17.0,6.0576923076923075,39.07,-123.21,1.598
4.485,10.0,6.4341290893015035,38.72,-121.25,1.794
2.6858,13.0,4.350364963503649,36.58,-119.62,0.624
3.8672,15.0,5.437333333333333,38.11,-121.27,1.201
1.755,47.0,4.5167173252279635,40.8,-124.15,0.741
4.1544,16.0,6.405566600397615,36.95,-120.09,1.194
5.5922,35.0,6.219373219373219,34.45,-119.71,3.844
2.794,15.0,4.855824682814302,35.25,-120.69,2.625
2.8203,24.0,4.997840172786177,35.05,-120.48,1.526
3.1389,14.0,4.578082191780822,34.4,-119.53,2.487
2.3667,20.0,4.964332892998679,40.78,-122.93,0.912
5.1677,18.0,4.1448109412711185,33.86,-118.4,3.808
5.0507,14.0,6.6567901234567906,33.38,-117.2,2.915
5.3374,2.0,6.0,33.26,-115.8,0.475
3.8582,15.0,4.7941653160453805,34.61,-120.2,2.152
3.9417,33.0,4.995061728395061,37.33,-121.99,2.858
3.7885,21.0,4.75,33.82,-118.02,2.045
3.6875,15.0,6.426294820717131,38.02,-120.43,1.86
4.3693,44.0,5.619718309859155,37.01,-121.58,2.34
1.8299,9.0,3.7304747320061256,32.72,-117.13,1.375
3.5048,13.0,4.188760806916426,33.87,-118.37,2.94
3.1949,25.0,4.433962264150943,34.08,-117.89,2.074
3.2417,28.0,4.698717948717949,37.67,-122.07,2.108
3.9107,40.0,6.5,38.43,-120.79,1.298
2.5,22.0,4.916,38.57,-121.31,1.016
4.4472,18.0,5.445179584120983,34.04,-117.25,1.611
2.9917,36.0,4.875555555555556,37.7,-122.16,1.946
4.5278,35.0,4.283676703645008,34.43,-119.73,3.404
3.3438,8.0,6.096871846619576,34.4,-117.27,1.244
3.0533,19.0,4.937190082644628,38.67,-121.21,1.121
3.5486,35.0,5.041388518024032,34.01,-118.35,3.321
2.8493,23.0,5.090311986863711,35.31,-120.84,1.961
3.9647,12.0,5.629518072289157,36.14,-121.2,1.35
7.585,31.0,6.450084602368866,34.24,-118.24,3.801
4.0793,52.0,4.949799196787149,37.76,-122.47,3.067
6.3525,18.0,6.332386363636363,33.04,-117.26,2.783
2.2115,19.0,5.242816091954023,33.74,-116.96,0.876
2.3977,52.0,4.211055276381909,37.77,-122.43,4.125
2.3472,52.0,3.812807881773399,34.03,-118.2,1.352
1.6686,17.0,3.893175074183976,32.81,-116.92,1.125
2.8167,10.0,6.080078125,37.19,-119.68,0.961
2.1833,37.0,4.503386004514673,37.47,-121.13,0.927
5.8505,22.0,8.056689342403628,36.59,-121.95,4.171
3.8319,28.0,5.4032697547683926,34.0,-117.97,1.79
6.3131,17.0,5.293948126801153,37.33,-122.05,4.364
2.2215,15.0,5.352472089314195,36.83,-119.79,0.722
3.1111,36.0,5.213903743315508,33.91,-118.25,1.193
3.3844,52.0,5.6900452488687785,38.55,-121.49,1.511
3.9,7.0,6.554716981132075,39.74,-121.87,1.47
6.155,52.0,7.048076923076923,37.82,-122.24,3.986
4.9079,26.0,6.153452685421995,34.26,-119.21,2.341
2.0357,39.0,5.003225806451613,39.51,-121.55,0.576
1.9932,29.0,4.32994923857868,38.47,-122.72,1.648
3.7237,42.0,3.7324414715719065,33.95,-118.36,1.708
3.3274,26.0,3.9134615384615383,32.8,-117.25,2.955
1.1903,13.0,4.406914893617022,35.58,-119.35,0.632
5.069,33.0,6.20979020979021,33.68,-117.93,2.642
3.0965,16.0,3.324771689497717,34.02,-118.41,3.2
1.6929,20.0,3.510355029585799,37.8,-122.26,1.15
6.187,31.0,7.4203454894433785,37.72,-122.08,3.404
3.3889,32.0,4.338730569948186,33.97,-118.37,2.857
1.8625,52.0,6.411764705882353,37.77,-120.85,0.854
6.5891,17.0,7.254464285714286,38.29,-122.15,3.288
3.6802,6.0,4.200221238938053,37.31,-121.87,1.524
3.1583,34.0,4.832075471698113,38.52,-121.48,0.958
1.7402,34.0,4.370689655172414,32.7,-117.11,0.794
3.0357,7.0,5.541490857946554,34.54,-117.36,0.913
2.5048,28.0,3.9864864864864864,34.04,-117.65,1.0
2.475,16.0,3.466666666666667,34.35,-119.32,2.25
3.5912,52.0,4.657407407407407,37.75,-122.41,2.849
3.0687,32.0,5.185552407932011,35.63,-117.67,0.635
4.0238,19.0,6.498630136986302,37.02,-121.51,3.746
5.1423,36.0,4.845323741007194,33.9,-118.11,1.831
5.3912,35.0,5.82018927444795,37.4,-121.99,2.353
6.6766,26.0,5.8940677966101696,37.31,-122.01,3.327
3.5606,30.0,4.851694915254237,32.84,-117.18,1.651
3.9038,21.0,3.5863570391872277,37.36,-122.02,2.438
2.0368,40.0,4.568965517241379,38.59,-121.54,0.678
1.27,28.0,4.672972972972973,41.41,-122.37,0.531
1.5417,18.0,7.666666666666667,32.69,-115.9,0.575
3.4016,23.0,3.5763157894736843,34.16,-118.33,2.346
6.3992,36.0,5.693333333333333,33.86,-118.33,2.596
3.0833,27.0,3.5584,34.02,-118.41,3.155
2.6429,24.0,3.981958762886598,33.91,-118.21,1.053
2.5035,10.0,4.871227364185111,38.58,-121.31,1.125
3.1439,24.0,4.599290780141844,37.4,-122.01,0.475
4.2083,9.0,5.026352288488211,37.27,-121.84,1.984
6.4865,35.0,6.842105263157895,37.57,-122.39,4.5
3.5511,32.0,4.222543352601156,33.72,-117.86,1.591
3.1912,33.0,4.8950471698113205,34.08,-117.96,1.599
3.5982,52.0,5.447457627118644,33.98,-118.31,0.966
2.2466,15.0,5.742667404537908,34.15,-116.06,0.668
7.5443,9.0,6.723404255319149,37.33,-121.77,3.484
2.6299,35.0,4.042402826855124,34.22,-118.46,1.707
4.3281,35.0,4.823655913978494,33.99,-118.43,3.24
2.9474,33.0,5.6058558558558556,33.85,-117.93,1.784
1.7986,32.0,3.6473429951690823,36.68,-119.73,0.493
5.0866,32.0,6.1954261954261955,33.76,-118.03,2.235
1.8238,46.0,2.3595178719867,34.07,-118.3,2.375
4.5577,2.0,7.54093567251462,36.82,-119.67,1.233
1.7824,26.0,4.154373927958834,33.91,-118.21,1.102
3.2026,34.0,5.481393975191967,34.46,-119.23,2.276
2.6726,29.0,7.2,35.64,-119.19,0.833
6.6012,6.0,7.465098039215686,32.99,-117.04,3.149
5.5,17.0,7.066037735849057,32.8,-117.06,2.22
3.1125,29.0,4.851851851851852,37.57,-120.95,1.548
4.5278,26.0,7.636363636363637,38.65,-121.3,1.443
5.0532,19.0,4.973796033994335,33.81,-118.29,2.182
3.8464,17.0,3.699692307692308,37.36,-122.0,2.394
1.5281,29.0,5.095890410958904,39.29,-121.68,0.616
4.2647,26.0,5.943462897526501,38.0,-121.85,1.334
2.6538,9.0,4.20327868852459,37.75,-122.41,2.063
2.6923,41.0,5.116071428571429,40.88,-123.98,0.842
5.4216,25.0,6.428308823529412,33.81,-118.06,2.63
3.8259,33.0,5.2727272727272725,37.64,-122.06,1.461
5.542,24.0,6.8357196684250185,33.85,-118.26,1.975
6.1953,39.0,6.90952380952381,34.13,-118.18,3.63
6.2179,27.0,6.905204460966543,37.54,-121.94,3.053
2.2197,33.0,4.325,33.87,-117.57,1.382
3.3056,46.0,5.111111111111111,34.18,-118.35,2.304
5.6454,33.0,5.642297650130549,33.9,-117.99,2.028
6.0336,10.0,6.26032315978456,33.11,-117.24,2.403
1.2273,41.0,3.3380681818181817,33.96,-118.28,0.984
2.3375,30.0,3.3716814159292037,34.29,-118.45,1.542
3.6817,21.0,5.70911214953271,38.59,-121.32,1.361
2.75,35.0,5.304909560723514,35.33,-119.02,0.658
3.0862,45.0,5.633540372670807,37.94,-122.36,0.79
4.375,34.0,6.226519337016574,33.85,-117.88,2.247
4.0446,40.0,5.608391608391608,37.37,-121.82,1.963
6.0531,26.0,6.685840707964601,33.86,-118.25,1.864
6.0884,33.0,5.819148936170213,37.41,-122.11,4.329
1.9667,44.0,4.866197183098592,34.04,-118.17,1.339
1.7212,43.0,3.8680555555555554,37.95,-121.27,0.59
3.6227,33.0,5.633136094674557,34.1,-117.36,0.928
3.0833,27.0,4.714285714285714,32.76,-117.08,1.554
2.3617,6.0,4.726438698915763,34.51,-117.34,1.031
3.2632,8.0,5.466666666666667,35.12,-118.43,0.998
6.8634,24.0,7.183884297520661,33.72,-117.82,2.765
3.05,17.0,5.3837638376383765,37.94,-120.29,1.448
3.0208,36.0,3.902173913043478,37.89,-122.3,2.063
4.625,20.0,5.546666666666667,35.26,-120.69,2.218
1.0951,40.0,4.139359698681733,34.12,-117.29,0.658
4.4881,36.0,5.759776536312849,33.92,-118.16,2.189
2.7845,28.0,5.1082621082621085,35.3,-118.91,0.822
3.5714,8.0,3.105598866052445,34.14,-118.37,1.979
2.809,34.0,4.846153846153846,34.12,-117.22,0.825
6.4385,24.0,5.693726937269373,34.04,-118.09,2.726
2.9,27.0,7.409836065573771,33.09,-115.73,0.875
2.9844,28.0,5.586510263929619,34.17,-117.35,0.792
3.0417,52.0,4.638115631691649,34.17,-118.12,2.226
2.2027,32.0,3.2301255230125525,33.88,-118.13,1.927
4.6111,23.0,6.106349206349206,34.15,-117.24,1.284
1.3801,36.0,4.5664160401002505,40.68,-122.35,0.566
3.4883,52.0,4.914516129032258,37.78,-122.48,3.372
5.679,20.0,6.401273885350318,38.56,-122.05,2.25
6.4781,37.0,5.585657370517929,33.88,-118.32,2.69
6.91,40.0,4.920454545454546,34.08,-118.6,3.8
4.9732,35.0,4.975,33.91,-118.1,1.65
6.8645,23.0,7.302973977695167,33.72,-117.96,3.182
2.3087,52.0,4.038759689922481,37.74,-122.42,2.586
3.8103,5.0,5.594215600350569,40.6,-122.33,1.111
2.7171,22.0,6.0418994413407825,38.94,-123.15,0.958
1.6515,37.0,4.050675675675675,34.9,-117.02,0.616
2.75,39.0,4.109489051094891,34.04,-118.17,1.5
4.3125,46.0,6.135135135135135,33.83,-118.17,2.905
3.8343,38.0,5.3552238805970145,37.94,-122.31,1.914
1.9,16.0,4.975133214920071,40.56,-122.35,0.816
2.9844,36.0,3.5828571428571427,33.98,-118.17,1.636
2.6875,39.0,3.6332518337408315,34.43,-119.7,3.206
6.3401,7.0,7.2696310312204355,33.46,-117.63,3.873
1.9479,50.0,4.82520325203252,37.76,-122.18,0.895
4.7245,13.0,4.540295119182747,33.68,-117.99,2.736
5.9289,5.0,6.692852543464262,33.07,-117.2,4.113
5.6875,14.0,6.170871559633028,37.98,-122.09,2.11
4.3125,44.0,7.58600583090379,38.1,-122.86,2.615
4.6602,22.0,5.767123287671233,37.94,-122.05,2.278
2.1838,40.0,4.977088948787062,37.3,-120.47,0.75
2.2333,23.0,6.054313099041534,36.28,-119.29,1.201
2.1029,28.0,5.063291139240507,38.69,-121.51,1.086
6.3639,10.0,6.658385093167702,35.41,-118.94,1.43
3.125,52.0,6.13103448275862,38.56,-121.47,0.856
2.2917,34.0,4.367857142857143,37.74,-122.17,0.925
4.1098,14.0,5.940279542566709,36.83,-119.74,1.082
2.7411,27.0,4.684210526315789,35.78,-119.25,0.598
2.6094,20.0,5.068783068783069,36.25,-121.84,3.625
3.072,15.0,5.977941176470588,37.69,-120.97,1.143
2.6929,16.0,4.942973523421589,34.11,-117.69,1.193
2.378,34.0,4.259868421052632,33.79,-117.84,1.996
6.3892,17.0,6.438953488372093,37.52,-122.32,4.808
2.1477,27.0,4.968454258675079,36.05,-119.12,0.539
4.5245,14.0,5.874680306905371,38.71,-121.32,1.275
2.3333,37.0,4.6,33.87,-117.57,1.228
6.0094,30.0,6.363395225464191,34.19,-118.64,2.456
2.5368,35.0,4.201570680628272,36.97,-122.01,2.4
6.7206,26.0,6.889980353634577,37.62,-122.45,3.446
7.5839,13.0,8.268907563025211,33.95,-117.75,4.269
4.0362,33.0,5.100934579439253,33.78,-117.91,1.779
2.0956,35.0,3.201550387596899,33.78,-118.26,1.547
2.4322,12.0,5.105125977410947,33.96,-116.97,1.121
0.9234,40.0,2.7365853658536587,34.02,-118.27,1.875
4.9107,37.0,4.769547325102881,33.89,-118.14,1.796
2.7183,48.0,3.9053803339517623,33.79,-118.2,1.904
3.7348,4.0,5.705276705276705,34.08,-117.36,1.258
6.435,40.0,4.361038961038961,33.87,-118.4,4.795
1.0516,41.0,4.275675675675676,33.98,-118.29,1.083
3.0265,52.0,4.3743676222596966,37.78,-122.46,3.5
1.7636,52.0,5.175637393767706,36.75,-119.81,0.551
2.7466,43.0,3.6666666666666665,34.11,-118.25,2.089
2.125,6.0,5.904761904761905,34.02,-117.64,4.167
2.1991,15.0,4.158333333333333,37.96,-122.34,1.333
7.3089,48.0,7.283216783216783,37.91,-122.28,3.312
3.125,28.0,6.325842696629214,37.01,-120.77,1.563
4.075,28.0,5.815831987075929,34.38,-119.12,2.379
2.0968,23.0,2.853881278538813,34.19,-118.39,1.625
4.5739,35.0,6.01010101010101,33.79,-117.92,1.905
3.6705,34.0,6.17515923566879,33.88,-117.95,2.75
2.5164,36.0,4.181297709923665,37.96,-122.35,1.142
2.9352,38.0,4.043731778425656,34.15,-118.44,3.045
2.7098,47.0,4.330601092896175,34.13,-118.22,1.738
2.2551,10.0,6.251968503937008,39.11,-122.89,0.711
2.1875,43.0,3.8299319727891157,32.7,-117.14,0.87
4.0,47.0,5.414893617021277,37.71,-122.46,2.316
4.635,36.0,6.693761814744802,37.71,-122.06,2.486
4.525,36.0,4.590909090909091,37.98,-122.0,1.613
4.3438,33.0,6.180769230769231,34.15,-117.3,1.15
4.1488,37.0,5.616901408450704,38.61,-121.4,1.364
2.8365,32.0,5.371900826446281,38.76,-121.77,0.879
2.5156,20.0,5.491379310344827,36.21,-119.08,0.593
4.425,16.0,3.422582448295137,33.85,-118.41,3.364
2.551,30.0,3.1767241379310347,33.99,-118.2,1.6
3.52,23.0,4.698216735253772,34.14,-118.01,1.873
3.9395,33.0,4.9409221902017295,37.67,-122.12,1.847
1.3523,18.0,5.883116883116883,39.39,-120.74,0.857
5.6304,18.0,7.1689059500959695,38.3,-122.35,2.431
6.1089,38.0,6.8,38.31,-122.24,2.808
2.4459,17.0,3.82487922705314,32.97,-117.1,0.858
4.5033,21.0,5.258097165991903,33.89,-117.99,1.605
3.2121,37.0,4.617210682492582,32.69,-117.18,3.208
2.9861,33.0,4.198858230256898,37.7,-122.09,2.082
4.775,36.0,6.707865168539326,38.59,-121.37,1.941
3.8214,36.0,5.600823045267489,33.95,-118.04,1.785
5.2671,17.0,5.860215053763441,32.73,-116.95,1.571
3.9712,16.0,4.624539877300614,37.95,-122.47,1.875
1.5122,19.0,3.948186528497409,36.79,-119.79,0.475
3.9099,33.0,4.55108877721943,34.18,-118.43,2.675
5.6177,21.0,6.888586956521739,34.71,-120.47,1.838
4.0208,52.0,5.877431906614786,37.78,-122.47,4.146
4.0417,14.0,3.6955903271692745,33.65,-117.91,1.809
5.6277,14.0,5.72409823484267,37.58,-122.04,2.698
3.5385,36.0,3.675,34.12,-117.93,1.344
1.5694,30.0,5.0227272727272725,39.13,-121.57,0.579
2.2222,20.0,5.1875,36.35,-119.41,0.529
5.8519,36.0,6.771812080536913,34.07,-117.9,2.494
5.1952,19.0,6.471810089020772,33.92,-117.92,3.021
4.0288,35.0,5.333333333333333,33.86,-117.93,1.84
2.2989,26.0,4.48411214953271,33.7,-116.2,0.606
2.1985,36.0,3.5403348554033487,33.8,-118.19,1.418
4.5469,52.0,4.181132075471698,33.76,-118.13,3.81
3.0078,25.0,4.912126537785589,34.17,-117.31,0.871
3.93,11.0,6.474264705882353,38.81,-121.04,1.634
5.9328,24.0,7.02317880794702,34.13,-117.65,2.559
3.0313,17.0,5.870614035087719,41.84,-124.3,1.036
4.8993,34.0,5.651282051282052,37.99,-122.55,3.199
2.5398,47.0,5.416413373860182,33.94,-118.29,1.057
3.6474,32.0,6.431707317073171,37.11,-122.09,2.316
2.4934,44.0,4.754716981132075,34.01,-118.32,1.658
3.4327,24.0,5.015151515151516,33.77,-118.0,1.928
2.8,34.0,4.553530751708428,34.28,-118.42,1.443
2.3169,28.0,3.6804733727810652,33.72,-116.21,0.689
3.7279,36.0,5.447236180904523,34.05,-118.05,1.622
6.67,11.0,6.4950678175092476,33.8,-117.79,2.832
7.6889,11.0,6.813688212927756,38.12,-121.3,2.293
3.1908,52.0,5.0,37.71,-122.43,2.556
4.7118,24.0,5.212809917355372,37.24,-121.91,2.746
4.1361,26.0,5.878195488721804,34.02,-117.03,1.21
3.375,46.0,4.6875,33.97,-118.3,0.985
5.2227,18.0,5.552147239263804,33.85,-117.82,2.135
1.8616,37.0,5.042801556420233,39.75,-121.63,0.705
1.8021,17.0,4.940104166666667,36.82,-119.69,0.559
6.1306,16.0,7.194954128440367,34.18,-118.96,2.582
2.8155,27.0,4.257352941176471,33.99,-118.12,1.768
1.9472,40.0,5.026490066225166,33.93,-116.98,0.732
2.0673,45.0,3.96218487394958,34.03,-118.28,1.516
3.6619,17.0,4.885875706214689,37.4,-122.0,2.324
4.5022,2.0,4.529356943150047,33.65,-117.59,1.519
2.6894,30.0,3.6733870967741935,36.59,-121.88,1.795
4.174,22.0,6.213171577123051,39.1,-121.63,1.001
2.4906,31.0,6.180379746835443,38.16,-121.16,1.225
4.4663,34.0,5.725663716814159,33.81,-117.96,1.839
6.4963,6.0,7.799038461538461,34.24,-118.77,3.081
4.9205,35.0,5.152,33.93,-118.0,1.739
2.3812,35.0,6.2894736842105265,32.74,-117.08,1.351
1.4267,37.0,4.291845493562231,36.96,-120.05,0.523
3.475,26.0,4.96643109540636,33.84,-117.93,2.825
3.5655,52.0,4.094462540716612,37.76,-122.43,4.273
3.4261,16.0,5.160377358490566,33.63,-117.71,2.197
3.6823,18.0,4.003267973856209,34.41,-119.71,2.55
3.691,30.0,4.975609756097561,37.86,-121.61,1.544
3.7969,40.0,5.949781659388647,38.36,-122.54,2.028
3.4485,27.0,4.888482632541133,37.89,-122.51,4.583
4.6635,13.0,6.231527093596059,37.51,-120.83,1.984
3.3269,15.0,5.265107212475634,35.65,-117.68,0.819
4.7222,36.0,5.712,33.84,-118.3,2.396
3.6988,28.0,4.213174748398902,33.87,-118.34,2.666
4.9706,15.0,5.467116357504215,32.92,-117.14,1.847
5.0114,18.0,5.810623556581986,33.87,-118.37,3.386
4.2289,25.0,5.154336734693878,33.66,-118.0,4.427
4.1488,38.0,5.438967136150235,34.1,-118.04,2.353
3.9219,35.0,4.888586956521739,33.77,-117.89,1.896
2.8698,23.0,5.475471698113208,37.38,-120.73,0.729
4.0781,43.0,5.051724137931035,34.04,-118.37,2.894
4.5,16.0,5.183783783783784,33.89,-117.88,1.733
6.4504,35.0,5.2428884026258205,34.11,-118.59,4.07
2.3889,44.0,4.933806146572104,34.1,-117.37,0.861
2.0,17.0,7.289156626506024,37.31,-120.35,0.875
2.3375,26.0,2.847297297297297,34.07,-118.3,2.823
5.5181,25.0,6.893700787401575,34.18,-118.94,2.421
3.3205,5.0,3.908896797153025,34.18,-118.3,1.721
3.7734,22.0,4.781783681214422,33.76,-117.96,1.939
3.9028,25.0,5.470967741935484,39.52,-121.49,0.938
2.3482,17.0,3.879154078549849,34.17,-118.29,2.554
2.7955,22.0,5.3197781885397415,38.66,-121.36,0.965
2.1542,17.0,7.045045045045045,41.01,-123.52,0.838
2.7589,26.0,3.755434782608696,33.75,-118.0,1.375
3.125,6.0,3.8095238095238093,35.24,-119.01,0.65
4.3631,43.0,5.362586605080831,34.2,-118.33,2.846
2.625,21.0,4.801204819277109,34.03,-117.98,1.911
3.3958,38.0,5.266447368421052,33.79,-118.31,2.5
1.8077,47.0,5.162790697674419,40.17,-122.25,0.541
6.0102,16.0,6.7882736156351795,38.01,-122.24,2.356
3.175,18.0,5.6272965879265096,38.4,-120.66,1.185
2.1205,16.0,5.5799256505576205,33.18,-117.28,1.573
0.9463,43.0,4.614973262032086,34.0,-118.24,0.95
2.3352,28.0,4.544419134396355,37.93,-122.35,0.843
0.8438,17.0,2.9079754601226995,34.15,-118.14,1.75
2.9112,19.0,3.6590296495956873,32.75,-117.16,1.991
4.0039,36.0,5.062761506276151,37.48,-122.14,1.489
2.1935,15.0,5.299047619047619,33.49,-117.67,1.833
3.1287,50.0,4.467576791808874,34.13,-118.19,1.98
4.9766,10.0,6.887147335423197,34.87,-120.4,1.996
3.5972,39.0,2.6699029126213594,33.75,-117.86,1.58
2.2,14.0,3.605231866825208,34.09,-118.34,2.1
3.141,43.0,5.0736,32.76,-117.04,1.414
1.7467,41.0,4.60062893081761,35.37,-118.96,0.524
7.5845,25.0,7.1193415637860085,37.27,-121.87,2.793
3.5296,43.0,4.644149577804584,37.71,-122.48,4.0
6.0538,20.0,6.232597623089983,37.24,-121.82,2.41
2.5863,30.0,5.027496382054993,34.04,-117.04,0.983
2.9306,23.0,5.62962962962963,39.74,-123.15,0.7
3.152,21.0,4.4875,33.71,-117.86,1.528
4.8214,34.0,5.575242718446602,34.16,-118.06,3.625
2.76,26.0,5.520871143375681,34.01,-117.45,0.952
6.4313,17.0,6.548198636806232,37.08,-121.56,3.931
3.4202,34.0,4.885714285714286,34.08,-118.06,1.891
6.541,21.0,7.202439024390244,34.16,-118.95,2.915
3.1,17.0,4.846511627906977,32.8,-117.01,0.842
5.2452,18.0,6.923990498812351,38.25,-122.61,2.049
2.1441,22.0,4.193979933110368,32.61,-117.07,1.355
2.1979,22.0,6.972602739726027,38.57,-122.26,1.528
2.0246,16.0,5.302631578947368,33.22,-117.23,1.488
3.0865,7.0,5.098918083462133,34.24,-118.45,2.059
1.5294,39.0,3.6512261580381473,33.96,-118.29,1.114
3.3611,24.0,4.1030444964871196,33.74,-117.84,1.346
4.5332,5.0,6.095873015873016,37.69,-121.04,1.955
3.0944,37.0,4.923728813559322,33.95,-118.08,1.628
1.9719,42.0,3.6945812807881775,34.03,-118.19,1.342
3.9,25.0,5.744082840236686,38.3,-122.31,1.873
3.25,46.0,4.972413793103448,37.73,-122.17,1.775
5.6346,36.0,6.154205607476635,33.72,-117.6,2.725
1.3679,23.0,4.065250379362671,38.5,-121.48,0.703
4.3687,33.0,5.703862660944206,37.75,-121.42,1.287
5.3074,18.0,4.617241379310345,33.03,-117.08,1.372
2.4554,20.0,5.5964912280701755,33.74,-116.95,0.894
2.1357,17.0,4.324503311258278,35.2,-118.83,0.535
5.883,13.0,4.907407407407407,33.7,-118.09,2.951
3.5687,36.0,4.832460732984293,33.89,-118.26,1.207
4.1316,20.0,5.621776504297994,33.22,-117.24,1.625
1.6647,35.0,4.290106951871658,38.59,-121.52,0.691
4.5729,22.0,4.223826714801444,33.92,-118.41,3.375
1.8061,5.0,3.0027624309392267,36.83,-119.71,1.134
2.9591,2.0,4.482808022922636,37.99,-121.96,2.101
5.1545,37.0,4.540372670807454,34.43,-119.7,4.184
4.5594,33.0,5.351548269581056,34.07,-117.91,2.042
4.7109,35.0,5.92,37.62,-122.03,1.987
6.0582,39.0,4.536082474226804,37.97,-121.2,1.577
3.2031,43.0,4.326704545454546,34.08,-118.16,1.446
3.7202,30.0,4.802536231884058,33.73,-117.86,1.821
2.7344,35.0,5.735955056179775,37.31,-120.46,0.878
4.7804,19.0,6.347058823529411,36.83,-119.77,1.011
4.1372,33.0,4.91120218579235,33.66,-117.89,2.652
3.9167,41.0,5.277591973244147,37.71,-122.45,2.436
0.8198,6.0,2.660436137071651,34.17,-118.37,3.25
3.1065,36.0,4.710594315245478,37.35,-121.93,2.341
3.338,34.0,4.575916230366492,34.19,-118.42,2.225
3.2125,19.0,5.2075471698113205,34.68,-118.27,1.854
2.5521,21.0,4.790291262135923,36.55,-119.29,0.656
6.7927,17.0,7.122965641952984,32.81,-117.06,2.347
2.79,41.0,4.067484662576687,32.75,-117.24,2.26
2.5,21.0,4.087878787878788,34.08,-118.1,1.821
6.0175,15.0,7.13681592039801,32.96,-117.12,2.383
4.5787,20.0,6.117370892018779,36.85,-121.65,2.451
3.1628,35.0,3.8238532110091743,37.61,-122.4,3.184
3.1625,23.0,5.773399014778325,36.06,-119.05,0.706
3.6445,17.0,5.84,32.83,-116.85,1.976
3.6995,13.0,4.94212962962963,38.69,-121.3,1.349
3.1071,24.0,5.132075471698113,36.28,-119.81,0.561
2.8298,37.0,5.3497267759562845,38.53,-121.42,0.712
1.6797,38.0,4.927613941018767,35.36,-119.01,0.607
2.625,41.0,3.1154791154791153,34.05,-118.2,1.5
1.9631,44.0,4.425963488843814,34.01,-118.33,1.813
1.7217,16.0,3.8107142857142855,33.22,-117.22,1.75
6.9261,24.0,7.150753768844221,33.69,-117.95,2.846
2.5321,37.0,4.344827586206897,33.89,-118.2,1.051
5.5121,16.0,6.051612903225807,37.26,-121.86,2.241
2.1682,35.0,5.26,38.76,-120.67,1.381
2.2765,38.0,5.603174603174603,34.16,-118.15,1.466
3.0645,32.0,4.307254623044097,37.67,-122.11,1.654
4.8977,41.0,5.957792207792208,34.28,-119.26,3.582
3.3365,20.0,5.782527881040892,34.02,-117.08,1.228
3.775,25.0,5.6,33.72,-116.24,0.934
4.125,33.0,4.0,38.0,-122.39,2.125
3.8875,31.0,5.15406162464986,34.07,-117.71,1.292
3.3617,15.0,4.1923076923076925,37.58,-122.02,1.781
5.2051,13.0,6.842443729903537,38.68,-121.26,1.674
4.0313,19.0,4.444444444444445,33.75,-117.92,1.475
4.5144,35.0,5.975384615384615,33.9,-118.0,2.063
2.9292,33.0,4.066666666666666,33.89,-118.14,1.834
2.07,30.0,3.1324161650902838,34.1,-118.2,1.545
3.8889,25.0,4.534883720930233,34.25,-119.2,1.875
2.1071,18.0,4.641935483870967,34.12,-117.23,0.735
4.2422,27.0,3.384180790960452,37.37,-121.99,2.375
3.0806,52.0,6.1931034482758625,40.54,-124.23,1.067
3.6354,17.0,5.471061093247588,38.99,-120.98,1.629
2.2304,42.0,4.664670658682635,34.2,-118.5,2.038
2.8029,29.0,3.7739938080495357,34.09,-118.03,1.809
2.6466,14.0,4.893542757417103,38.04,-122.15,1.685
3.5437,27.0,5.1585014409221905,32.69,-117.04,1.158
3.6086,30.0,3.9160839160839163,33.82,-118.22,1.463
5.1602,16.0,4.280487804878049,37.34,-122.03,2.312
5.0477,16.0,4.2304609218436875,37.3,-121.93,2.925
3.6389,29.0,4.186588921282799,33.92,-118.41,2.75
5.343,17.0,6.3180327868852455,33.7,-117.95,2.319
3.625,35.0,6.75,35.73,-117.73,0.55
2.6944,19.0,5.439363817097416,36.08,-119.03,0.677
1.676,44.0,3.672176308539945,34.09,-118.32,2.088
3.6765,42.0,4.3604651162790695,37.37,-122.04,2.528
2.0995,15.0,3.430830039525692,34.93,-120.44,0.875
1.7273,29.0,6.492647058823529,38.96,-122.64,0.582
4.1667,52.0,4.768595041322314,37.77,-122.27,2.258
2.8679,44.0,4.951554591467824,37.75,-122.4,2.433
2.8281,30.0,4.281923714759536,32.77,-117.13,1.717
1.2222,32.0,4.4013050570962475,33.92,-118.23,1.072
1.7,27.0,4.2,38.44,-122.71,3.5
3.1972,20.0,3.5460122699386503,37.75,-122.28,1.0
5.0526,36.0,6.088495575221239,33.95,-118.12,2.698
3.6364,19.0,6.465408805031447,33.68,-117.95,2.528
3.9309,18.0,6.3188811188811185,38.49,-121.81,1.785
2.4821,24.0,4.769491525423729,37.73,-121.92,1.572
2.4777,34.0,5.092503987240829,34.44,-119.23,2.603
2.8458,52.0,4.00355871886121,37.76,-122.43,3.5
3.2147,7.0,5.398239823982398,36.84,-119.78,1.119
2.4213,12.0,3.7448275862068967,32.58,-117.11,1.325
6.3942,4.0,5.681271810779372,37.78,-121.95,3.567
3.335,11.0,5.379073756432247,36.19,-119.32,0.697
2.0714,19.0,4.414201183431953,33.75,-116.95,0.858
4.0,26.0,4.587234042553192,34.19,-118.5,2.247
4.6863,4.0,5.204113924050633,33.56,-117.67,1.844
5.5676,16.0,7.4694280078895465,37.99,-121.88,1.742
6.5151,5.0,6.190476190476191,32.64,-117.02,2.817
1.55,46.0,4.553892215568863,33.97,-118.26,1.006
3.527,17.0,3.592995169082126,37.72,-122.54,3.189
5.4607,28.0,6.122913505311077,37.99,-122.0,1.923
5.4727,34.0,6.312785388127854,34.21,-118.15,2.389
4.8013,36.0,6.010060362173038,33.84,-118.15,2.241
3.5833,45.0,5.424418604651163,33.86,-118.13,2.002
6.9257,28.0,6.96594427244582,33.54,-117.76,4.664
2.3784,15.0,3.882147024504084,34.17,-118.37,1.854
3.2216,48.0,4.853403141361256,34.19,-118.15,1.616
4.071,2.0,6.28139534883721,34.55,-118.01,1.374
4.9091,9.0,5.243243243243243,37.39,-121.87,2.597
6.0488,26.0,5.826797385620915,33.82,-117.88,2.32
3.8438,28.0,5.422431865828092,34.08,-117.73,1.308
5.6986,20.0,5.677050882658359,37.9,-122.04,2.758
5.7039,35.0,5.8730650154798765,34.08,-117.92,1.994
2.1182,34.0,4.409638554216867,37.34,-120.6,0.689
2.6739,16.0,5.603174603174603,34.12,-116.4,0.78
4.6071,14.0,5.674698795180723,35.28,-120.7,2.399
1.7448,23.0,5.384615384615385,41.41,-122.39,0.801
4.2857,16.0,5.273010920436818,34.15,-118.83,2.332
2.9643,48.0,5.02869757174393,38.29,-122.3,1.54
2.0436,46.0,3.8620689655172415,33.98,-117.36,0.823
2.7794,52.0,3.490415335463259,37.77,-122.42,3.5
1.7321,44.0,4.919540229885057,34.16,-118.16,1.784
2.4844,46.0,4.321678321678322,33.85,-118.2,1.582
2.5052,23.0,4.582697201017812,37.3,-121.75,1.337
3.9224,17.0,5.00216684723727,34.39,-119.49,2.306
3.6087,10.0,6.317073170731708,39.05,-121.07,1.821
1.9336,38.0,4.246013667425968,34.05,-118.31,1.906
4.575,45.0,5.578947368421052,33.84,-118.14,3.36
2.8611,17.0,5.83265306122449,40.42,-122.25,0.987
2.3421,48.0,3.425531914893617,34.1,-118.28,2.0
1.8818,35.0,3.6591639871382635,33.99,-118.28,1.0
3.3703,16.0,4.396854204476709,34.19,-118.88,2.287
1.4712,41.0,3.5569620253164556,38.57,-121.5,0.946
6.0994,25.0,6.1287671232876715,34.18,-118.95,2.549
4.7276,7.0,6.173828125,38.73,-121.01,1.975
3.0405,43.0,4.6657142857142855,33.87,-118.12,1.88
6.3373,12.0,6.59330985915493,37.68,-121.89,3.397
3.625,52.0,5.285714285714286,39.67,-120.24,0.686
6.6125,42.0,6.256484149855908,37.93,-122.53,3.932
1.9338,44.0,3.1037735849056602,32.7,-117.14,0.894
3.6037,5.0,3.5841836734693877,37.78,-122.39,1.875
6.4599,15.0,7.8125,38.07,-122.17,2.197
1.7188,23.0,4.8686868686868685,38.92,-120.01,0.961
7.1198,32.0,7.39906103286385,36.6,-121.95,4.699
2.1638,26.0,4.839655172413793,32.78,-116.96,1.328
5.5563,13.0,6.726190476190476,33.94,-117.34,2.145
1.9929,30.0,2.682722513089005,33.98,-118.23,1.506
5.1333,43.0,5.335968379446641,33.97,-118.39,3.459
3.1818,36.0,6.510067114093959,35.29,-120.65,2.496
2.0699,24.0,3.137648131267092,34.22,-118.45,1.83
5.5737,35.0,5.430379746835443,37.56,-122.02,2.145
1.7237,36.0,4.510917030567685,34.0,-118.25,1.058
3.9818,19.0,5.335106382978723,36.71,-121.63,1.529
7.0242,18.0,6.935727788279773,34.18,-118.97,2.931
4.2292,33.0,6.39375,33.89,-118.01,2.128
7.978,5.0,7.995495495495495,34.04,-117.24,2.239
4.3235,32.0,4.821138211382114,37.89,-122.11,2.795
2.4929,15.0,4.171428571428572,33.87,-117.87,1.585
6.1183,19.0,7.013274336283186,38.66,-121.26,2.216
4.174,26.0,4.465433300876339,33.82,-118.28,2.051
5.5926,30.0,6.467236467236467,37.92,-122.5,3.009
6.155,32.0,7.008720930232558,34.25,-118.5,2.573
3.7969,33.0,5.122112211221122,34.07,-117.7,1.284
3.0771,28.0,4.727969348659004,32.62,-117.08,1.586
4.765,23.0,5.7707182320441985,33.85,-117.98,1.815
2.2982,45.0,5.5,32.74,-117.21,0.875
1.5615,38.0,4.282918149466192,33.94,-118.29,1.086
3.8026,49.0,3.9448529411764706,33.85,-118.19,1.497
4.7609,24.0,6.180327868852459,37.69,-122.17,2.126
4.1458,35.0,4.674556213017752,34.0,-118.09,1.625
1.8667,50.0,4.715302491103203,36.74,-119.77,0.628
1.6789,20.0,3.6580645161290324,32.75,-117.09,0.955
3.0927,23.0,4.791181364392679,32.79,-116.93,1.406
4.3487,29.0,5.930711610486892,38.65,-121.84,2.007
2.693,37.0,4.278925619834711,32.75,-117.13,1.741
4.7168,11.0,5.683684794672586,38.55,-121.8,2.232
2.9125,32.0,8.057416267942584,39.17,-120.15,1.458
3.7315,22.0,4.638386648122392,33.65,-117.98,1.979
3.6455,9.0,5.328859060402684,38.73,-121.3,1.392
1.5132,28.0,2.567219152854512,34.02,-118.49,4.5
4.5707,27.0,5.489795918367347,38.01,-122.03,1.759
3.6548,29.0,4.6434540389972145,34.3,-118.42,1.803
4.5096,30.0,5.165048543689321,33.94,-117.94,2.411
2.1311,36.0,3.1661849710982657,33.78,-118.26,1.631
2.9375,44.0,4.532846715328467,33.98,-118.3,0.952
2.1833,52.0,7.275862068965517,40.35,-121.03,0.495
3.821,39.0,4.5353625783348255,33.55,-117.79,4.521
3.1319,2.0,5.473090277777778,33.7,-117.15,1.115
4.3783,16.0,6.028612303290415,32.83,-117.1,1.795
5.4562,28.0,6.547445255474453,33.78,-117.82,2.747
3.4205,36.0,5.735384615384615,35.4,-118.98,0.766
2.2708,34.0,3.53,34.07,-118.2,1.596
5.6975,48.0,5.861878453038674,34.18,-118.33,2.314
2.0062,29.0,3.681318681318681,37.81,-122.26,1.25
1.6198,30.0,4.357142857142857,37.79,-122.23,1.227
6.5722,34.0,6.1943231441048034,34.11,-118.03,4.374
2.7079,21.0,4.857425742574257,38.61,-121.33,1.48
5.0736,41.0,5.382739212007505,34.11,-118.07,2.707
2.6098,18.0,3.706056129985229,34.15,-119.17,1.461
2.9187,21.0,5.029545454545454,35.06,-119.4,0.521
1.8636,21.0,4.856777493606138,35.13,-118.44,0.679
3.9187,39.0,5.6109422492401215,32.81,-117.25,3.119
4.2944,37.0,4.893246187363834,34.12,-118.17,3.547
4.6708,17.0,6.071672354948806,34.02,-117.32,1.231
7.9813,30.0,7.216216216216216,37.37,-122.07,4.735
4.5943,10.0,4.469437652811736,37.29,-121.83,1.235
2.4722,16.0,4.722298221614227,38.47,-122.67,1.943
2.2454,37.0,3.3531746031746033,34.04,-118.21,1.65
3.625,16.0,4.404833836858006,34.06,-117.71,1.604
3.045,36.0,5.140298507462687,34.0,-118.09,1.606
2.8682,27.0,5.175531914893617,34.04,-117.39,0.964
4.1797,6.0,6.794212218649518,34.12,-117.47,1.41
6.0532,12.0,5.97153024911032,35.6,-117.68,1.028
4.2432,13.0,6.350568769389866,38.54,-121.67,3.265
4.3643,17.0,5.7188612099644125,38.7,-121.32,1.249
1.9145,52.0,3.2241935483870967,37.8,-122.41,2.25
2.5139,50.0,4.5474006116207955,37.78,-122.28,2.19
5.6605,17.0,6.064056939501779,33.16,-117.31,2.244
2.127,15.0,3.958745874587459,33.78,-118.16,1.633
4.5,14.0,5.227043390514631,33.03,-117.05,2.222
6.9238,25.0,5.944723618090452,37.3,-122.04,3.459
2.7759,18.0,4.013353115727003,33.85,-117.88,2.0
2.8417,45.0,5.078726968174204,38.55,-121.51,1.379
4.918,36.0,6.169491525423729,33.83,-118.11,2.252
4.0791,11.0,5.8789020452099034,33.17,-117.33,2.813
2.3438,36.0,5.023952095808383,38.45,-121.83,1.227
4.2083,32.0,6.9655172413793105,37.77,-121.61,1.25
2.3125,15.0,5.9010989010989015,35.63,-118.41,0.969
4.275,48.0,5.302469135802469,34.15,-118.0,2.568
3.5833,50.0,4.3386004514672685,37.78,-122.5,3.485
2.4063,35.0,4.977987421383648,32.97,-115.53,0.707
3.1771,5.0,7.625531914893617,33.72,-116.29,1.674
7.8013,19.0,7.248275862068965,32.82,-117.25,4.74
2.7188,17.0,6.633228840125392,37.57,-120.02,1.131
4.2841,46.0,6.521390374331551,33.84,-118.13,3.124
4.0804,33.0,5.666666666666667,37.92,-122.3,2.39
4.7171,43.0,5.696594427244582,34.18,-118.41,2.379
7.7499,11.0,7.949675324675325,38.73,-121.2,3.348
2.2768,52.0,4.953068592057762,37.77,-122.18,0.962
7.2423,52.0,7.875,33.89,-118.17,3.5
3.75,23.0,5.3968804159445405,33.79,-117.81,2.119
3.4091,14.0,3.9069148936170213,34.23,-118.59,1.688
4.8125,34.0,5.8734177215189876,33.67,-118.0,3.878
2.331,28.0,5.146913580246913,39.13,-122.09,0.655
2.9817,21.0,4.876988335100743,37.44,-122.07,2.25
3.5988,9.0,5.715633423180593,35.61,-117.68,0.845
3.1289,42.0,4.508604206500956,34.16,-118.38,3.206
1.9728,32.0,5.468208092485549,37.55,-121.03,0.979
2.1336,19.0,5.893992932862191,41.92,-124.16,0.75
2.6125,26.0,5.213151927437642,34.53,-117.31,0.799
3.125,34.0,4.923076923076923,34.1,-117.89,1.686
2.4306,32.0,4.004032258064516,34.2,-118.38,1.875
1.5,45.0,2.7683397683397684,33.77,-118.18,1.625
2.8478,31.0,3.7401812688821754,34.15,-118.25,2.281
4.1492,34.0,4.3192019950124685,34.25,-118.47,1.957
4.505,32.0,3.5763546798029555,37.38,-122.01,2.304
4.3714,23.0,6.202672605790646,32.7,-117.0,1.31
2.6767,15.0,4.512448132780083,36.81,-119.72,0.875
2.4671,30.0,4.386727688787185,32.8,-117.24,2.763
1.473,35.0,3.0697674418604652,37.33,-121.88,2.136
3.0114,42.0,3.673521850899743,33.99,-118.19,1.575
3.6154,5.0,4.193548387096774,38.02,-121.9,1.818
5.1104,26.0,5.5300668151447665,33.89,-118.06,2.205
1.6045,36.0,3.822950819672131,35.76,-119.25,0.573
3.375,35.0,5.326470588235294,37.97,-122.3,1.497
2.0304,51.0,4.64203233256351,34.02,-118.32,1.334
3.5278,48.0,5.09811320754717,37.76,-122.49,3.398
2.3343,11.0,4.361046959199384,38.47,-121.42,0.978
2.5949,12.0,4.385895404120443,32.82,-116.95,1.083
1.9375,40.0,4.287846481876333,34.08,-117.31,0.699
1.75,49.0,5.552631578947368,37.81,-122.29,0.75
2.639,39.0,4.034416826003824,37.63,-122.41,2.425
3.925,14.0,4.874493927125506,36.32,-119.34,0.838
6.939,40.0,7.075794621026895,34.0,-118.35,3.72
3.32,27.0,5.4832962138084635,36.8,-119.79,1.247
4.7375,45.0,5.2661498708010335,33.94,-118.41,2.896
2.0375,48.0,4.944606413994169,37.79,-122.23,1.225
6.0862,9.0,6.379166666666666,32.97,-117.11,2.636
3.4471,26.0,5.599520383693045,38.0,-122.28,1.789
1.9203,52.0,3.7789046653144016,32.73,-117.16,1.958
5.9544,44.0,6.127982646420825,33.97,-118.4,3.772
3.6107,13.0,5.261096605744125,37.8,-121.0,1.413
4.2361,2.0,5.03639846743295,33.19,-117.26,1.585
3.6546,30.0,5.250639386189258,34.16,-119.18,1.862
3.4955,15.0,3.7094474153297683,33.77,-117.99,1.609
2.9911,36.0,5.123595505617978,38.52,-121.48,0.964
5.1582,26.0,6.155688622754491,37.94,-121.96,1.947
3.7841,34.0,5.141856392294221,32.83,-117.22,1.769
2.8966,29.0,5.234285714285714,38.58,-121.3,0.924
3.3194,21.0,6.878048780487805,37.32,-120.55,1.414
2.2721,40.0,4.62890625,36.32,-119.72,0.526
4.1786,42.0,4.611494252873563,37.74,-122.54,2.711
5.0519,40.0,5.09453781512605,37.75,-122.43,3.561
2.1509,16.0,4.264227642276423,34.93,-120.44,0.675
3.1548,50.0,5.4017595307917885,34.01,-118.32,1.577
4.9583,35.0,5.4969325153374236,33.84,-118.37,3.428
5.0465,34.0,6.395348837209302,32.82,-117.19,2.082
3.7958,17.0,5.777158774373259,34.75,-120.18,4.0
1.3403,43.0,4.2,34.0,-118.27,1.108
3.525,39.0,4.61875,33.93,-118.08,1.58
5.4876,35.0,6.163265306122449,33.8,-117.98,2.275
3.9844,38.0,5.403041825095057,33.72,-117.88,1.653
2.6217,36.0,3.792091836734694,34.16,-118.14,1.563
6.3654,26.0,7.3610648918469215,34.45,-119.84,3.312
4.1023,45.0,5.95575221238938,33.83,-118.17,2.173
2.1888,30.0,3.297029702970297,34.21,-118.45,1.956
4.2386,44.0,5.959488272921109,34.16,-118.1,2.837
1.7067,49.0,4.304878048780488,33.98,-118.32,1.186
5.4223,52.0,7.112612612612613,34.16,-118.11,3.256
2.8021,37.0,4.9825,34.19,-118.41,2.246
2.6576,5.0,5.939205955334987,34.44,-117.22,0.985
2.2462,52.0,5.692634560906516,41.32,-122.09,0.629
1.4891,41.0,4.551851851851852,34.11,-117.32,0.673
2.9145,21.0,6.498771498771498,36.19,-119.12,1.142
3.9241,16.0,5.298245614035087,34.11,-117.54,1.315
4.1471,37.0,5.435582822085889,33.95,-118.03,1.778
3.4911,26.0,5.915119363395226,38.7,-121.37,0.882
6.0829,17.0,6.506079027355623,33.88,-117.79,2.526
3.2143,25.0,4.989293361884369,36.82,-119.79,0.93
4.5147,34.0,6.322222222222222,38.39,-122.87,2.714
7.5385,37.0,6.666666666666667,37.89,-122.25,3.5
4.4423,18.0,6.076512455516014,37.83,-121.2,1.614
1.6184,52.0,2.17039586919105,34.06,-118.28,2.25
6.7247,24.0,6.803030303030303,34.45,-119.82,3.338
2.125,52.0,3.5919117647058822,34.43,-119.7,3.0
4.9167,23.0,6.609195402298851,37.99,-121.83,1.524
2.1667,38.0,5.2377358490566035,37.73,-122.38,1.938
4.9102,32.0,5.995994659546062,34.15,-118.61,3.191
2.0917,35.0,4.284403669724771,33.95,-118.29,0.993
2.1875,48.0,4.5,33.99,-118.32,1.152
3.625,20.0,3.561139028475712,37.57,-122.33,2.833
1.8694,36.0,5.259904912836767,41.73,-122.64,0.712
5.2203,18.0,7.191780821917808,36.81,-121.6,2.865
3.5172,43.0,3.988344988344988,34.1,-118.29,2.655
3.1875,33.0,5.2844827586206895,37.5,-121.04,1.292
2.2813,41.0,4.512195121951219,34.1,-117.71,1.25
1.9028,51.0,4.0561224489795915,37.8,-122.23,1.279
6.0738,26.0,6.014018691588785,37.24,-121.93,3.359
4.733,36.0,5.239130434782608,34.1,-118.02,2.337
2.8173,32.0,5.327067669172933,33.95,-117.42,1.108
6.7613,29.0,6.277027027027027,33.86,-118.38,3.527
4.3203,37.0,5.565826330532213,33.82,-118.11,2.328
5.5675,36.0,5.376623376623376,34.21,-118.5,2.159
2.2,25.0,4.503164556962025,32.74,-117.11,0.987
1.6641,43.0,4.628440366972477,38.63,-121.43,0.67
3.6791,37.0,4.389204545454546,34.25,-118.42,1.481
2.4612,45.0,4.370473537604457,34.03,-118.14,1.805
1.9485,16.0,4.518518518518518,38.28,-121.31,1.554
3.2305,35.0,5.2272727272727275,34.08,-117.34,0.937
3.6389,42.0,3.994296577946768,37.34,-121.92,2.392
4.63,52.0,6.936542669584245,38.56,-121.45,2.338
1.7292,38.0,4.135135135135135,35.37,-118.99,0.581
6.0704,16.0,7.40117994100295,38.38,-122.0,1.734
3.235,18.0,5.770259638080252,38.7,-121.3,1.247
5.5843,31.0,5.203240058910162,33.85,-118.38,3.846
2.8125,30.0,4.668393782383419,32.77,-117.0,1.735
1.645,10.0,4.561752988047809,34.13,-117.23,0.687
1.8656,50.0,3.377922077922078,34.01,-118.28,1.229
4.7478,27.0,5.7625,37.53,-121.93,2.435
2.2875,37.0,5.257142857142857,38.07,-120.54,0.799
1.25,19.0,4.671195652173913,36.72,-119.79,0.53
6.0661,16.0,5.992537313432836,37.58,-122.07,2.47
2.375,35.0,4.440329218106996,33.9,-118.24,0.936
3.5444,12.0,4.786854460093897,38.68,-121.29,1.325
2.1513,52.0,4.141176470588236,37.98,-120.39,0.867
2.2208,52.0,4.565789473684211,37.87,-122.3,1.448
2.5437,6.0,4.506134969325154,35.46,-120.64,1.464
2.6149,10.0,5.599269183922046,34.86,-118.15,0.835
1.8542,22.0,4.789115646258503,37.26,-121.96,3.333
5.2864,15.0,4.692771084337349,32.92,-117.14,1.744
5.2722,17.0,5.532423208191126,37.44,-121.88,1.869
3.9265,39.0,5.885714285714286,37.27,-121.94,2.369
5.1036,4.0,5.937673130193906,35.33,-119.12,1.034
6.759,4.0,7.361419068736142,35.33,-119.1,1.703
3.0938,34.0,5.719557195571956,35.14,-120.68,2.459
3.1094,40.0,4.822916666666667,38.37,-122.73,1.833
3.7625,10.0,8.442105263157895,38.94,-120.72,1.132
2.3889,6.0,6.316614420062696,36.09,-119.57,0.532
3.8259,52.0,6.3156146179401995,36.97,-122.04,2.531
4.7708,19.0,4.9798850574712645,37.7,-122.43,2.817
3.609,50.0,4.787878787878788,38.01,-122.12,1.357
2.5552,34.0,5.075851393188855,35.37,-120.84,2.0
5.0753,35.0,5.5125,33.9,-118.11,1.78
4.4209,33.0,5.709864603481625,36.49,-121.74,2.746
3.7381,29.0,3.993924665856622,34.03,-118.47,2.906
3.4219,35.0,4.597765363128492,33.92,-118.04,1.562
3.6875,14.0,6.639175257731959,36.3,-119.38,0.932
3.6875,44.0,4.524475524475524,34.04,-118.15,1.625
3.755,15.0,5.363076923076923,36.81,-119.85,0.68
2.6875,24.0,5.133858267716535,34.02,-117.06,1.163
3.1353,22.0,3.644657863145258,33.74,-117.84,1.214
2.5284,11.0,3.478527607361963,33.12,-117.09,1.225
3.225,32.0,4.305714285714286,33.88,-118.21,1.382
1.7328,44.0,4.053061224489796,38.56,-121.47,0.881
2.5368,35.0,6.21078431372549,32.8,-117.14,1.696
2.6818,35.0,4.38801261829653,32.75,-117.14,1.594
5.8838,24.0,6.6239316239316235,34.24,-119.02,2.326
2.9832,22.0,4.718978102189781,34.18,-119.2,1.656
5.2081,27.0,5.806779661016949,38.66,-121.31,1.364
4.1047,52.0,3.935483870967742,37.8,-122.43,4.667
1.7823,17.0,4.055045871559633,33.76,-117.88,2.053
3.1773,13.0,4.165915238954013,33.74,-117.92,1.865
5.6206,44.0,4.84375,37.59,-122.34,3.864
3.0519,30.0,3.675414364640884,33.95,-118.35,1.375
1.6812,25.0,4.192200557103064,36.06,-119.01,0.477
4.9485,36.0,5.320610687022901,34.26,-118.46,2.171
3.0491,41.0,4.3383947939262475,34.19,-118.39,1.92
2.2817,25.0,3.1671469740634004,33.96,-118.17,1.642
3.5179,36.0,6.339195979899498,38.59,-121.37,2.078
5.4038,26.0,6.028125,34.26,-118.76,2.221
3.5958,29.0,5.196296296296296,36.8,-119.81,0.888
1.9375,52.0,4.209677419354839,37.8,-122.23,1.266
2.5787,35.0,4.14662273476112,34.08,-118.13,2.23
7.5,14.0,7.402810304449648,37.13,-121.6,3.445
2.9107,7.0,5.545454545454546,34.06,-117.7,0.953
5.6876,17.0,6.348265895953757,37.27,-121.86,2.465
5.145,19.0,4.216032608695652,33.83,-118.43,4.202
6.6689,32.0,7.064377682403434,34.18,-118.63,4.33
1.9688,36.0,5.445783132530121,34.1,-118.02,2.26
0.922,15.0,6.287671232876712,33.36,-115.91,0.675
2.5733,23.0,5.535714285714286,36.32,-119.31,0.888
2.2969,29.0,4.191740412979351,33.54,-117.78,4.5
3.7361,23.0,5.352,38.61,-122.87,1.737
1.5143,34.0,3.8059810357403356,34.02,-118.35,1.188
3.5313,48.0,5.419889502762431,38.57,-121.45,1.479
3.2024,30.0,4.882252559726963,34.4,-118.91,1.761
3.9327,35.0,4.355311355311355,33.92,-118.14,1.905
4.1836,36.0,5.574175824175824,34.12,-117.88,1.643
3.3214,43.0,4.436274509803922,33.81,-118.21,1.622
4.0985,43.0,5.226872246696035,37.75,-122.5,2.832
1.1786,32.0,4.520979020979021,35.35,-118.99,0.456
4.7727,35.0,6.0,34.27,-119.25,2.19
3.4265,43.0,6.242666666666667,36.77,-119.81,0.85
1.8685,36.0,3.5824175824175826,34.04,-118.35,1.507
7.9213,44.0,6.44811320754717,34.13,-118.18,4.778
2.8036,30.0,5.234413965087282,38.42,-122.72,1.523
1.4282,18.0,4.8405275779376495,37.73,-122.38,1.404
3.1493,24.0,7.307322929171669,33.81,-116.54,1.994
4.8646,29.0,5.150485436893204,32.58,-117.1,1.368
3.2552,51.0,4.810502283105023,37.77,-122.18,1.201
2.9052,52.0,3.6545209176788123,37.75,-122.42,4.0
5.8283,34.0,7.005665722379604,33.79,-118.07,3.624
2.9853,7.0,4.472945891783567,36.78,-119.86,0.747
5.4155,23.0,6.541814946619217,33.97,-117.9,2.132
5.7843,15.0,4.835579514824798,37.31,-121.81,2.099
3.3936,15.0,5.532697547683924,34.07,-117.62,1.27
4.6406,45.0,5.270029673590504,33.9,-118.07,1.692
2.037,28.0,5.418269230769231,40.53,-122.41,0.72
2.2071,35.0,5.1940298507462686,37.41,-120.79,0.859
1.3676,26.0,5.104895104895105,35.99,-119.31,0.478
6.3489,13.0,5.795527156549521,33.9,-117.92,3.379
4.3882,29.0,5.0618181818181816,33.96,-118.11,2.616
3.6083,33.0,5.445,34.09,-118.07,2.12
4.3359,47.0,5.070281124497992,34.14,-118.19,2.092
4.5893,39.0,5.711688311688311,37.95,-122.07,1.9
2.3571,23.0,6.489499192245558,41.7,-122.92,0.62
3.125,22.0,4.897009966777409,34.04,-117.75,1.136
2.6442,47.0,3.6709401709401708,34.09,-118.23,1.361
1.9944,52.0,6.046610169491525,37.76,-122.41,2.625
3.9408,34.0,4.402035623409669,33.8,-118.34,3.277
2.3194,20.0,5.7781456953642385,36.77,-120.21,0.906
2.625,17.0,8.0920245398773,40.06,-124.08,1.356
3.5147,28.0,5.119537275064268,36.63,-121.93,3.139
4.0774,35.0,5.225388601036269,33.92,-118.1,1.716
2.3814,28.0,4.370839936608558,32.67,-117.07,1.123
5.6292,24.0,6.454954954954955,37.94,-122.04,2.314
6.7606,15.0,6.426356589147287,37.51,-122.47,3.643
3.1042,37.0,4.508264462809917,34.07,-118.03,1.52
3.1979,36.0,4.543478260869565,33.93,-118.04,1.618
1.8833,23.0,7.642857142857143,39.02,-122.79,0.969
1.5147,44.0,4.701587301587302,33.95,-118.26,0.946
5.5797,35.0,6.338461538461538,37.67,-122.15,1.981
5.4306,33.0,5.996677740863787,34.23,-118.26,3.266
2.8125,26.0,5.542465753424658,39.93,-120.95,0.835
4.526,21.0,6.285714285714286,33.8,-118.29,3.294
2.1667,11.0,5.5285714285714285,33.72,-117.28,1.146
3.3977,45.0,4.672535211267606,34.09,-118.17,1.538
2.8941,39.0,5.5030549898167,36.97,-122.0,2.567
6.9695,18.0,7.587172538392051,33.98,-117.99,3.604
2.8958,10.0,3.5535714285714284,33.93,-118.37,2.458
5.8311,37.0,5.8844537815126055,34.43,-119.69,3.877
2.4185,48.0,4.168571428571428,34.36,-119.06,1.899
2.189,40.0,5.217582417582418,34.07,-117.19,0.725
2.39,25.0,3.9282868525896415,33.98,-118.23,1.833
3.5943,14.0,5.001473839351511,36.99,-121.98,2.624
3.5488,8.0,4.768218623481781,34.09,-117.46,1.016
3.0465,32.0,4.064766839378239,33.87,-117.89,1.489
5.5649,36.0,6.420841683366733,34.27,-118.52,2.712
3.0685,13.0,8.149572649572649,37.64,-118.97,1.625
5.118,33.0,6.049122807017544,33.81,-117.95,1.952
1.0208,25.0,3.5,38.38,-121.94,0.786
4.475,36.0,5.45273631840796,33.91,-118.14,1.823
3.4542,24.0,5.475560081466395,36.82,-119.8,1.212
2.3155,14.0,4.29014598540146,39.76,-121.84,1.023
3.6042,45.0,5.31214953271028,37.98,-122.03,1.382
5.5266,12.0,7.1404682274247495,38.41,-122.21,3.313
2.6964,14.0,4.718693284936479,37.65,-120.95,1.07
4.5938,18.0,6.153664302600473,36.33,-119.32,1.505
5.4498,5.0,7.749051833122629,38.82,-121.24,2.173
4.1458,6.0,6.575,34.1,-116.38,1.163
3.3889,10.0,4.472602739726027,38.89,-121.29,1.108
3.3333,41.0,3.422222222222222,34.05,-118.18,1.151
2.8365,21.0,5.975728155339806,36.25,-119.32,0.9
2.9784,35.0,4.524390243902439,32.78,-116.97,1.364
3.4583,34.0,5.50187265917603,32.69,-117.09,1.127
2.5521,38.0,2.859848484848485,34.08,-118.27,1.575
3.7835,52.0,5.424157303370786,37.73,-122.41,2.713
5.4399,4.0,7.388888888888889,38.29,-121.98,1.871
3.2216,20.0,5.371428571428571,39.05,-122.91,0.935
1.9637,49.0,3.7374701670644392,32.75,-117.16,1.375
3.0658,36.0,4.943548387096774,36.16,-120.37,0.65
4.8,31.0,5.546875,32.78,-117.06,2.208
5.4721,33.0,5.183319570602808,37.41,-122.1,3.433
3.3229,9.0,4.5,36.84,-119.82,1.193
3.1563,42.0,6.1875,37.36,-121.92,1.375
4.0313,45.0,4.426470588235294,34.19,-118.35,2.091
1.9797,22.0,2.8020050125313283,33.77,-118.2,1.438
4.9464,12.0,6.135593220338983,36.3,-119.33,1.156
4.5189,45.0,5.637010676156583,32.69,-117.17,4.222
3.194,24.0,4.911764705882353,33.06,-117.3,2.763
4.5293,19.0,6.920661157024793,38.34,-122.31,2.104
5.3873,18.0,4.958659217877095,37.34,-121.96,2.883
7.3732,16.0,7.199524940617577,37.88,-122.02,2.873
3.6991,19.0,3.746450304259635,37.34,-122.04,2.715
3.3421,30.0,5.032119914346895,34.08,-118.11,2.01
4.8098,29.0,5.067484662576687,33.64,-117.91,3.254
3.676,12.0,4.790322580645161,38.28,-122.04,1.35
4.5112,16.0,4.414285714285715,33.84,-117.87,1.39
1.7969,48.0,5.737313432835821,37.84,-122.27,1.104
5.0081,39.0,5.013745704467354,37.54,-122.29,2.981
2.0819,43.0,4.099697885196375,33.97,-118.24,1.118
3.875,40.0,4.138263665594855,34.0,-118.44,3.213
4.5281,35.0,5.055674518201285,37.61,-122.1,1.736
2.8295,51.0,4.576666666666667,35.39,-119.0,0.721
3.2028,32.0,4.217270194986073,37.78,-122.49,3.229
1.56,26.0,5.087859424920127,38.63,-121.46,0.676
3.7852,37.0,7.3,36.55,-121.92,4.658
5.5067,41.0,5.666666666666667,34.12,-118.08,3.25
3.1319,27.0,5.477157360406092,39.97,-122.14,0.627
4.4125,20.0,6.0,38.27,-121.26,1.446
2.5737,30.0,4.685328185328185,36.77,-119.74,0.769
3.0,21.0,4.587454764776839,33.77,-118.03,2.212
3.7156,15.0,4.420634920634921,32.9,-117.13,1.752
4.9359,15.0,6.525316455696203,35.3,-120.84,3.177
6.8642,21.0,7.315545243619489,37.94,-121.95,2.854
2.5893,36.0,5.356807511737089,38.0,-121.79,1.085
3.8158,14.0,6.306532663316583,35.69,-120.9,2.487
3.2437,44.0,4.996138996138996,36.96,-122.04,2.239
4.3333,42.0,4.607565011820331,33.91,-118.36,2.256
2.9519,43.0,4.189655172413793,34.26,-118.43,1.409
2.6384,47.0,3.736156351791531,33.97,-118.22,1.629
4.0375,32.0,5.877483443708609,34.07,-117.68,1.213
1.8661,24.0,4.984520123839009,39.52,-121.61,0.598
5.8309,52.0,6.477876106194691,34.18,-118.13,3.091
3.6207,27.0,3.9307201458523244,34.09,-118.39,3.625
3.2289,21.0,4.478176527643065,34.22,-118.52,3.181
2.0786,27.0,5.789808917197452,37.77,-122.18,0.975
3.4167,36.0,5.19634703196347,33.86,-117.99,1.872
2.7969,38.0,4.06701030927835,37.48,-122.23,2.984
6.2425,52.0,6.314356435643564,37.88,-122.26,3.918
5.2881,17.0,6.573389651531151,38.56,-121.36,1.38
2.5577,24.0,3.690533015115354,33.83,-118.01,2.023
4.1368,16.0,4.87779433681073,32.77,-117.19,1.51
3.6531,18.0,5.642638036809816,33.79,-118.0,1.435
3.4583,28.0,4.28125,33.84,-118.21,1.663
0.9797,32.0,4.843283582089552,37.95,-122.37,0.764
3.2258,10.0,5.604651162790698,33.6,-117.36,1.593
2.875,17.0,5.691082802547771,32.82,-117.11,1.125
5.1068,35.0,5.534124629080119,34.25,-118.48,2.233
1.9556,44.0,4.975077881619938,33.98,-118.3,0.933
3.625,25.0,5.329136690647482,32.8,-117.08,1.845
4.1042,36.0,5.4319809069212415,34.27,-118.51,2.521
3.01,26.0,4.010165184243965,33.93,-118.35,1.919
3.7167,29.0,5.017953321364453,33.8,-118.31,3.089
3.3958,37.0,6.018691588785047,34.08,-117.64,1.304
2.375,17.0,4.238095238095238,33.69,-116.18,1.55
1.8564,37.0,3.814814814814815,34.03,-118.3,1.875
3.7167,45.0,5.531963470319635,38.56,-121.44,1.319
5.0056,30.0,3.0,34.17,-118.3,1.625
5.9441,15.0,6.87719298245614,38.36,-122.01,2.282
2.5,32.0,4.4869281045751634,40.8,-124.14,0.726
4.5461,33.0,5.0296495956873315,33.76,-117.85,2.138
3.8958,6.0,4.267015706806283,37.63,-122.02,3.011
3.4531,23.0,4.021339220014717,34.14,-118.13,2.109
5.1155,34.0,5.43213728549142,33.81,-118.02,2.009
3.8581,35.0,5.359801488833747,34.03,-117.93,1.631
3.5684,7.0,4.670715249662618,38.03,-121.36,0.787
2.2679,12.0,4.730769230769231,33.68,-116.16,0.614
3.4762,15.0,4.634099616858237,35.32,-120.84,1.896
1.8047,29.0,4.693679092382496,39.48,-121.54,0.538
4.65,25.0,5.109411764705882,33.72,-117.89,1.978
3.1776,16.0,5.89291101055807,33.15,-117.13,1.726
3.9566,35.0,5.068281938325991,33.79,-117.99,1.678
5.6629,45.0,5.251082251082251,34.2,-118.13,2.34
3.1691,45.0,4.96068796068796,38.9,-121.29,1.087
4.6719,24.0,6.924901185770751,35.31,-120.7,3.37
3.2793,37.0,4.526011560693641,37.35,-121.87,1.745
4.8571,28.0,6.864864864864865,35.43,-119.09,2.375
2.3382,19.0,4.05989110707804,37.97,-122.34,1.207
7.1882,27.0,7.58235294117647,33.77,-117.82,3.592
2.6154,44.0,5.156498673740053,34.02,-118.37,1.932
3.2132,19.0,6.7218045112781954,37.39,-118.6,1.66
7.6775,21.0,7.526315789473684,34.24,-119.06,3.912
5.6506,10.0,7.092150170648464,37.99,-121.79,1.786
4.1379,22.0,4.683168316831683,33.8,-118.06,2.125
3.9531,17.0,5.505434782608695,32.95,-117.05,1.786
4.1812,52.0,5.701388888888889,33.73,-118.31,3.215
3.3558,29.0,3.9864864864864864,33.92,-118.34,1.996
3.2115,14.0,3.36013986013986,34.44,-119.81,2.063
2.8608,30.0,3.641340782122905,33.91,-118.08,1.656
5.1237,52.0,5.7828418230563,33.88,-117.93,2.4
2.6827,16.0,5.93993993993994,40.32,-122.42,0.839
4.8214,12.0,7.207843137254902,38.97,-121.05,2.019
1.7054,39.0,3.9008264462809916,37.63,-120.97,0.588
3.7201,18.0,4.602453987730061,33.81,-117.98,1.831
3.6811,34.0,4.916158536585366,37.6,-122.31,2.73
5.1837,32.0,5.738489871086556,33.53,-117.77,4.456
3.2833,38.0,5.560165975103734,37.95,-122.34,1.117
6.3579,10.0,7.357446808510638,33.48,-117.7,3.367
2.3,25.0,5.828178694158075,36.25,-119.4,1.328
3.6989,13.0,4.82054890921886,38.69,-121.36,0.933
6.9501,5.0,5.880886426592798,33.66,-117.69,2.257
6.0368,22.0,6.611336032388664,34.29,-118.72,2.48
3.0871,42.0,4.381987577639752,33.92,-118.2,1.388
4.9375,11.0,5.574861367837339,33.27,-117.12,2.328
2.625,20.0,5.53125,38.71,-122.64,0.896
4.5833,35.0,5.269230769230769,34.24,-118.42,1.772
5.5418,36.0,5.8474576271186445,34.17,-118.07,3.261
3.7708,34.0,5.33641975308642,34.05,-117.94,1.635
3.1576,45.0,3.963924963924964,37.78,-122.45,3.333
4.9,36.0,4.479338842975206,37.88,-122.18,3.542
3.8487,46.0,5.1152882205513786,37.8,-122.2,2.033
5.8596,37.0,6.7936507936507935,37.18,-122.01,3.187
3.402,35.0,4.945714285714286,33.82,-118.31,2.799
5.3749,16.0,7.783641160949868,34.17,-118.75,3.461
1.8472,38.0,4.2482662968099865,33.98,-118.33,1.491
3.3043,35.0,4.43811394891945,34.14,-117.9,1.555
5.6094,24.0,6.290140845070423,33.85,-118.04,2.792
5.5636,38.0,6.291176470588235,37.89,-122.07,2.688
2.3566,15.0,5.665775401069519,39.43,-121.52,0.804
5.3185,52.0,6.210023866348449,34.18,-118.28,3.58
3.0021,19.0,5.934803451581975,33.72,-116.37,1.523
2.2899,14.0,4.145593869731801,32.81,-117.16,1.59
3.5104,30.0,3.3766937669376693,34.26,-118.43,1.409
2.1607,17.0,5.746951219512195,41.66,-122.26,0.614
3.5255,13.0,3.6483790523690773,34.2,-118.46,2.027
5.2326,16.0,5.045180722891566,32.86,-117.23,1.883
6.7093,14.0,6.281818181818182,37.44,-121.88,3.112
4.3585,34.0,5.768976897689769,38.27,-122.31,1.944
4.3693,15.0,7.194321766561514,34.17,-119.27,4.233
6.0791,23.0,6.119909502262443,37.25,-121.89,3.165
4.54,23.0,5.347878787878788,33.84,-118.09,2.131
4.3636,15.0,3.7943548387096775,33.72,-117.76,1.484
4.2308,19.0,5.636363636363637,33.75,-118.3,4.161
2.125,29.0,5.335714285714285,34.13,-117.34,0.706
2.0048,36.0,4.734375,38.34,-121.5,0.729
2.8702,36.0,5.245569620253165,34.07,-117.66,1.37
4.621,26.0,5.900473933649289,38.0,-122.31,1.911
3.5938,38.0,4.712765957446808,32.72,-117.03,1.254
2.3464,30.0,4.141618497109826,34.08,-118.14,1.917
4.9643,37.0,7.1063829787234045,37.85,-122.24,3.35
4.7325,19.0,5.940186915887851,36.99,-121.93,2.835
6.7395,26.0,7.929078014184397,33.73,-118.0,3.428
2.4596,35.0,2.872549019607843,33.99,-118.19,1.547
3.0602,29.0,6.246212121212121,35.2,-119.93,0.698
4.6477,15.0,7.434615384615385,38.04,-121.33,1.427
1.4773,36.0,4.781609195402299,35.37,-118.99,0.574
1.4773,27.0,3.2086553323029365,34.15,-119.2,1.608
2.5,12.0,3.651252408477842,37.92,-122.31,1.958
2.2019,13.0,4.333333333333333,34.25,-118.4,1.342
1.6228,42.0,3.9416445623342176,33.84,-118.32,3.761
2.125,24.0,4.3355704697986575,36.95,-120.06,0.619
4.0039,30.0,5.1806020066889635,33.84,-118.0,1.951
4.1382,15.0,5.562105263157894,38.66,-121.27,1.898
1.7159,43.0,4.121580547112462,34.02,-118.36,1.897
3.2202,24.0,4.4,34.11,-117.92,1.262
3.8257,13.0,5.584026622296173,36.97,-120.08,0.942
2.3725,30.0,4.803059273422562,34.12,-117.22,0.772
3.3214,35.0,5.561797752808989,36.52,-119.59,1.016
6.8075,18.0,7.454436450839329,34.17,-118.75,3.259
2.5,29.0,4.061594202898551,33.87,-117.91,1.438
3.1384,46.0,5.627249357326479,33.95,-117.4,1.115
2.8,42.0,4.791666666666667,33.96,-118.22,1.618
2.6944,36.0,5.333333333333333,40.54,-122.38,0.753
4.6727,5.0,5.395330739299611,34.02,-117.57,1.589
3.2232,27.0,4.86737400530504,33.43,-117.62,2.471
4.8214,35.0,5.523668639053255,37.54,-122.03,1.86
2.4524,25.0,3.657754010695187,32.74,-117.11,0.903
2.2917,44.0,3.514018691588785,34.09,-117.28,0.908
6.3308,33.0,7.183385579937304,34.03,-117.17,2.306
2.113,34.0,3.7918149466192173,32.75,-117.11,1.021
5.0369,12.0,5.624233128834356,37.81,-121.21,1.639
3.3906,27.0,5.074324324324325,34.06,-118.14,2.372
1.4497,25.0,2.7204176334106727,34.09,-118.3,2.056
5.5145,15.0,5.168384879725086,37.31,-121.82,2.194
1.7462,29.0,4.681159420289855,36.2,-119.35,0.511
4.0121,19.0,4.951596292481978,33.71,-118.0,2.797
5.7979,52.0,5.981432360742706,37.88,-122.26,4.153
1.7011,45.0,4.057017543859649,36.73,-119.8,0.448
2.3906,44.0,4.865573770491803,37.78,-122.22,1.117
4.8542,29.0,5.549618320610687,33.79,-117.83,2.181
7.0844,11.0,7.83585313174946,34.14,-117.66,3.25
2.1953,15.0,5.164835164835165,38.92,-122.59,0.75
1.6148,16.0,4.365661861074705,36.32,-119.33,0.866
1.9621,27.0,4.079002079002079,33.85,-117.93,1.181
3.665,52.0,4.088235294117647,34.07,-118.14,2.204
2.56,16.0,4.395061728395062,34.91,-120.45,1.5
5.7239,26.0,6.401433691756273,37.61,-121.62,4.306
4.1303,16.0,3.3026444662095984,37.67,-122.46,1.465
2.5262,21.0,3.0216216216216214,33.78,-118.27,1.673
4.1296,38.0,4.222780569514238,34.02,-118.39,3.229
2.4375,36.0,2.814814814814815,33.99,-118.18,1.548
3.5875,39.0,4.921052631578948,34.11,-118.15,3.093
6.0516,30.0,6.780612244897959,33.94,-117.93,2.45
2.0542,46.0,4.422535211267606,33.99,-118.29,1.034
2.4342,27.0,4.477642276422764,38.64,-121.33,1.195
3.9667,27.0,5.793002915451895,36.95,-122.04,2.658
3.4531,52.0,4.203007518796992,37.76,-122.46,4.143
1.2746,36.0,3.910138248847926,33.78,-118.18,1.297
3.4286,52.0,4.250980392156863,34.07,-118.37,4.743
2.9,38.0,5.947368421052632,37.9,-121.31,1.25
2.2264,24.0,3.886128364389234,32.75,-117.13,1.125
3.4421,31.0,4.725907384230288,32.79,-117.01,1.553
2.1542,31.0,2.348993288590604,34.04,-118.29,1.281
2.3424,31.0,4.0852713178294575,34.07,-118.09,1.885
5.6912,22.0,6.571251548946716,34.26,-118.54,3.118
3.6422,26.0,4.3539094650205765,34.94,-120.45,1.206
3.8214,24.0,5.733668341708543,37.69,-120.75,1.161
3.75,16.0,4.93646408839779,33.17,-117.21,1.638
2.5898,43.0,5.425974025974026,38.52,-121.43,0.721
3.1587,47.0,5.394594594594595,37.75,-122.17,1.004
3.5156,44.0,5.466911764705882,37.79,-122.22,1.095
3.0208,38.0,5.605664488017429,34.0,-118.11,1.937
4.2188,17.0,6.024793388429752,37.54,-120.72,1.313
3.0375,21.0,4.972270363951473,32.82,-117.17,1.976
2.7417,16.0,4.782805429864253,33.22,-117.32,0.917
2.4732,26.0,4.35673624288425,33.86,-117.91,1.658
3.7051,52.0,5.6879194630872485,37.76,-122.39,2.537
2.9812,22.0,4.8955696202531644,34.09,-117.68,1.488
1.1601,43.0,4.688888888888889,33.95,-117.4,1.214
4.0931,32.0,5.496835443037975,32.85,-116.99,1.342
3.0284,25.0,4.240802675585284,32.57,-117.06,1.236
4.8811,5.0,5.740473738414006,38.48,-121.53,2.122
2.5812,36.0,2.97008547008547,34.09,-118.36,2.0
3.5745,14.0,4.571428571428571,37.37,-121.88,3.337
4.3456,18.0,4.997311827956989,34.58,-118.38,1.489
4.7946,52.0,5.010964912280702,37.75,-122.43,3.556
2.6495,27.0,5.363970588235294,38.0,-121.3,1.162
1.6458,43.0,4.033333333333333,37.88,-121.27,0.836
2.6611,11.0,5.441441441441442,36.75,-119.72,0.747
3.9261,23.0,5.44839255499154,38.46,-122.71,2.133
1.2969,44.0,4.398255813953488,33.95,-118.26,0.944
2.8092,17.0,4.728395061728395,38.66,-121.34,1.375
1.7062,10.0,5.201663201663202,34.83,-114.64,0.868
5.6051,15.0,4.815195071868583,33.76,-118.1,2.674
3.4773,29.0,5.473815461346633,34.21,-118.85,2.067
2.3403,46.0,3.6026200873362444,34.0,-118.28,1.141
2.0337,11.0,4.210280373831775,32.8,-117.04,1.467
2.4113,23.0,4.7565445026178015,37.7,-122.41,2.142
4.8958,30.0,6.594202898550725,37.62,-120.87,1.425
6.4288,26.0,7.0752,33.79,-118.07,3.207
4.252,31.0,3.9782958199356915,34.03,-118.49,4.367
2.7778,8.0,5.403641881638847,34.48,-117.18,0.869
4.2826,4.0,5.979665071770335,33.17,-117.24,2.375
1.7158,37.0,4.285333333333333,33.91,-118.24,0.943
4.6,27.0,6.304347826086956,38.65,-121.34,1.99
2.8447,16.0,5.498989898989899,40.2,-122.38,0.877
2.875,22.0,3.5733647613435475,34.21,-118.54,2.271
3.2411,52.0,5.1488203266787655,34.06,-118.35,2.5
4.7941,24.0,5.986111111111111,33.15,-117.06,1.475
5.8831,19.0,6.881188118811881,38.44,-121.27,2.099
3.0682,43.0,5.340101522842639,33.94,-118.31,1.42
6.299,16.0,7.628647214854111,37.93,-121.93,2.869
3.7619,47.0,4.997361477572559,34.04,-118.2,1.276
2.1136,34.0,4.802197802197802,35.2,-118.82,0.573
4.625,25.0,6.554716981132075,33.89,-117.83,2.457
7.2494,6.0,7.60075329566855,37.71,-121.96,3.365
2.9306,41.0,4.522292993630574,32.84,-117.28,3.603
3.9722,25.0,4.149,34.0,-118.48,4.5
2.9375,39.0,5.165254237288136,38.56,-121.53,0.866
2.825,16.0,4.648464163822526,38.48,-122.66,1.862
4.516,32.0,4.120396600566572,34.04,-118.47,3.5
2.4234,32.0,5.0543657331136735,35.33,-119.01,0.637
5.0875,26.0,6.07168458781362,33.73,-117.97,2.242
4.652,44.0,6.079155672823219,37.6,-122.39,3.871
5.3743,28.0,5.625954198473282,33.87,-118.34,2.865
3.9798,31.0,4.7073170731707314,34.0,-118.42,4.586
1.8167,35.0,3.9172413793103447,37.62,-121.01,0.795
3.8203,17.0,6.1923076923076925,34.86,-120.43,1.415
4.5746,13.0,5.500819672131148,32.97,-117.04,1.757
0.9948,48.0,3.5328467153284673,38.55,-121.47,0.654
1.4125,22.0,4.771739130434782,40.6,-122.39,0.665
1.3824,46.0,2.664188351920694,37.76,-122.42,2.125
2.6823,19.0,4.148974130240856,33.97,-118.36,1.425
3.369,19.0,4.205278592375366,33.88,-118.01,2.696
5.5524,21.0,6.156645569620253,38.11,-122.65,2.792
6.0274,36.0,6.2075471698113205,37.75,-122.45,3.49
1.3386,20.0,4.784386617100372,36.87,-120.46,0.63
3.6369,16.0,5.271186440677966,38.33,-122.7,1.587
3.0809,5.0,6.126954921803128,37.69,-120.86,1.436
2.1289,14.0,4.461038961038961,38.03,-120.41,1.153
5.551,17.0,6.881305637982196,32.67,-117.01,2.669
5.1629,20.0,6.178787878787879,37.73,-121.46,2.229
3.1563,18.0,6.235294117647059,38.68,-122.27,0.984
1.4524,41.0,4.2926490984743415,36.33,-119.64,0.517
5.8127,34.0,5.424,37.31,-121.98,2.883
3.25,20.0,4.72093023255814,33.83,-117.94,3.5
4.5066,16.0,5.420618556701031,38.56,-121.35,1.402
7.1069,16.0,7.683636363636364,33.71,-117.79,3.134
3.5403,26.0,5.159914712153518,33.94,-117.42,1.135
2.0792,35.0,3.527667984189723,32.76,-117.14,1.6
4.1333,13.0,6.383606557377049,34.53,-117.25,1.582
7.4581,9.0,6.429411764705883,33.67,-117.81,2.966
1.9026,28.0,3.170967741935484,33.92,-118.21,1.319
2.0461,46.0,4.909814323607427,34.07,-117.34,0.905
5.7089,26.0,6.694290976058932,33.81,-118.03,2.374
5.2297,27.0,6.1566579634464755,37.35,-121.8,1.928
1.9267,18.0,4.7309090909090905,32.6,-117.07,0.675
2.7368,23.0,4.956435643564356,33.92,-118.29,1.628
3.7222,35.0,5.53932584269663,33.87,-117.96,1.875
6.0086,22.0,6.7631578947368425,32.61,-117.03,1.669
4.2708,45.0,5.121387283236994,37.48,-122.19,2.67
1.9799,28.0,4.260233918128655,32.76,-117.11,1.227
2.7708,34.0,4.345549738219895,34.09,-118.21,1.482
2.5687,25.0,5.1245901639344265,38.46,-122.88,2.492
1.6172,9.0,3.6578947368421053,37.29,-120.32,0.563
1.8426,40.0,4.926900584795321,37.76,-122.17,0.948
2.7969,18.0,6.3352272727272725,36.42,-119.35,1.238
3.7731,38.0,5.491228070175438,38.57,-121.42,1.614
2.75,28.0,5.342233009708738,36.53,-119.4,0.65
6.1684,13.0,6.2565445026178015,37.15,-121.64,2.881
4.2969,18.0,6.554545454545455,37.67,-120.96,1.632
5.7204,15.0,6.553191489361702,38.37,-122.65,3.441
5.521,23.0,6.735172413793103,34.25,-118.58,2.808
3.25,46.0,5.270949720670391,32.76,-117.05,1.596
2.1202,52.0,4.052805280528053,37.85,-122.27,1.555
5.2305,34.0,6.092006033182503,33.92,-118.01,2.051
2.1424,30.0,4.927835051546392,37.75,-121.43,1.25
2.0643,37.0,3.7511210762331837,34.42,-119.67,2.467
2.6016,17.0,3.6177260519247985,34.17,-118.3,2.224
1.3365,23.0,3.180811808118081,34.01,-118.1,1.833
2.375,11.0,5.965116279069767,39.78,-120.48,1.0
4.1161,34.0,5.46875,37.04,-122.08,2.209
7.5,29.0,8.160668380462726,37.89,-122.02,3.562
5.0102,25.0,5.892580287929126,33.78,-118.08,3.401
2.9375,29.0,5.281124497991968,35.04,-120.47,1.448
4.163,49.0,4.71830985915493,37.54,-122.31,3.938
3.1528,35.0,4.158940397350993,34.05,-118.17,1.218
2.9286,20.0,2.337962962962963,37.48,-122.21,2.375
1.9375,22.0,4.984517304189436,34.07,-116.47,0.653
3.4032,31.0,4.147761194029851,34.09,-117.97,1.434
2.3929,12.0,4.8720136518771335,37.28,-120.44,0.811
4.3182,36.0,5.62625,38.01,-122.45,2.527
5.8252,7.0,5.144414168937329,33.67,-117.98,2.647
2.2169,21.0,5.035175879396985,36.11,-119.58,0.616
1.6929,40.0,4.521994134897361,37.29,-120.31,0.559
3.6852,52.0,4.710280373831775,32.74,-117.13,1.853
2.2663,44.0,3.442922374429224,32.79,-117.17,1.236
4.7357,24.0,6.016985138004246,34.05,-117.7,1.625
5.749,36.0,5.822368421052632,34.26,-118.48,2.38
5.0012,8.0,5.528095238095238,35.32,-119.08,1.063
5.5423,14.0,6.7779690189328745,34.15,-117.8,2.487
2.8649,4.0,4.958477508650519,34.93,-120.43,1.865
3.0905,12.0,5.122489959839357,39.78,-121.86,1.178
4.3553,15.0,6.095588235294118,39.0,-121.15,2.206
4.1675,32.0,5.73492286115007,36.7,-121.64,1.425
3.3958,25.0,6.06980056980057,34.11,-117.42,1.119
4.1339,26.0,4.280388978930308,33.79,-117.82,2.223
2.1213,35.0,3.9166666666666665,38.58,-121.53,0.792
5.7083,35.0,6.120689655172414,34.24,-118.26,3.295
3.6389,36.0,5.584615384615384,33.91,-118.1,1.676
2.4233,5.0,4.361111111111111,33.69,-117.81,4.5
2.5804,48.0,5.453172205438066,36.77,-119.81,0.789
0.7684,31.0,2.5692307692307694,40.87,-124.07,1.531
4.1711,38.0,5.3624595469255665,33.96,-118.1,1.601
3.1691,52.0,4.165876777251185,37.81,-122.25,2.594
4.0301,14.0,4.536612021857923,34.31,-118.44,1.543
5.0915,31.0,5.9530791788856305,37.98,-122.0,1.932
5.2816,36.0,5.965174129353234,33.79,-117.96,2.218
3.9489,21.0,4.753794266441822,34.04,-118.45,3.602
3.1906,34.0,6.016181229773463,35.4,-118.97,0.762
3.5893,52.0,4.7074626865671645,34.27,-119.27,2.066
4.6211,15.0,5.3215926493108725,37.59,-122.07,1.514
3.4047,26.0,4.481052631578947,34.44,-119.74,2.945
5.2849,16.0,5.907303370786517,34.02,-117.6,1.604
4.3958,10.0,6.15450643776824,34.09,-117.39,1.307
2.1553,26.0,4.463119709794437,35.33,-119.02,0.847
3.3906,20.0,4.504118616144975,34.15,-118.24,2.841
2.6065,18.0,5.534883720930233,36.29,-119.11,0.938
1.3125,10.0,4.438356164383562,33.94,-117.28,1.357
6.1464,34.0,6.309255079006772,34.25,-118.35,3.544
1.9013,36.0,4.232905982905983,37.64,-121.01,0.699
3.75,12.0,5.169789227166277,33.93,-117.92,1.663
2.1056,34.0,4.260194174757282,34.9,-117.01,0.72
2.3393,19.0,3.6070359281437128,32.77,-117.03,1.182
6.8268,21.0,6.782515991471215,33.9,-117.87,2.803
5.2099,45.0,5.686274509803922,34.03,-118.43,3.736
4.8929,35.0,5.6382352941176475,34.23,-118.58,2.349
2.913,31.0,4.560669456066946,34.04,-118.33,1.925
3.4519,15.0,6.157303370786517,41.28,-122.45,1.288
2.6062,33.0,6.997518610421836,41.4,-120.12,0.526
4.875,5.0,7.101721439749609,34.69,-118.2,1.634
2.4833,22.0,3.8443579766536966,33.8,-117.9,1.575
2.4688,40.0,3.6472303206997085,33.79,-117.85,2.364
2.5,42.0,4.9772727272727275,33.93,-118.25,1.102
3.2639,30.0,3.8326612903225805,33.88,-118.08,1.201
4.7426,16.0,6.240196078431373,33.14,-117.07,1.606
3.267,23.0,3.860557768924303,33.92,-118.33,1.854
2.9576,25.0,4.566765578635015,38.26,-122.03,1.085
7.5443,33.0,6.309523809523809,37.29,-121.98,2.83
3.8906,30.0,5.630813953488372,34.17,-117.26,1.237
5.503,16.0,6.904876099120703,37.0,-121.86,3.518
7.5,9.0,6.852631578947369,38.15,-122.58,4.232
3.8036,26.0,5.609090909090909,32.75,-117.22,1.62
1.8929,43.0,3.3625866050808315,34.01,-118.24,0.992
2.3816,16.0,6.055954088952654,38.15,-120.46,1.16
3.9518,4.0,5.472542372881356,38.33,-122.67,2.203
4.8711,27.0,5.082810539523212,37.75,-122.24,2.866
4.8839,16.0,5.802486187845304,35.34,-119.07,1.341
3.4,27.0,5.049459041731066,33.9,-118.3,2.241
2.2679,30.0,4.426086956521739,37.54,-120.89,2.5
3.9038,35.0,6.177966101694915,33.9,-118.13,2.027
6.7919,19.0,7.377981651376147,33.73,-117.93,2.956
5.5036,16.0,6.548117154811716,32.92,-117.13,1.923
4.2759,33.0,5.513119533527697,33.81,-117.94,2.38
2.8942,39.0,4.333333333333333,34.19,-119.05,2.75
4.7062,27.0,5.8694444444444445,33.81,-118.32,3.57
3.2153,42.0,4.783382789317508,37.36,-121.91,1.997
6.8753,26.0,6.987288135593221,37.36,-122.04,4.03
6.1181,18.0,6.7416201117318435,33.7,-117.94,2.845
5.2121,32.0,4.294964028776978,33.98,-118.46,4.667
6.4994,18.0,6.634080717488789,37.66,-121.9,3.23
2.7173,52.0,4.245161290322581,37.75,-122.42,3.0
1.1793,32.0,4.494818652849741,33.92,-118.23,1.038
5.3602,14.0,6.144308943089431,36.3,-119.3,1.186
3.6815,17.0,4.765864332603939,33.82,-118.03,2.453
1.9668,30.0,3.206115515288788,33.93,-118.21,1.521
3.6406,40.0,5.3791208791208796,33.64,-117.91,3.261
3.1146,48.0,4.183028286189684,34.1,-118.17,1.425
5.5599,26.0,6.21608040201005,33.73,-118.02,2.341
2.4524,41.0,5.340116279069767,34.13,-117.32,0.704
6.8538,29.0,6.657992565055762,37.83,-122.19,3.689
7.2861,24.0,6.2064516129032254,37.37,-121.81,3.28
2.4653,38.0,4.130681818181818,36.21,-119.1,0.495
3.0069,25.0,3.0643776824034337,34.04,-118.46,3.25
5.3468,42.0,6.364321608040201,37.16,-121.98,2.799
5.6344,24.0,5.276053215077606,37.41,-121.9,2.287
5.5875,11.0,5.853300733496333,37.26,-121.83,2.593
2.375,41.0,2.1467391304347827,37.33,-121.88,1.75
3.4432,39.0,5.353535353535354,34.07,-117.63,1.067
4.2009,7.0,4.843890478136494,34.18,-118.59,2.713
3.9091,44.0,5.005586592178771,33.83,-118.22,1.744
5.9619,20.0,4.907444668008048,33.88,-118.37,3.359
3.2708,40.0,6.857142857142857,34.1,-117.12,1.625
1.3371,29.0,7.705128205128205,34.2,-116.06,0.669
5.8783,34.0,6.326820603907637,37.6,-122.42,4.051
2.6625,36.0,3.8871473354231973,32.74,-117.25,2.482
3.8141,52.0,5.568,34.08,-118.35,3.42
1.8466,43.0,4.701807228915663,37.59,-120.95,0.815
4.4397,16.0,5.615015974440895,38.06,-122.17,1.871
2.824,36.0,4.467775467775468,33.97,-118.03,1.679
5.2662,16.0,5.869337979094077,37.31,-120.44,1.262
3.0441,17.0,5.292328042328043,34.65,-118.21,1.401
1.9167,52.0,4.262903225806451,37.85,-122.26,1.592
4.2875,17.0,5.235514018691589,33.72,-117.99,1.348
5.1701,23.0,5.809891808346213,37.68,-122.05,2.168
2.5988,28.0,5.433139534883721,32.58,-117.11,1.356
1.9925,18.0,4.277207392197125,38.58,-122.57,2.25
4.2143,37.0,5.288235294117647,33.81,-118.12,2.285
4.1298,19.0,5.774336283185841,37.77,-121.37,2.228
5.7881,28.0,6.068292682926829,37.34,-122.02,3.447
7.6202,27.0,7.1220779220779225,37.86,-122.09,4.026
4.5208,10.0,6.233243967828418,39.37,-120.1,1.173
3.8505,10.0,5.412126068376068,34.13,-117.59,1.696
4.4732,29.0,5.482978723404256,33.77,-117.89,1.948
2.2308,34.0,4.235690235690235,32.75,-117.06,1.259
2.9125,21.0,5.240963855421687,37.76,-120.83,1.125
2.8884,6.0,3.9479905437352247,34.15,-118.26,2.523
2.3879,14.0,3.980477223427332,36.5,-121.43,1.298
3.6875,28.0,4.65566037735849,37.74,-122.27,3.539
1.6302,32.0,3.1828703703703702,34.02,-118.25,1.307
2.7333,44.0,5.3567073170731705,38.55,-121.43,1.001
3.0417,24.0,4.534090909090909,34.14,-117.98,1.48
2.375,52.0,3.41,34.43,-119.7,2.938
7.8453,21.0,6.527331189710611,33.65,-117.96,3.433
3.9536,26.0,4.987878787878788,33.78,-117.95,1.91
2.4286,25.0,4.0462633451957295,34.06,-118.12,2.333
5.1909,24.0,5.949206349206349,34.59,-120.08,3.902
5.3962,23.0,6.897047086991221,38.11,-122.6,3.015
3.1306,45.0,4.347626339969372,34.12,-118.26,2.14
2.2,34.0,3.972972972972973,38.62,-121.38,1.165
4.2305,32.0,5.891774891774892,33.91,-118.01,2.214
3.934,18.0,5.268156424581005,37.03,-121.79,2.286
3.4839,45.0,5.461152882205514,37.68,-122.12,1.806
3.6346,22.0,6.052132701421801,33.19,-117.23,1.925
2.5,37.0,4.793918918918919,33.99,-118.08,1.62
4.1875,13.0,6.296052631578948,33.78,-117.11,1.612
4.0945,13.0,5.733197556008147,34.53,-117.98,1.357
1.5521,30.0,3.8506787330316743,33.99,-118.26,0.975
4.0313,35.0,4.746268656716418,33.91,-118.15,1.632
4.0625,31.0,5.50561797752809,33.82,-118.01,2.259
2.2067,24.0,5.945255474452555,40.08,-120.91,0.696
4.5341,44.0,5.453083109919571,37.7,-122.47,2.365
1.9722,35.0,3.0,34.07,-118.23,1.563
3.5867,32.0,5.087662337662338,34.17,-119.17,1.821
2.4835,43.0,4.253731343283582,34.16,-118.36,2.743
3.9954,52.0,4.655263157894737,37.77,-122.5,3.247
5.273,35.0,5.882783882783883,33.92,-118.01,1.876
1.3532,14.0,5.5597189695550355,39.03,-122.91,0.958
3.5789,28.0,5.278438030560272,32.73,-117.09,1.203
3.2847,35.0,6.218867924528302,36.09,-119.56,0.647
2.6121,26.0,3.782608695652174,32.75,-117.22,1.25
7.6685,33.0,6.178217821782178,33.88,-118.39,4.743
2.8,47.0,3.7642045454545454,34.04,-118.21,1.484
3.892,33.0,4.601423487544484,34.19,-118.47,2.929
3.5795,35.0,5.50763358778626,34.08,-117.91,1.869
7.2554,16.0,7.577154308617234,33.85,-117.78,3.356
2.6792,24.0,5.153217568947906,40.59,-122.42,1.389
4.8508,28.0,5.332576617480136,33.8,-118.27,2.159
2.5769,27.0,3.78772378516624,37.34,-121.85,1.375
1.881,25.0,5.56353591160221,35.96,-119.19,0.525
3.6607,23.0,6.296296296296297,39.18,-120.99,1.53
3.4205,43.0,4.877149877149877,37.78,-122.18,1.367
4.9861,12.0,7.123684210526315,38.03,-121.34,1.335
5.2723,40.0,5.1030303030303035,34.1,-118.21,2.183
3.2024,15.0,5.952286282306163,33.15,-117.07,1.804
3.0909,34.0,5.572944297082228,34.01,-117.43,0.983
5.9401,34.0,6.226950354609929,34.24,-118.5,3.153
3.425,6.0,4.221774193548387,33.92,-118.34,1.938
2.7375,23.0,4.818318318318318,36.99,-121.96,2.38
6.3716,30.0,5.510416666666667,37.33,-121.98,3.305
1.5938,36.0,5.537142857142857,37.29,-120.31,0.576
5.5368,31.0,6.405959031657356,38.33,-122.23,3.259
4.8125,34.0,6.296829971181556,34.19,-118.56,2.667
5.3623,15.0,7.55956678700361,33.73,-116.89,2.013
4.7422,23.0,5.406844106463878,33.71,-117.89,2.024
5.8096,52.0,4.953405017921147,37.76,-122.49,3.398
1.9495,26.0,3.2094763092269325,34.08,-118.21,1.732
3.8913,40.0,5.666666666666667,37.75,-122.15,1.263
3.1937,25.0,4.871794871794871,37.5,-122.47,3.192
3.8125,29.0,4.638537271448664,34.27,-119.23,2.445
4.7344,29.0,6.444155844155844,34.04,-117.31,1.346
1.655,23.0,5.95045045045045,40.57,-122.4,0.901
3.9784,18.0,4.718954248366013,34.07,-117.78,1.135
4.3929,52.0,5.432,38.55,-121.48,1.625
3.6719,45.0,4.177777777777778,37.95,-122.34,1.341
2.7644,15.0,5.242718446601942,33.18,-117.29,1.114
3.1786,41.0,3.079136690647482,33.98,-118.17,1.321
3.6413,40.0,4.604735883424408,34.27,-119.26,2.127
1.1806,24.0,4.3969696969696965,34.09,-117.29,0.683
6.7371,14.0,7.670731707317073,37.95,-121.98,2.674
2.5385,33.0,3.0518672199170123,33.96,-118.15,1.609
3.0559,20.0,5.803625377643504,34.9,-120.48,1.201
2.788,42.0,3.6946902654867255,34.04,-118.18,1.505
2.6023,22.0,4.741333333333333,38.61,-121.34,1.422
2.3077,41.0,3.3969849246231156,34.02,-118.17,1.406
2.1842,47.0,5.544502617801047,37.76,-122.17,1.079
3.1551,27.0,4.630541871921182,34.18,-118.42,2.256
2.119,18.0,4.636971046770602,38.66,-121.34,1.331
3.125,23.0,5.545454545454546,34.33,-118.89,3.75
3.2176,27.0,5.32051282051282,34.11,-117.21,0.894
2.4931,26.0,3.977653631284916,33.78,-117.96,2.361
4.6625,11.0,5.232666666666667,34.25,-118.52,2.909
5.2522,16.0,6.464088397790055,37.32,-120.43,1.253
2.8062,27.0,5.06544502617801,34.09,-118.15,1.928
3.0319,49.0,4.402272727272727,33.87,-118.17,1.628
3.3846,45.0,4.511254019292605,33.94,-118.19,1.681
4.3864,18.0,5.507042253521127,37.72,-120.93,1.795
1.7079,10.0,4.748449345279118,33.76,-116.95,0.959
3.9306,37.0,5.550522648083624,37.09,-121.62,2.607
1.9833,23.0,6.631147540983607,39.04,-122.73,1.115
3.1458,42.0,4.645320197044335,33.94,-117.4,1.16
1.8068,34.0,3.9066339066339064,36.54,-119.39,0.59
1.925,45.0,4.198312236286919,37.76,-122.19,0.741
5.25,25.0,5.552816901408451,32.78,-117.15,2.051
2.5461,34.0,4.476489028213166,37.96,-122.35,0.939
4.2192,14.0,5.816326530612245,32.74,-116.97,1.761
3.6477,15.0,8.33495145631068,40.3,-121.09,1.134
3.9076,18.0,5.443807339449541,32.6,-117.04,1.529
7.5898,25.0,7.940119760479042,37.93,-122.01,3.302
4.6125,26.0,5.965277777777778,33.78,-117.84,2.292
2.9844,31.0,5.301020408163265,38.73,-120.78,1.279
5.1624,12.0,7.22040072859745,33.89,-117.38,2.679
3.8068,34.0,4.630996309963099,34.22,-118.25,2.67
3.7143,47.0,4.831325301204819,33.96,-118.31,1.403
2.1991,47.0,4.712765957446808,37.97,-121.24,0.672
4.8906,36.0,6.34703196347032,33.85,-118.36,3.344
2.6033,52.0,5.465454545454546,37.84,-122.27,1.629
2.25,34.0,3.9812206572769955,34.07,-118.0,1.385
2.0258,20.0,4.599231754161331,40.56,-122.36,0.648
4.4375,39.0,4.888111888111888,34.25,-118.27,1.958
4.3077,31.0,4.443661971830986,34.02,-118.38,1.406
3.1573,12.0,4.978303747534516,37.96,-121.98,1.267
7.203,19.0,7.205056179775281,37.83,-122.11,3.699
0.9337,45.0,4.712328767123288,33.98,-118.28,0.923
5.4236,35.0,5.468671679197995,33.91,-118.02,2.167
3.0365,19.0,6.07667731629393,32.59,-117.02,0.981
5.3538,24.0,6.681132075471698,32.83,-117.17,2.125
3.7318,43.0,4.13,37.39,-122.09,3.277
5.6739,14.0,7.896272285251215,36.82,-119.64,1.738
5.3428,14.0,6.326007326007326,37.59,-122.04,2.436
2.6368,25.0,3.662534435261708,33.82,-118.3,1.759
4.0717,3.0,7.248285322359396,33.8,-117.22,1.265
1.9787,39.0,4.398119122257054,38.68,-121.78,0.978
4.4239,16.0,4.896551724137931,37.9,-122.52,2.671
4.3636,28.0,6.138020833333333,34.67,-118.22,1.797
4.5179,22.0,6.133479212253829,36.83,-119.76,0.996
2.0625,36.0,5.080357142857143,33.91,-118.18,1.344
5.131,17.0,6.071104387291982,32.84,-117.02,1.483
6.2715,20.0,6.90990990990991,32.78,-115.57,0.972
2.6012,21.0,6.0398550724637685,36.98,-120.21,0.922
3.4836,27.0,3.5549412577747064,37.58,-122.33,2.879
3.1653,44.0,4.47675962815405,37.78,-122.48,3.353
3.4213,4.0,5.472645739910314,36.78,-119.87,0.845
1.0298,20.0,2.3984674329501914,35.32,-120.65,3.0
5.4968,25.0,5.170098478066249,33.84,-118.38,3.798
2.2222,35.0,5.624521072796935,33.93,-117.4,0.813
2.825,32.0,4.784232365145228,36.59,-119.44,0.676
4.125,29.0,5.2642642642642645,34.23,-118.54,2.414
3.375,23.0,4.349173553719008,32.83,-117.18,1.841
3.6167,17.0,3.1549295774647885,34.12,-119.16,2.8
5.536,13.0,6.119174942704355,33.88,-117.64,2.048
3.3026,14.0,3.9806763285024154,34.43,-119.88,2.295
3.075,29.0,4.324193548387097,36.98,-121.98,2.158
3.7383,35.0,4.658878504672897,33.92,-118.09,1.662
0.9513,43.0,3.727536231884058,36.72,-119.8,0.504
2.5842,7.0,4.977832512315271,38.03,-121.29,1.113
4.4565,5.0,4.488636363636363,37.25,-121.81,1.59
5.7115,16.0,6.17741935483871,33.69,-117.79,3.139
1.2188,40.0,3.882911392405063,32.7,-117.14,0.925
4.6324,15.0,5.173861620342993,34.04,-117.91,1.688
2.8,43.0,4.302521008403361,37.35,-121.86,1.533
5.7843,5.0,5.923990498812351,32.78,-115.58,1.101
1.7679,20.0,4.883052527254708,37.29,-120.51,0.798
3.1087,39.0,3.7934426229508196,33.91,-118.17,1.71
3.2652,12.0,4.39935956084172,36.72,-121.68,1.528
5.3955,47.0,5.502336448598131,37.3,-121.89,2.823
3.9048,52.0,4.998540145985402,37.79,-122.22,1.647
1.0398,25.0,5.465798045602606,38.64,-121.44,0.621
5.1506,20.0,6.201727328809377,36.55,-121.87,3.875
2.9091,23.0,6.794223826714801,38.93,-119.99,1.419
1.1875,48.0,5.492063492063492,35.38,-119.02,0.638
2.1287,13.0,3.8755656108597285,33.53,-116.17,0.586
3.524,45.0,5.213963963963964,37.72,-122.13,1.862
2.3393,48.0,5.148148148148148,37.96,-121.31,0.776
2.6509,25.0,3.74295010845987,34.05,-118.46,4.1
3.75,42.0,4.747787610619469,34.21,-118.35,1.726
1.8333,33.0,4.943444730077121,36.57,-119.6,0.683
3.2717,36.0,5.236180904522613,32.73,-117.04,1.307
2.8152,36.0,3.532286212914485,33.99,-118.08,1.639
3.5329,31.0,4.5,33.84,-117.9,1.874
1.7306,28.0,2.837096774193548,34.1,-118.32,4.5
5.2541,5.0,5.469879518072289,33.8,-117.69,2.371
4.5533,15.0,4.351669941060904,37.38,-121.83,2.099
2.125,17.0,6.876785714285714,40.75,-122.79,0.717
2.11,25.0,3.3580980683506687,33.93,-118.35,2.233
3.2875,48.0,5.331230283911672,37.72,-122.46,2.215
2.7312,52.0,6.519230769230769,35.38,-119.03,1.471
1.5556,42.0,4.290322580645161,33.99,-118.25,0.985
1.6471,52.0,2.8333333333333335,37.77,-122.22,0.95
7.0469,26.0,6.282798833819242,37.31,-121.96,3.655
5.8426,26.0,6.4007029876977155,33.78,-118.04,2.594
5.6266,36.0,5.981012658227848,37.29,-121.91,3.205
2.8,34.0,4.585657370517929,38.59,-121.39,1.136
3.8833,36.0,4.865248226950355,34.19,-118.48,2.104
0.8351,29.0,3.237715803452855,34.03,-118.31,1.5
2.288,41.0,4.340782122905028,34.0,-118.47,2.635
3.275,48.0,4.5,37.76,-122.48,3.321
3.5664,19.0,5.030821917808219,32.68,-117.05,1.504
2.6193,28.0,4.238636363636363,34.27,-118.46,1.723
4.2955,45.0,5.36624203821656,37.56,-122.31,3.097
2.0278,31.0,2.8469284994964754,34.06,-118.31,3.6
3.0379,47.0,4.8293333333333335,36.62,-121.92,2.493
6.5304,36.0,7.217917675544794,34.18,-118.57,4.398
2.0677,29.0,3.7614107883817427,33.79,-117.96,2.145
5.6286,23.0,6.369127516778524,37.51,-122.46,4.113
5.3307,16.0,6.005353319057816,33.87,-117.78,1.696
3.5714,5.0,4.6938775510204085,37.49,-121.93,3.0
1.9311,17.0,4.231437598736177,33.82,-118.22,1.381
2.8352,38.0,6.385964912280702,33.65,-118.02,4.083
3.0625,20.0,5.86,39.59,-121.9,0.938
3.8029,35.0,5.641379310344828,34.11,-118.02,4.148
4.2065,52.0,5.6826484018264845,34.16,-118.11,3.203
2.6997,52.0,4.0627450980392155,37.83,-122.28,1.269
2.1691,39.0,4.023668639053255,38.57,-121.47,1.5
3.6,32.0,4.643086816720257,34.23,-118.37,1.646
4.8542,18.0,7.328888888888889,38.71,-121.23,1.705
3.5039,19.0,5.0233644859813085,36.48,-121.7,2.884
2.6567,20.0,5.295867768595041,37.68,-121.03,1.104
3.8875,34.0,4.4673539518900345,34.26,-118.47,1.992
2.4861,25.0,5.834123222748815,39.5,-122.53,0.719
2.7262,34.0,5.570264765784114,38.36,-122.0,1.188
2.7404,15.0,5.952830188679245,36.79,-119.69,0.763
4.6379,29.0,7.074534161490683,38.48,-122.48,3.482
1.6011,52.0,3.8161993769470404,32.71,-117.14,1.063
3.2243,20.0,4.936758893280633,38.65,-121.35,1.079
4.39,27.0,4.375288683602771,37.55,-122.29,2.701
5.2589,17.0,4.6182266009852215,33.72,-118.05,2.261
7.8532,8.0,6.961538461538462,37.44,-121.89,4.228
4.1448,33.0,5.961734693877551,34.08,-117.7,1.373
2.3256,24.0,5.959550561797752,36.32,-119.66,0.568
2.3611,28.0,3.739622641509434,34.05,-118.02,1.67
2.0057,34.0,3.977722772277228,33.97,-118.18,1.894
3.825,34.0,5.036764705882353,33.91,-118.35,2.354
3.5774,14.0,5.409185803757829,38.16,-121.14,1.139
1.6037,44.0,2.767391304347826,34.05,-118.28,2.75
3.5341,52.0,4.929203539823009,34.13,-118.18,1.821
3.875,21.0,5.8125,35.41,-118.95,0.995
2.3583,41.0,4.543478260869565,37.37,-121.01,0.95
6.5285,19.0,6.894915254237288,37.67,-121.89,3.004
3.075,25.0,4.3259668508287294,38.35,-122.5,1.651
3.4676,21.0,4.327981651376147,34.18,-118.87,2.128
6.0436,46.0,5.131736526946108,34.02,-118.46,4.73
4.1387,24.0,4.647619047619048,33.91,-118.06,1.577
3.1304,44.0,4.181208053691275,34.15,-117.99,1.856
2.9507,44.0,4.82680412371134,37.69,-122.1,1.571
3.1574,6.0,5.63103448275862,36.32,-119.34,0.892
2.1339,20.0,6.674489795918367,34.4,-116.94,0.785
1.9583,7.0,5.362804878048781,34.1,-117.46,1.088
4.0878,22.0,4.3347921225382935,33.91,-118.11,1.537
2.1046,35.0,3.9812734082397006,34.03,-118.32,1.14
2.6296,25.0,3.903225806451613,32.65,-117.09,1.5
3.1111,17.0,5.690437601296597,37.4,-120.86,1.139
5.6402,52.0,6.214285714285714,38.55,-121.5,2.098
7.3982,14.0,7.194915254237288,33.68,-117.98,3.691
6.0137,17.0,6.129251700680272,34.24,-118.61,3.759
3.5529,27.0,5.576182136602452,32.73,-117.05,1.339
4.5526,28.0,5.784256559766764,34.02,-118.09,2.502
3.5625,11.0,4.517890772128061,34.08,-117.99,1.41
2.3317,39.0,3.975609756097561,33.78,-118.16,2.225
2.7652,19.0,4.031775700934579,32.81,-117.13,1.774
2.0216,32.0,5.685714285714286,36.55,-119.79,0.768
2.0076,38.0,5.330561330561331,35.64,-120.69,1.14
6.057,21.0,6.674358974358975,33.85,-117.82,2.359
2.5401,32.0,4.829268292682927,38.13,-121.28,1.254
2.0417,17.0,5.26063829787234,38.19,-120.67,0.926
2.6198,18.0,4.052901023890785,37.53,-121.96,2.359
4.4766,16.0,5.8039772727272725,32.9,-117.11,1.615
4.0403,16.0,6.438813349814586,35.18,-120.57,3.461
1.5,5.0,3.620578778135048,34.13,-117.9,1.398
4.1289,13.0,4.572038420490928,38.03,-122.44,1.792
2.2536,16.0,5.432,38.4,-122.36,2.012
2.395,35.0,6.703333333333333,36.25,-119.69,0.941
4.8021,48.0,5.760217983651226,34.44,-119.73,3.511
4.58,33.0,6.009861932938856,34.27,-118.49,2.362
4.1958,31.0,5.825622775800712,32.63,-117.05,1.601
6.844,10.0,7.504504504504505,38.67,-121.08,2.396
3.5192,24.0,5.909706546275395,33.01,-117.06,1.591
2.875,18.0,4.796565389696169,37.26,-121.8,1.844
1.625,52.0,2.7777777777777777,32.66,-117.11,1.188
2.875,41.0,4.064,34.19,-118.34,1.924
4.5812,18.0,6.066666666666666,36.8,-121.64,2.552
3.0833,33.0,4.25107296137339,34.21,-118.38,1.791
5.5118,48.0,5.799256505576208,34.17,-118.27,3.547
2.3438,34.0,2.45625,34.07,-118.27,1.521
1.9045,20.0,3.2624686542212316,37.43,-122.15,3.75
5.033,36.0,5.332432432432433,37.57,-122.3,2.709
4.4107,23.0,5.60699865410498,34.42,-118.49,2.134
5.1017,13.0,7.082857142857143,37.91,-121.6,2.414
4.5814,24.0,5.796812749003984,33.71,-117.89,2.333
3.9659,8.0,4.360613810741688,34.41,-119.53,2.974
4.5987,37.0,3.5901840490797547,37.45,-122.16,3.56
3.2596,33.0,5.017656500802568,32.71,-117.03,1.03
1.5256,36.0,4.897777777777778,33.93,-118.26,0.954
3.588,16.0,6.015267175572519,35.33,-120.9,2.663
3.3125,44.0,5.033519553072626,34.18,-118.38,1.864
3.13,8.0,5.5390625,39.69,-121.56,1.683
2.6165,52.0,5.174418604651163,37.87,-122.29,1.5
2.3,10.0,5.774223034734918,33.81,-117.02,1.089
3.7833,47.0,5.438356164383562,33.99,-118.06,1.661
3.5435,52.0,4.021638330757342,37.77,-122.45,2.786
4.0656,27.0,6.09375,32.81,-117.02,1.64
3.8837,32.0,5.5597189695550355,34.07,-117.89,2.003
2.32,23.0,4.206989247311828,32.74,-117.09,0.932
2.1985,17.0,5.154205607476635,38.9,-123.69,0.953
4.0208,8.0,2.5,34.22,-119.09,0.525
5.7097,15.0,4.357142857142857,34.05,-118.44,3.167
5.102,8.0,5.681818181818182,38.02,-121.92,1.565
1.918,44.0,3.517857142857143,33.78,-118.17,1.475
1.7772,45.0,3.882608695652174,37.79,-122.25,0.975
2.6797,36.0,4.793791574279379,37.31,-120.5,0.818
2.6906,14.0,5.409276944065485,36.56,-119.38,0.953
4.8953,21.0,5.395806028833552,36.98,-121.88,2.895
2.2833,39.0,4.3143939393939394,39.74,-121.85,0.858
5.4604,24.0,5.83289817232376,34.26,-118.75,1.934
5.1185,15.0,6.2020905923344944,32.85,-116.89,1.853
2.0538,34.0,4.233986928104575,34.04,-118.36,1.258
2.3683,17.0,4.439102564102564,38.67,-121.36,0.825
2.2725,39.0,3.4210526315789473,34.05,-118.34,1.406
3.8672,50.0,5.334801762114537,37.88,-122.29,2.167
4.5714,29.0,6.055016181229774,36.27,-119.78,1.008
2.8409,36.0,4.901694915254238,38.29,-122.27,1.53
1.6368,28.0,4.357446808510638,38.13,-122.26,0.912
2.0135,21.0,4.53030303030303,33.79,-116.96,0.83
1.9028,50.0,5.015686274509804,37.85,-122.27,1.508
2.6417,19.0,5.014516129032258,35.13,-118.46,0.949
2.3056,36.0,5.268656716417911,38.14,-122.23,0.904
2.0353,32.0,4.706855791962175,37.96,-122.35,1.136
3.0603,46.0,5.353944562899787,32.78,-115.56,0.708
4.2,35.0,4.372093023255814,33.91,-118.32,1.813
2.675,37.0,3.404833836858006,33.77,-118.17,2.417
1.8681,33.0,3.2336448598130842,34.02,-118.17,1.125
2.3545,33.0,3.6277602523659307,33.43,-117.61,1.875
2.2847,41.0,3.5281385281385282,34.01,-118.11,1.9
5.587,36.0,5.913946587537092,33.79,-118.11,2.449
2.9063,47.0,4.723076923076923,33.77,-118.28,1.469
3.6618,36.0,4.483660130718954,34.22,-118.43,1.873
4.5185,30.0,5.828767123287672,34.08,-117.69,1.425
6.5843,20.0,7.351201478743068,33.88,-117.86,2.722
6.0296,7.0,7.0034246575342465,34.5,-117.27,1.941
5.2949,33.0,4.5,33.85,-117.87,3.5
3.8472,35.0,6.296482412060302,37.82,-121.17,1.976
3.3445,31.0,5.281739130434783,34.13,-117.21,0.929
5.3794,34.0,6.817991631799163,37.97,-122.01,2.062
5.3423,16.0,4.336088154269972,33.66,-117.83,2.917
3.9745,36.0,5.951827242524917,32.79,-117.07,1.708
5.2452,4.0,5.945010183299389,37.46,-121.14,1.619
3.125,35.0,4.320754716981132,33.89,-118.07,1.203
4.119,18.0,5.843575418994414,39.33,-120.17,1.109
2.4167,37.0,5.333333333333333,35.85,-119.12,0.583
3.75,37.0,5.715189873417722,33.94,-118.0,1.744
2.2244,24.0,4.706635622817229,34.06,-117.66,1.149
1.7935,20.0,5.628571428571429,40.75,-122.56,0.745
1.7929,37.0,3.1008902077151337,33.98,-118.25,0.972
5.193,42.0,5.662100456621005,33.99,-118.05,2.634
5.1437,4.0,4.96480743691899,37.72,-121.92,2.994
3.1049,19.0,4.644695543000628,33.78,-117.99,1.739
4.125,30.0,4.7178362573099415,37.89,-122.12,2.571
2.8274,43.0,4.080733944954129,33.99,-118.33,1.225
2.6071,16.0,5.775067750677507,37.38,-119.72,1.037
3.6,22.0,4.851449275362318,36.72,-120.08,0.832
4.6731,35.0,5.385113268608414,34.22,-118.54,2.241
2.7986,14.0,4.586837294332724,33.75,-117.96,1.761
6.0398,19.0,6.658031088082901,34.44,-118.53,2.178
3.8529,17.0,4.9169675090252705,32.58,-117.06,1.477
6.0905,26.0,5.631147540983607,33.68,-117.96,2.248
2.7048,8.0,4.228404099560762,32.59,-117.08,1.53
3.3214,25.0,6.093862815884476,36.38,-119.69,1.031
3.8421,37.0,4.379446640316205,33.72,-117.87,1.74
4.59,37.0,5.014285714285714,37.99,-122.03,1.666
2.0655,37.0,4.684210526315789,33.96,-118.24,0.934
3.55,17.0,4.794007490636704,37.09,-119.65,1.063
6.5635,10.0,6.982708933717579,33.9,-117.96,3.469
1.3531,20.0,2.968283582089552,37.98,-121.32,0.946
4.7188,36.0,6.008333333333334,32.8,-117.09,1.741
2.5143,52.0,4.971938775510204,34.05,-117.19,1.176
7.1267,15.0,6.9327217125382266,37.29,-121.76,2.779
4.9024,16.0,5.813267813267813,32.92,-117.15,1.829
1.8939,28.0,5.711640211640212,37.26,-120.49,0.83
1.625,52.0,3.0320855614973263,38.57,-121.48,1.875
3.089,18.0,3.9971264367816093,38.58,-121.41,1.414
5.3169,34.0,3.8383838383838382,33.89,-118.36,2.276
2.0288,20.0,4.567204301075269,37.25,-121.81,3.5
5.6488,25.0,6.2253668763102725,37.25,-121.84,2.346
5.753,5.0,6.386243386243386,33.52,-117.68,3.228
3.8409,34.0,5.4591439688715955,34.04,-117.94,1.63
2.148,46.0,4.273838630806846,34.0,-118.27,1.038
7.6144,34.0,7.171717171717172,33.79,-118.08,3.762
3.0435,40.0,5.009803921568627,35.36,-119.04,0.695
1.0649,43.0,3.564625850340136,38.56,-121.51,1.375
2.8973,8.0,4.518394648829432,38.71,-121.28,1.171
2.5972,29.0,4.037974683544304,34.08,-117.71,1.343
2.125,9.0,5.676136363636363,39.17,-121.25,1.518
5.2732,15.0,4.81145584725537,33.65,-117.94,2.097
6.0132,23.0,6.815561959654179,33.88,-117.83,2.594
1.6896,21.0,3.527363184079602,32.75,-117.11,1.0
7.0592,16.0,7.434579439252336,33.87,-117.76,2.882
1.8,5.0,3.6666666666666665,33.75,-117.86,1.542
4.9732,34.0,5.57277628032345,37.63,-122.43,3.423
3.4551,18.0,5.438799076212471,32.71,-116.98,1.214
3.3702,52.0,4.576744186046511,37.76,-122.44,3.7
4.0433,16.0,5.7421875,38.34,-121.99,1.322
3.3125,43.0,4.166666666666667,37.69,-122.09,1.5
2.6098,52.0,4.5989010989010985,34.02,-118.32,1.271
4.7952,22.0,6.365973072215422,32.73,-117.02,1.414
2.4135,36.0,5.364795918367347,32.7,-117.08,0.97
7.5699,19.0,8.127572016460906,33.66,-117.96,3.333
7.2574,52.0,8.288135593220339,37.85,-122.24,3.521
4.1845,13.0,4.957166392092257,34.26,-119.2,1.995
3.4107,35.0,5.0339943342776206,32.72,-117.05,1.17
2.0,30.0,2.7738825591586327,34.09,-118.31,2.406
3.875,35.0,5.546568627450981,32.84,-117.19,1.72
3.6148,46.0,4.252252252252252,37.78,-122.49,3.522
4.2411,45.0,5.561594202898551,33.83,-118.18,3.717
2.9076,52.0,4.386609071274298,33.87,-117.91,1.773
6.4266,5.0,6.730284479654303,34.02,-117.79,3.156
2.25,33.0,4.924433249370277,36.2,-119.36,0.515
5.9094,5.0,6.5742154368108565,33.0,-117.1,2.611
4.0833,20.0,6.025301204819277,38.64,-121.3,1.6
1.7774,23.0,3.6368989205103044,38.0,-121.3,1.0
6.0255,13.0,5.73015873015873,37.46,-122.22,4.093
4.1399,18.0,5.359838274932614,34.1,-117.42,1.154
4.4583,44.0,5.813513513513514,37.55,-122.32,3.971
4.4583,22.0,6.246875,37.85,-121.64,2.539
6.7287,16.0,7.192792792792793,37.22,-121.77,2.993
6.3617,20.0,6.82962962962963,37.1,-121.96,3.315
3.6484,18.0,6.4983498349834985,38.7,-121.37,0.95
3.9712,46.0,6.410334346504559,37.79,-122.18,2.081
5.0524,17.0,6.879003558718861,32.87,-116.86,2.854
4.3269,34.0,5.5344827586206895,36.59,-121.84,2.213
2.125,22.0,6.856687898089172,40.4,-122.76,1.232
1.9805,16.0,3.9773013871374525,38.66,-121.34,0.929
4.8266,13.0,6.7466467958271235,35.37,-119.12,1.462
4.1115,35.0,4.908333333333333,33.79,-117.98,1.797
4.2149,42.0,4.933806146572104,37.36,-121.88,1.99
5.3526,15.0,6.214765100671141,34.07,-117.15,1.298
4.8125,28.0,6.066071428571429,33.68,-117.92,2.446
1.7538,24.0,7.034591194968553,40.9,-121.64,0.903
2.7039,34.0,6.780254777070064,38.95,-121.47,1.063
2.4827,6.0,4.622371740958789,38.36,-122.69,1.775
2.5625,45.0,3.997826086956522,34.04,-118.35,1.38
4.6118,35.0,5.812371134020618,34.07,-117.96,1.917
1.1687,48.0,3.292307692307692,34.11,-117.29,0.708
1.6747,20.0,3.989648033126294,32.74,-117.1,1.0
3.5541,14.0,6.0,34.33,-119.11,1.918
5.0814,25.0,5.29404309252218,33.8,-118.34,4.468
1.4665,16.0,4.340106007067138,33.96,-116.51,0.611
4.0451,27.0,5.03595206391478,34.4,-119.71,3.951
3.3906,52.0,7.385416666666667,33.33,-118.32,3.0
2.5547,39.0,4.148305084745763,33.99,-118.29,1.089
4.0119,26.0,7.12,38.92,-122.77,1.194
3.625,25.0,5.887788778877888,36.63,-119.43,1.076
3.6736,16.0,4.400352733686067,34.3,-118.47,1.922
6.2583,37.0,4.959501557632398,34.02,-118.44,3.86
5.1998,5.0,6.971496437054632,33.01,-117.07,2.941
2.1977,17.0,2.7805755395683454,34.18,-118.44,1.542
3.9336,18.0,6.188405797101449,38.38,-122.93,2.625
3.6944,29.0,4.048744460856721,34.08,-118.02,1.752
3.3235,46.0,5.011037527593819,37.97,-121.32,0.878
1.6875,29.0,3.815040650406504,34.94,-120.44,1.227
2.63,42.0,4.0,34.0,-118.07,1.438
1.9205,40.0,3.5700934579439254,34.05,-118.2,1.219
4.6406,34.0,5.0424528301886795,33.87,-118.34,2.559
4.1118,35.0,6.208333333333333,34.03,-117.92,1.573
2.8426,10.0,4.897243107769423,38.67,-121.32,1.306
4.0368,36.0,4.90084985835694,34.23,-118.44,1.831
3.9833,21.0,4.311871227364185,34.25,-118.45,1.625
2.4817,33.0,3.8757225433526012,34.16,-118.13,1.695
3.9219,37.0,5.953191489361702,37.73,-122.49,4.333
2.5953,15.0,7.053497942386831,32.81,-117.11,0.675
2.9693,13.0,4.452313503305005,38.54,-121.32,1.044
1.2276,21.0,3.780185758513932,33.75,-118.28,2.083
2.0,5.0,4.572668112798264,33.77,-117.23,0.83
3.0865,52.0,4.893854748603352,37.74,-121.43,1.198
1.9766,28.0,2.6164154103852595,34.09,-118.29,1.125
2.5875,44.0,4.66546762589928,35.05,-118.16,0.689
3.0078,42.0,3.3333333333333335,34.09,-118.13,1.917
5.0,26.0,6.933161953727506,38.55,-121.4,1.425
1.4387,37.0,5.11734693877551,38.62,-121.44,0.61
5.0871,7.0,6.401388888888889,36.81,-121.36,2.905
4.45,46.0,5.320359281437126,34.0,-118.45,3.483
1.8654,38.0,4.990074441687345,34.14,-117.31,0.894
2.1044,36.0,3.3794642857142856,33.98,-118.22,1.482
4.5129,16.0,6.174757281553398,38.95,-121.19,1.963
3.9196,25.0,7.214477211796247,39.18,-120.87,1.427
4.6855,5.0,6.631184407796102,33.88,-116.53,1.252
0.8172,52.0,6.102459016393443,37.82,-122.28,0.853
2.6981,35.0,5.572327044025157,38.55,-121.28,1.125
2.5067,18.0,4.0807926829268295,36.96,-122.03,2.326
5.3505,15.0,6.720316622691293,32.67,-117.03,2.666
3.0938,34.0,5.424568965517241,38.58,-122.45,1.894
6.075,26.0,6.541984732824427,37.3,-122.04,4.17
2.4397,14.0,4.261025029797378,32.77,-117.19,1.406
1.7262,30.0,4.23109243697479,33.9,-118.22,1.156
2.3,28.0,5.046979865771812,33.79,-118.22,1.375
2.5417,33.0,4.95575221238938,36.61,-119.26,1.188
3.0288,40.0,5.125506072874494,38.13,-121.73,1.644
3.1964,29.0,3.977900552486188,33.74,-117.88,1.519
2.1964,10.0,4.983606557377049,38.9,-122.48,1.125
2.2607,40.0,2.7309236947791167,34.07,-118.26,1.656
2.1006,19.0,4.938718662952646,35.31,-119.01,0.748
2.3375,40.0,4.129251700680272,34.07,-118.36,3.552
3.5,43.0,5.287081339712919,33.82,-118.18,2.167
3.0219,29.0,5.890939597315437,34.23,-119.06,2.217
4.0385,12.0,4.565573770491803,33.67,-117.99,3.5
5.07,22.0,6.532374100719425,38.82,-121.14,2.33
3.6693,28.0,5.088028169014085,36.83,-121.76,2.11
3.4193,45.0,4.537074148296593,33.73,-117.87,1.77
6.1724,35.0,7.006359300476947,38.01,-122.59,4.143
5.8972,35.0,5.663551401869159,33.83,-118.34,3.509
4.2589,8.0,5.145714285714286,37.99,-121.36,1.349
3.4539,35.0,6.739130434782608,38.67,-122.52,3.0
5.0025,32.0,5.9321100917431195,34.2,-118.62,2.349
3.6111,48.0,7.297297297297297,38.94,-121.76,0.675
4.0179,18.0,4.442906574394463,33.97,-118.36,1.958
3.9615,34.0,5.597285067873303,34.19,-118.56,1.836
3.0882,14.0,7.001727115716753,34.95,-119.16,1.482
3.5938,35.0,5.951742627345845,35.38,-118.95,0.952
3.7015,27.0,4.376044568245125,34.19,-118.31,2.879
2.6364,22.0,3.5874125874125875,34.18,-118.43,2.711
7.4729,28.0,6.871035940803383,37.35,-122.04,4.316
2.5333,5.0,3.7142857142857144,35.23,-115.75,0.75
5.4533,33.0,5.837628865979381,33.73,-118.31,4.098
6.2788,26.0,6.581047381546135,34.25,-118.54,3.222
0.9809,19.0,3.187725631768953,33.98,-118.28,1.214
4.3571,41.0,5.73224043715847,36.63,-121.93,2.875
2.7798,15.0,5.195219123505976,35.48,-120.68,2.058
4.6146,21.0,5.503168567807351,37.57,-121.97,2.476
6.2154,47.0,5.953316953316953,37.48,-122.24,3.627
2.6759,17.0,4.631205673758865,33.61,-117.73,1.206
2.1375,23.0,3.2763713080168775,33.76,-117.98,1.5
4.6908,37.0,5.979949874686716,33.85,-118.12,2.182
5.7796,32.0,6.107226107226107,33.92,-117.97,2.413
2.8775,13.0,4.68586387434555,36.57,-121.42,1.341
6.3331,37.0,6.521994134897361,32.73,-117.25,4.0
3.7813,52.0,5.057755775577558,37.75,-122.41,2.759
5.0514,48.0,5.971677559912854,33.99,-118.35,2.691
3.0347,17.0,4.50580997949419,34.23,-118.59,2.545
3.6181,21.0,5.076115485564304,33.21,-117.23,2.138
2.89,43.0,5.221238938053097,38.57,-121.52,0.862
1.9309,31.0,3.7628205128205128,33.75,-117.86,1.734
5.7709,4.0,5.181347150259067,33.65,-117.58,1.903
5.1149,39.0,5.878048780487805,37.71,-122.48,3.142
3.625,31.0,4.008431703204047,33.84,-118.08,1.704
0.7683,38.0,4.253561253561253,37.76,-122.19,0.818
2.465,40.0,4.306666666666667,32.75,-117.15,1.987
2.6806,52.0,5.313207547169811,37.78,-122.27,2.079
5.7485,26.0,5.366666666666666,37.89,-121.29,1.625
6.5853,16.0,7.379464285714286,32.91,-117.08,2.484
2.6777,35.0,4.036565977742448,32.76,-117.14,1.464
3.8003,23.0,4.190885640584694,37.42,-122.09,2.298
4.6838,52.0,6.146757679180888,34.08,-118.35,4.79
2.2054,45.0,3.7241379310344827,33.98,-118.24,1.25
3.0347,21.0,5.334883720930232,36.77,-121.7,2.272
1.4815,52.0,5.327472527472527,34.13,-117.29,0.779
5.5111,16.0,5.7167470709855275,34.25,-118.61,2.766
3.9265,31.0,5.062857142857143,32.83,-117.18,1.62
1.925,41.0,4.012422360248447,34.03,-118.2,1.352
1.7566,25.0,7.10752688172043,38.94,-122.63,0.49
2.25,52.0,3.090909090909091,37.71,-121.0,1.75
4.2431,15.0,5.217235188509874,37.81,-121.23,1.371
2.3062,34.0,4.4148148148148145,34.17,-118.14,1.58
1.7981,41.0,3.2965879265091864,34.02,-118.16,1.66
5.5205,14.0,7.225531914893617,38.8,-121.25,1.887
3.1513,14.0,5.526096033402923,34.14,-117.2,1.6
3.4543,12.0,4.801041666666666,38.32,-122.28,1.945
5.1017,17.0,5.895104895104895,37.35,-121.8,2.407
6.0758,4.0,6.520361990950226,34.12,-117.63,2.268
4.538,3.0,5.7654417513682565,33.52,-117.69,2.782
4.2011,9.0,6.04516129032258,36.22,-119.33,1.081
3.2011,17.0,3.5233918128654973,33.93,-118.11,1.625
2.2333,36.0,5.952941176470588,36.32,-119.63,0.61
6.4171,29.0,6.882352941176471,34.29,-118.51,3.193
5.9275,37.0,5.829411764705882,34.17,-118.43,3.369
3.6034,16.0,3.2209567198177678,34.44,-119.82,1.5
5.6817,20.0,4.936127744510978,37.32,-121.8,2.242
3.06,21.0,3.904564315352697,32.74,-117.16,2.438
4.6111,39.0,6.38863287250384,33.77,-117.86,2.403
5.2907,34.0,6.50711743772242,32.8,-116.99,1.958
6.7159,12.0,7.289962825278811,37.3,-121.74,3.627
4.2062,37.0,5.441860465116279,33.86,-118.14,1.954
2.3333,18.0,4.586991869918699,39.39,-123.34,0.84
4.4357,16.0,6.0285714285714285,38.39,-122.84,2.169
4.4107,31.0,5.69164265129683,33.93,-117.97,2.02
5.7301,26.0,6.2444444444444445,33.68,-117.97,2.609
7.0177,17.0,6.405693950177936,33.29,-117.05,2.676
4.4427,31.0,5.633228840125392,37.65,-122.1,2.045
4.3512,24.0,4.976100628930817,33.76,-117.95,1.914
5.0473,5.0,5.371508379888268,38.02,-122.26,1.848
3.8,26.0,6.876494023904383,38.29,-122.49,2.421
4.1812,17.0,4.8076923076923075,36.33,-119.34,0.937
4.2216,17.0,5.606080634500992,38.51,-121.54,2.179
3.024,27.0,4.725536992840095,33.97,-117.35,1.225
4.8036,45.0,5.344748858447488,37.75,-122.49,2.978
2.6667,49.0,4.2,37.79,-122.2,1.22
2.7266,45.0,4.763993948562784,32.76,-117.17,3.542
1.5547,20.0,4.187358916478555,36.74,-119.77,0.939
5.5981,10.0,5.744525547445256,34.45,-118.53,2.201
5.0151,4.0,4.896984924623116,34.31,-118.61,2.852
2.1792,18.0,4.559766763848397,32.79,-115.69,0.552
1.8942,45.0,4.861111111111111,38.17,-122.23,2.167
2.4167,31.0,4.105263157894737,34.03,-118.17,1.255
5.6015,33.0,5.9136125654450264,34.08,-117.87,2.672
1.5729,36.0,4.553956834532374,32.7,-117.14,0.827
3.0952,23.0,5.801324503311259,38.65,-121.32,1.577
1.7227,52.0,4.954022988505747,37.5,-120.85,0.857
3.2434,42.0,5.401503759398496,37.67,-122.13,1.799
1.3897,38.0,3.5522388059701493,36.61,-121.85,1.25
2.7019,16.0,4.957095709570957,33.19,-117.22,2.169
4.0,36.0,5.101769911504425,33.94,-118.32,1.92
6.9133,8.0,5.976470588235294,33.68,-117.8,2.741
2.7727,52.0,4.867158671586716,34.0,-118.29,1.286
2.5625,33.0,4.345505617977528,37.66,-122.08,1.543
1.0972,48.0,4.807486631016043,37.83,-122.27,1.045
4.0655,33.0,4.809069212410501,37.4,-122.02,2.268
4.3047,27.0,4.295345104333868,34.3,-118.45,1.521
1.6724,33.0,4.095959595959596,37.79,-121.21,0.969
5.9143,35.0,6.350230414746544,33.83,-118.36,3.434
3.1326,13.0,6.648414985590778,37.35,-119.68,1.198
5.3245,39.0,6.508474576271187,35.91,-120.51,2.5
4.6042,51.0,6.66412213740458,37.73,-122.14,2.519
2.0096,36.0,2.294016358157555,37.8,-122.26,1.3
4.9234,25.0,5.824561403508772,34.21,-118.85,2.414
3.95,52.0,5.02546689303905,37.75,-122.43,3.477
2.8182,29.0,5.427083333333333,36.84,-120.44,0.905
4.6923,44.0,5.322222222222222,33.96,-118.38,2.99
2.9205,31.0,4.012711864406779,33.94,-118.14,1.966
4.5769,35.0,5.711267605633803,33.93,-118.1,1.861
2.5804,34.0,5.390029325513196,33.97,-117.37,0.924
4.9688,35.0,5.380597014925373,34.25,-118.48,2.169
5.1261,20.0,6.137404580152672,34.13,-117.62,1.588
4.2222,28.0,6.304477611940299,36.54,-119.48,1.089
2.8919,52.0,5.140506329113924,34.1,-118.14,2.584
1.9189,28.0,3.097560975609756,34.06,-118.06,1.659
4.5893,45.0,5.400611620795107,37.78,-122.2,1.635
4.6957,27.0,5.514035087719298,34.43,-119.8,2.715
3.3869,30.0,5.135384615384615,36.55,-119.39,0.804
3.6997,24.0,3.991812865497076,34.14,-118.14,2.25
3.1857,24.0,4.90249433106576,37.67,-121.03,0.983
3.7655,26.0,4.3524945770065075,33.82,-117.97,1.977
1.5085,17.0,4.051601423487544,39.13,-121.56,0.697
2.1944,52.0,5.074285714285714,37.8,-122.24,2.115
3.6646,7.0,6.002450980392157,34.48,-117.22,1.099
5.1461,25.0,5.730820995962315,37.26,-121.91,2.672
2.6354,27.0,3.493377483443709,37.79,-122.27,1.875
1.75,16.0,5.890459363957597,37.34,-120.07,0.875
3.2062,6.0,4.809847198641766,34.05,-117.67,1.675
1.6654,15.0,4.90625,41.78,-124.19,0.746
6.5847,23.0,8.442748091603054,37.92,-122.03,3.588
3.975,40.0,4.645796064400716,33.85,-118.18,2.138
2.3507,39.0,5.165636588380717,39.74,-122.19,0.656
2.8548,6.0,8.095914742451155,34.7,-118.09,1.385
2.7566,25.0,4.803355079217148,38.6,-121.53,0.802
3.168,17.0,4.165820642978003,37.55,-121.97,1.894
2.401,37.0,4.492581602373887,37.97,-121.22,0.584
5.6932,30.0,4.997521685254028,37.33,-122.0,3.387
4.4464,38.0,4.874493927125506,37.64,-122.41,2.154
4.0938,37.0,5.979591836734694,38.13,-122.24,1.269
3.8904,21.0,5.211965811965812,32.71,-116.99,1.138
2.4821,17.0,4.716494845360825,37.12,-121.63,2.482
3.4471,31.0,5.326388888888889,38.44,-122.86,2.095
5.5218,15.0,6.282926829268293,37.58,-122.08,2.544
2.75,22.0,5.471698113207547,37.17,-118.3,0.945
2.8365,34.0,4.5813953488372094,37.79,-122.21,1.392
4.2917,38.0,5.191747572815534,33.95,-118.02,1.689
3.7716,20.0,4.176360225140713,33.79,-118.13,2.429
2.9653,28.0,6.5546875,33.6,-114.65,0.949
4.0,35.0,4.938095238095238,37.71,-122.12,1.679
6.2475,12.0,7.4213197969543145,33.31,-117.22,3.313
1.3,36.0,4.245762711864407,33.93,-118.23,0.87
2.3295,17.0,4.095890410958904,36.16,-120.1,0.55
5.3638,3.0,6.444695259593679,34.14,-117.55,2.063
1.5903,16.0,3.6907630522088355,33.84,-117.91,1.654
3.1104,24.0,3.8397694524495676,33.95,-118.13,2.3
4.9375,44.0,6.168776371308017,33.97,-118.42,3.652
3.1403,30.0,3.5417558886509637,33.74,-117.93,1.53
4.2813,28.0,4.496428571428571,34.0,-118.47,3.844
1.2206,35.0,3.2215799614643545,34.01,-118.27,1.292
2.066,9.0,4.291390728476821,33.21,-117.25,1.272
2.7301,16.0,4.8944365192582024,35.13,-120.61,1.904
1.1667,52.0,5.401069518716578,37.81,-122.3,0.784
2.4207,26.0,4.140540540540541,32.85,-117.2,2.135
3.5395,24.0,5.140350877192983,37.66,-120.97,1.279
1.4828,24.0,4.248322147651007,32.67,-115.49,0.731
7.4882,35.0,6.467268623024831,37.84,-122.2,3.193
2.5893,21.0,6.081447963800905,36.1,-119.06,0.636
3.0833,46.0,5.130573248407643,33.98,-118.32,1.033
3.2077,9.0,5.896551724137931,34.42,-117.27,0.933
3.6635,36.0,5.580459770114943,33.95,-118.14,2.821
7.618,5.0,7.0471464019851116,33.54,-117.68,3.414
5.4346,17.0,6.261168384879725,34.08,-119.0,4.286
5.34,9.0,4.69471488178025,37.4,-121.88,2.574
4.2857,35.0,4.859459459459459,37.62,-122.04,1.904
3.9485,23.0,5.2182410423452765,34.15,-119.16,1.966
6.1274,11.0,6.75,34.17,-118.54,3.159
4.2206,40.0,5.164835164835165,33.98,-118.06,1.78
2.8125,44.0,3.845208845208845,34.12,-118.2,1.556
1.7446,16.0,7.284313725490196,39.02,-122.66,1.094
4.85,7.0,6.278894472361809,33.25,-117.32,1.869
3.9519,50.0,5.439330543933054,38.01,-122.12,1.265
3.25,34.0,5.426573426573427,32.71,-117.03,0.996
4.0855,45.0,6.012531328320802,37.72,-122.46,2.441
2.4567,43.0,5.006578947368421,35.62,-120.69,1.4
2.1467,15.0,4.321951219512195,39.6,-121.54,0.841
3.6467,14.0,5.174168297455969,34.05,-117.66,1.475
1.4196,18.0,4.575757575757576,34.58,-117.4,0.647
5.9771,37.0,6.088495575221239,34.22,-118.23,4.318
3.3785,44.0,4.395833333333333,34.09,-118.18,1.849
2.7352,46.0,3.9349736379613356,37.78,-122.21,1.373
4.4636,42.0,3.6580459770114944,33.9,-118.29,1.62
3.2353,16.0,4.40282131661442,33.66,-118.0,2.529
4.5938,39.0,6.205882352941177,32.73,-117.25,3.674
4.0417,34.0,6.08,34.12,-117.88,1.78
2.1927,29.0,2.9446460980036298,34.09,-118.3,2.533
2.3236,21.0,3.6583990980834273,34.07,-118.02,1.563
2.944,52.0,4.1239092495637,37.88,-122.26,3.389
3.0958,39.0,5.0094936708860756,37.77,-122.16,1.458
5.0201,18.0,5.601336302895323,32.82,-116.89,1.544
2.0706,46.0,4.158620689655172,34.05,-118.33,2.685
4.4615,20.0,4.357005758157389,33.83,-118.38,3.848
5.6826,44.0,4.748387096774193,37.74,-122.49,3.0
3.4125,30.0,4.489010989010989,33.65,-117.9,2.841
4.0156,8.0,6.009009009009009,38.04,-121.3,1.176
7.6877,21.0,8.279737489745694,37.91,-122.01,3.677
3.0298,46.0,4.56,37.74,-122.17,1.076
2.3533,39.0,4.842778793418647,35.49,-119.27,0.654
7.4353,7.0,7.762408462164362,37.67,-121.9,3.898
4.1058,25.0,6.507518796992481,37.33,-120.65,1.076
5.3119,6.0,6.971671388101983,35.37,-119.2,1.573
6.8758,26.0,6.991228070175438,34.0,-117.84,2.538
3.3208,47.0,4.318295739348371,37.72,-122.46,2.386
1.1957,19.0,3.923943661971831,37.74,-121.42,1.031
3.5078,33.0,4.894894894894895,32.74,-117.08,1.265
5.2668,32.0,6.31024531024531,34.23,-118.49,2.423
2.6464,37.0,3.954692556634304,37.69,-122.11,1.552
4.4271,25.0,5.082514734774067,33.82,-118.32,3.821
1.125,23.0,6.130434782608695,40.99,-123.35,0.66
1.2548,22.0,4.410041841004184,34.57,-117.29,0.683
5.1282,35.0,5.543388429752066,37.59,-122.49,2.625
6.0088,36.0,5.3752808988764045,33.89,-118.34,2.459
2.1284,27.0,4.420673076923077,37.96,-121.34,0.594
3.89,7.0,4.689458689458689,38.34,-121.96,1.403
2.8654,44.0,4.520179372197309,34.04,-118.32,1.768
4.6625,14.0,5.554006968641115,37.58,-121.47,2.94
1.5066,50.0,4.545691906005222,40.41,-120.64,0.593
3.9722,36.0,5.850467289719626,33.81,-118.11,2.356
3.5625,43.0,5.64741641337386,34.11,-118.01,2.116
4.2917,17.0,6.222493887530562,38.88,-121.06,1.843
5.3184,36.0,6.079787234042553,33.9,-118.03,1.711
4.0938,35.0,5.293532338308458,34.04,-118.12,2.469
3.5481,36.0,4.767045454545454,33.97,-118.08,1.633
1.7161,8.0,3.760233918128655,38.0,-121.83,0.758
2.8846,49.0,3.857142857142857,37.87,-122.27,2.113
4.5833,39.0,4.911111111111111,37.39,-122.08,3.424
4.8419,15.0,6.112259970457902,32.83,-117.09,2.64
2.0703,46.0,3.773413897280967,34.02,-118.26,1.148
2.0714,18.0,5.813253012048193,36.31,-119.31,0.926
3.5859,30.0,5.051204819277109,33.9,-117.99,1.997
3.1662,7.0,4.866192170818505,38.48,-122.79,1.91
4.9125,30.0,5.026699029126213,33.63,-117.91,3.357
3.776,29.0,4.622754491017964,33.93,-117.96,1.926
1.9464,36.0,4.975510204081632,37.12,-120.27,0.57
1.725,31.0,5.158774373259053,40.24,-123.68,0.543
2.45,52.0,3.976271186440678,34.02,-118.31,1.114
1.3269,19.0,3.987577639751553,33.2,-117.36,1.661
2.7321,18.0,5.20258064516129,40.9,-124.1,0.926
4.6528,31.0,4.225806451612903,33.74,-118.1,4.571
2.2138,49.0,5.058375634517766,33.98,-118.32,1.198
6.234,7.0,6.511551155115511,37.31,-121.78,2.922
3.7527,38.0,4.410596026490066,33.87,-118.18,1.619
6.8686,35.0,6.666666666666667,37.89,-122.09,4.065
3.6654,35.0,5.182352941176471,33.91,-118.32,1.845
2.087,21.0,3.622516556291391,34.02,-118.29,1.413
1.2185,22.0,2.9456,37.82,-122.26,1.7
2.7266,37.0,4.19893899204244,34.03,-118.2,1.408
2.325,52.0,4.4731457800511505,39.22,-121.06,1.097
4.25,39.0,5.925764192139738,33.82,-118.27,2.003
5.1269,6.0,4.973083197389886,33.76,-118.3,2.852
4.7027,14.0,4.951739618406285,37.32,-121.8,2.276
5.6383,27.0,6.45841784989858,36.5,-121.73,3.77
6.195,26.0,6.324817518248175,37.92,-122.08,2.649
2.5156,43.0,4.829351535836177,37.68,-122.09,1.909
3.1989,52.0,4.295049504950495,37.78,-122.47,4.469
3.8304,34.0,5.040302267002519,34.09,-118.04,1.83
4.1667,48.0,5.339160839160839,34.09,-118.27,3.448
4.4122,40.0,5.605113636363637,34.16,-118.37,2.823
1.8015,26.0,3.5408163265306123,33.77,-118.09,0.62
7.3003,19.0,7.9616,38.46,-122.68,3.813
5.0463,52.0,5.793220338983051,37.86,-122.25,4.563
1.6027,38.0,3.6452905811623246,33.97,-118.28,0.973
2.1905,52.0,3.4619565217391304,34.03,-118.25,1.24
5.3321,7.0,7.830524344569288,37.73,-121.44,2.081
3.6451,32.0,3.748527679623086,34.03,-118.5,3.833
2.3913,35.0,3.875,34.08,-118.27,1.988
4.4375,29.0,6.5762081784386615,34.41,-119.73,3.5
5.318,27.0,6.32156862745098,38.01,-121.33,1.551
1.4079,30.0,4.47119341563786,34.11,-117.25,0.677
2.293,29.0,4.593167701863354,36.61,-120.19,0.572
4.15,26.0,5.235294117647059,35.19,-119.42,0.682
4.1378,24.0,4.582306830907055,33.83,-118.29,2.165
1.3417,40.0,4.65979381443299,37.94,-121.3,0.608
5.4127,25.0,6.04179104477612,34.42,-119.73,3.928
4.0313,13.0,5.079119086460032,34.21,-118.58,2.993
3.7143,9.0,5.450847457627119,37.02,-120.09,0.816
3.9167,35.0,5.771241830065359,38.58,-121.43,1.557
2.5372,21.0,3.6130500758725344,36.6,-121.85,2.18
3.0587,5.0,5.284007352941177,34.08,-117.21,1.431
4.9107,26.0,6.31981981981982,37.72,-121.93,2.138
4.15,11.0,5.500932835820896,35.62,-117.66,0.857
2.9559,36.0,4.65242718446602,38.61,-121.39,1.366
6.0718,38.0,5.831932773109243,33.93,-118.33,1.56
3.0865,52.0,2.9285714285714284,37.76,-122.41,2.25
4.7344,36.0,5.635627530364372,34.0,-118.46,3.469
3.6201,21.0,4.666219839142091,34.11,-117.81,1.504
3.0507,52.0,4.427645788336933,38.11,-122.24,1.073
3.474,24.0,5.25095785440613,34.89,-116.99,0.705
1.6319,28.0,2.53232462173315,34.05,-118.21,1.516
3.0208,27.0,5.6409638554216865,33.96,-117.41,1.127
3.2574,32.0,3.718503937007874,37.38,-122.02,2.544
2.9922,35.0,4.719844357976654,33.97,-118.1,1.635
4.175,52.0,5.396694214876033,37.78,-122.17,1.44
2.1135,46.0,5.622920517560074,40.79,-124.16,0.906
2.6823,34.0,5.2195845697329375,36.7,-119.57,0.729
2.585,19.0,3.7225563909774437,34.23,-118.46,1.454
3.5,14.0,5.5528455284552845,38.16,-121.32,2.408
6.3669,47.0,6.52027027027027,37.91,-122.27,3.155
2.1528,10.0,3.4516129032258065,33.98,-117.38,1.625
1.8958,28.0,4.782178217821782,34.68,-117.28,0.556
4.5083,34.0,5.233009708737864,33.85,-118.0,1.88
2.4618,42.0,5.047112462006079,38.54,-121.43,1.013
1.4646,9.0,4.514150943396227,36.73,-119.72,0.659
2.1394,15.0,4.134674922600619,32.75,-117.12,1.067
2.3984,44.0,3.9127906976744184,34.11,-118.18,1.522
4.0846,36.0,5.602434077079107,33.94,-118.09,1.834
3.5242,33.0,5.125641025641026,37.75,-121.42,1.214
2.4659,45.0,5.5736677115987465,38.35,-121.99,1.029
1.2575,26.0,3.8875,38.52,-121.47,0.668
4.6696,17.0,4.841911764705882,33.8,-117.92,1.595
1.2625,40.0,4.6124401913875595,37.95,-121.32,0.43
2.3056,43.0,5.193370165745856,37.96,-121.26,0.623
2.3203,21.0,4.439446366782007,32.83,-116.93,1.635
5.0602,52.0,5.543689320388349,37.73,-122.43,2.989
2.9301,33.0,5.472154963680388,36.79,-119.78,0.683
4.3118,20.0,5.764849471114728,38.68,-121.35,1.2
3.5848,18.0,4.487804878048781,33.68,-117.99,1.869
3.8984,30.0,4.390702274975272,33.77,-118.16,3.063
1.6833,18.0,4.6,37.35,-120.62,0.71
3.9559,42.0,4.6528662420382165,33.88,-117.99,1.611
4.1713,23.0,6.356060606060606,33.26,-117.3,1.338
5.5138,7.0,6.9498644986449865,38.15,-122.22,1.711
4.3958,38.0,5.65625,37.94,-122.31,1.942
4.5744,20.0,5.434706397896582,37.86,-122.14,3.14
3.6875,42.0,5.637254901960785,33.89,-118.09,1.715
2.2167,18.0,3.7824675324675323,36.01,-120.12,0.485
2.0833,20.0,4.311258278145695,37.77,-120.85,0.773
6.2073,31.0,5.934020618556701,37.58,-121.99,2.825
3.7617,23.0,5.818652849740933,38.47,-122.66,1.726
3.3687,47.0,4.683333333333334,34.28,-118.44,1.517
2.105,52.0,3.388888888888889,37.78,-122.43,3.167
4.7019,48.0,4.873949579831932,34.07,-118.36,4.111
4.6484,25.0,4.813211845102506,36.98,-121.99,2.346
4.8554,11.0,6.4902763561924255,33.16,-117.08,2.067
2.5386,19.0,2.9890873015873014,34.07,-118.29,2.906
4.825,26.0,5.257009345794392,37.32,-121.83,1.81
1.8295,52.0,2.628169014084507,37.8,-122.41,2.438
2.65,10.0,6.805343511450381,38.5,-120.65,1.167
2.1726,23.0,4.287179487179487,41.02,-124.16,0.755
2.996,22.0,7.247058823529412,38.93,-120.01,1.261
4.9205,31.0,5.820359281437126,37.25,-121.91,2.405
4.1389,19.0,4.4787234042553195,37.42,-121.91,1.741
4.6302,19.0,6.725124378109452,38.64,-121.31,1.954
4.5357,25.0,6.013371537726838,37.69,-121.79,1.884
5.0821,4.0,4.014634146341463,37.44,-121.9,2.655
3.5583,40.0,5.63036303630363,32.63,-117.07,1.549
4.6806,23.0,5.674418604651163,34.44,-119.81,2.889
5.8083,10.0,5.6940298507462686,34.0,-118.4,3.218
5.2591,16.0,6.0411985018726595,34.14,-117.21,1.407
2.3272,37.0,4.746958637469587,38.53,-121.44,0.806
4.0653,14.0,3.850920245398773,37.3,-121.93,2.342
2.6961,19.0,4.2046070460704605,33.93,-118.36,2.125
1.2857,27.0,4.359413202933985,39.1,-121.55,0.47
2.6991,50.0,4.809338521400778,34.4,-119.05,1.813
3.7455,47.0,4.871125611745514,37.31,-121.89,2.474
1.9038,16.0,5.456445993031359,39.92,-122.17,0.608
5.0785,33.0,5.681715575620768,37.35,-122.01,2.895
2.8854,42.0,5.103092783505154,37.99,-121.28,0.557
4.5547,10.0,6.28,32.57,-117.09,1.607
3.0341,11.0,4.854469854469855,38.43,-122.74,1.423
4.2768,21.0,5.487870619946092,33.87,-118.27,1.814
3.5417,17.0,6.150943396226415,39.3,-120.89,1.551
5.0258,32.0,5.44935064935065,33.94,-118.11,2.554
2.3293,28.0,4.071090047393365,37.3,-121.87,2.159
4.537,29.0,5.126126126126126,33.89,-118.07,1.853
5.5395,14.0,6.256578947368421,33.46,-117.34,2.733
1.625,29.0,6.65,33.94,-117.56,1.643
3.7596,21.0,4.1122278056951425,32.84,-117.28,3.813
2.5833,52.0,3.8233532934131738,34.04,-118.31,2.346
1.7994,42.0,4.7785388127853885,36.76,-119.74,0.587
3.5114,52.0,4.272486772486772,37.75,-122.43,3.475
3.3125,22.0,6.175548589341693,36.79,-119.9,1.061
2.6312,52.0,3.8193832599118944,37.34,-121.88,3.029
2.5742,32.0,3.3523809523809525,37.78,-122.4,3.5
2.5,29.0,6.333333333333333,41.12,-120.96,0.592
3.5977,23.0,5.439914163090129,34.1,-117.86,1.806
4.4792,11.0,8.047619047619047,33.68,-116.95,1.739
3.225,33.0,4.285714285714286,34.2,-118.53,2.053
2.875,2.0,5.624161073825503,37.59,-122.01,2.375
2.1211,26.0,4.508474576271187,33.89,-118.22,1.381
4.6333,27.0,5.177152317880795,37.33,-121.83,1.736
3.875,28.0,5.767123287671233,34.1,-117.67,1.74
1.8022,9.0,4.357142857142857,34.1,-117.27,0.78
4.6705,19.0,6.3225030084235865,35.36,-119.07,1.107
3.567,52.0,4.550632911392405,37.76,-122.25,2.529
4.7468,37.0,6.572748267898383,36.88,-121.96,2.944
3.2215,8.0,6.2686711930164885,34.45,-117.27,1.088
1.5603,52.0,3.5542168674698793,33.78,-118.18,1.625
5.0962,17.0,6.063551401869159,34.28,-118.68,2.38
4.3571,20.0,6.212765957446808,37.96,-122.1,2.282
3.0556,18.0,5.473958333333333,40.4,-122.23,0.955
2.9896,20.0,4.518134715025907,32.78,-117.01,2.356
1.2083,39.0,5.219512195121951,33.9,-118.24,0.926
3.5096,33.0,4.921259842519685,37.74,-121.44,1.417
3.375,33.0,3.732456140350877,34.08,-118.17,1.475
5.5413,26.0,6.568421052631579,32.81,-117.21,3.021
1.5161,28.0,3.904862579281184,33.91,-118.22,1.032
4.95,24.0,6.223642172523961,38.24,-122.65,2.436
2.6392,21.0,6.221631205673759,38.76,-120.76,1.485
4.7222,30.0,6.424691358024691,38.67,-121.79,1.672
5.8964,36.0,5.932489451476793,37.51,-122.27,4.148
4.0764,32.0,4.979716024340771,34.16,-118.36,3.25
1.9881,37.0,3.600790513833992,34.09,-118.21,1.592
4.8229,23.0,6.351618705035971,34.12,-117.81,1.926
1.8007,37.0,4.93705035971223,38.53,-121.46,0.654
3.1375,31.0,5.25,38.32,-122.48,1.921
3.4792,13.0,4.914163090128755,32.58,-117.06,1.076
1.87,38.0,2.8222222222222224,34.07,-118.27,1.708
3.5208,33.0,5.036585365853658,38.59,-122.58,1.958
4.57,18.0,6.789634146341464,32.9,-116.52,1.899
2.3,42.0,5.285266457680251,33.96,-118.33,1.892
1.89,49.0,5.221476510067114,34.03,-118.35,1.24
4.2531,17.0,4.437443336355394,37.32,-121.98,2.798
3.7266,16.0,4.702564102564103,38.47,-122.73,1.565
4.6394,22.0,6.806691449814126,38.66,-121.07,1.734
1.9063,13.0,3.453125,33.97,-118.16,1.75
4.3333,35.0,6.00709219858156,33.88,-117.94,2.393
1.5491,9.0,5.641833810888252,34.13,-116.35,0.623
4.504,28.0,6.362433862433862,34.24,-118.7,2.043
3.8393,52.0,4.721649484536083,34.12,-118.26,2.382
4.875,28.0,6.5513918629550325,38.63,-121.36,1.464
4.8523,36.0,5.620087336244541,33.93,-117.99,1.758
2.2328,52.0,3.665148063781321,37.75,-122.42,2.5
3.5,7.0,3.8897196261682243,34.21,-118.46,1.869
4.9429,28.0,5.839679358717435,33.8,-117.94,2.548
3.575,35.0,5.373263888888889,38.71,-121.28,1.135
4.6875,36.0,5.663265306122449,33.81,-118.12,2.507
3.1149,45.0,3.715025906735751,33.77,-118.17,2.188
2.7202,31.0,4.684466019417476,33.99,-118.1,1.903
2.212,10.0,5.207762557077626,40.67,-122.38,0.656
1.3333,19.0,3.3161764705882355,34.03,-118.48,3.1
4.7932,22.0,5.29665071770335,34.28,-118.38,1.663
3.1389,23.0,4.052013422818792,32.75,-117.23,1.018
2.1458,30.0,5.153184165232358,35.62,-117.68,0.524
0.7591,16.0,3.42,33.74,-118.28,3.5
6.1504,16.0,6.935229067930489,33.86,-117.78,2.66
2.875,40.0,4.468822170900693,33.92,-118.29,1.202
4.1062,52.0,4.611111111111111,34.42,-119.71,2.529
5.9175,19.0,7.141566265060241,36.78,-121.71,2.402
2.5227,30.0,4.341121495327103,34.07,-118.26,1.875
5.9397,26.0,6.957142857142857,33.82,-117.87,2.494
2.2222,46.0,4.909385113268608,37.73,-122.39,1.951
3.2368,44.0,5.264840182648402,36.98,-122.02,2.125
1.3904,30.0,3.919753086419753,40.44,-122.29,0.481
3.7045,33.0,5.296774193548387,38.32,-122.31,1.615
2.8472,35.0,4.399361022364217,32.83,-117.2,1.614
2.2368,7.0,4.43313373253493,33.37,-117.26,1.546
3.1864,28.0,3.845061329890252,37.47,-122.22,2.728
3.1534,19.0,5.35251798561151,33.86,-117.87,3.244
3.0568,41.0,4.868243243243243,36.77,-119.82,0.713
6.4223,52.0,6.340163934426229,34.18,-118.13,3.109
3.425,28.0,4.841726618705036,33.75,-117.9,1.595
5.1202,30.0,6.170662905500706,38.02,-121.34,1.338
5.0159,6.0,6.5582329317269075,38.68,-121.15,1.896
5.7871,24.0,6.184294871794871,33.61,-117.67,2.274
2.9315,46.0,5.1352657004830915,33.98,-118.34,1.49
3.4323,41.0,3.9322033898305087,33.94,-118.22,1.446
1.5394,40.0,3.481113320079523,33.74,-118.28,2.0
2.6667,52.0,4.68,37.76,-122.41,3.25
2.101,51.0,5.311111111111111,36.73,-119.81,0.567
3.2361,35.0,6.472027972027972,38.69,-121.37,0.84
3.0395,35.0,3.797909407665505,34.19,-118.4,1.913
2.2174,38.0,3.517175572519084,34.16,-118.14,2.154
3.0043,6.0,5.724757952973721,33.71,-117.02,1.347
3.25,42.0,3.413114754098361,37.35,-121.9,1.853
7.1381,7.0,7.424698795180723,34.61,-118.17,2.922
2.8971,50.0,5.507462686567164,34.03,-118.32,1.278
2.6623,32.0,5.116083916083916,38.63,-121.37,1.207
7.2025,9.0,6.324675324675325,33.67,-117.81,2.75
3.2976,49.0,5.617283950617284,34.15,-117.29,1.026
2.625,20.0,6.315789473684211,37.73,-122.38,1.875
2.2448,20.0,5.084033613445378,36.7,-119.54,0.589
3.25,52.0,4.324561403508772,34.13,-118.21,2.142
2.3333,44.0,4.689102564102564,33.94,-118.25,0.998
5.5,16.0,5.097323600973236,33.66,-117.94,2.241
2.0042,47.0,4.875739644970414,34.02,-118.32,1.142
3.1304,42.0,4.073717948717949,34.0,-118.47,3.405
3.6591,36.0,5.2077393075356415,34.22,-118.4,1.838
3.5417,20.0,6.645320197044335,39.95,-120.9,0.966
7.3588,16.0,7.447916666666667,37.65,-121.77,3.275
3.9333,37.0,4.357558139534884,33.91,-118.17,1.623
4.5395,21.0,5.866253321523472,33.84,-118.04,2.56
2.5357,33.0,5.585106382978723,34.0,-117.06,0.944
3.8516,37.0,5.492957746478873,34.19,-118.52,2.069
2.5224,39.0,4.110970996216897,36.67,-121.61,1.192
3.6591,52.0,4.9319066147859925,37.84,-122.25,2.992
3.038,17.0,4.54228855721393,34.42,-118.47,2.385
2.2743,38.0,4.021419009370817,34.95,-120.44,1.064
1.375,26.0,3.6758104738154613,39.13,-123.2,0.844
2.7143,38.0,3.2845744680851063,34.0,-118.47,2.875
5.084,44.0,5.678445229681979,33.87,-118.14,2.141
2.7434,11.0,4.622478386167147,38.36,-121.96,2.188
3.6031,52.0,3.7025920873124147,37.77,-122.43,2.75
5.0198,9.0,6.696378830083566,34.35,-117.31,1.519
4.9984,12.0,6.18805765271105,33.95,-117.51,1.691
3.3661,31.0,5.58648111332008,38.05,-121.98,0.985
7.1845,40.0,5.619047619047619,33.89,-118.39,4.381
7.167,20.0,7.72865275142315,34.26,-118.59,3.571
1.7167,24.0,5.4,39.1,-121.59,0.488
5.102,15.0,6.534988713318285,32.85,-117.19,4.175
1.375,52.0,2.697247706422018,37.77,-122.42,3.125
2.7386,12.0,5.305160142348755,33.21,-117.34,2.161
4.4196,37.0,6.608465608465608,33.83,-118.11,2.231
6.1628,31.0,6.993464052287582,32.77,-117.08,2.192
2.5737,46.0,5.528795811518324,38.02,-121.88,0.87
7.0598,25.0,6.965986394557823,34.31,-118.49,3.563
6.8773,18.0,6.570539419087137,37.11,-121.75,4.677
3.4872,18.0,5.408759124087592,38.69,-120.85,1.414
2.087,33.0,6.1419753086419755,40.12,-123.82,0.824
4.9107,34.0,5.585365853658536,33.91,-118.13,2.22
2.6696,19.0,5.153846153846154,37.98,-120.4,1.212
4.2292,36.0,5.76678445229682,33.95,-118.02,1.795
6.5474,29.0,7.090909090909091,34.19,-118.86,4.229
3.0294,31.0,4.706161137440758,36.52,-119.55,0.702
3.6394,32.0,5.4655172413793105,34.09,-117.48,0.992
3.0469,16.0,5.764227642276423,39.79,-122.25,0.722
2.4211,20.0,3.8445440956651717,33.73,-117.84,1.75
0.8702,11.0,3.7172619047619047,34.02,-118.33,1.705
2.5,15.0,4.581967213114754,37.99,-121.33,1.759
3.2308,39.0,4.478036175710594,34.03,-118.43,3.408
3.4505,30.0,4.531553398058253,37.29,-121.95,2.6
1.9083,42.0,3.88855421686747,34.05,-118.19,1.192
4.7143,35.0,6.103092783505154,37.65,-122.09,1.938
1.6521,36.0,4.068476977567887,38.52,-121.44,0.697
6.148,34.0,6.218954248366013,33.97,-118.02,3.138
3.3534,26.0,6.087096774193548,34.13,-117.24,0.989
5.0254,36.0,5.774193548387097,33.79,-118.34,3.5
4.7813,30.0,5.95249406175772,33.94,-117.92,1.982
3.5714,4.0,5.9640287769784175,37.98,-120.35,1.495
3.045,9.0,6.475113122171946,39.2,-121.12,1.704
5.035,15.0,5.647887323943662,34.19,-119.21,2.429
3.4265,36.0,4.843971631205674,38.0,-121.12,1.589
1.2614,42.0,3.729641693811075,32.71,-117.13,0.875
2.3912,34.0,5.652960526315789,35.16,-119.45,0.529
2.8333,37.0,5.561320754716981,39.51,-122.2,0.697
3.6028,33.0,5.06015037593985,33.93,-118.02,1.847
4.0379,34.0,5.275862068965517,33.98,-118.05,1.728
4.1597,22.0,5.678125,37.66,-121.86,2.932
2.9054,44.0,5.206185567010309,38.31,-122.27,1.552
3.7583,37.0,5.6610978520286395,32.63,-117.07,1.455
3.6875,36.0,5.327526132404182,33.99,-118.1,1.752
3.4375,42.0,4.949275362318841,34.13,-117.97,1.517
1.8333,52.0,3.1555555555555554,34.03,-118.24,3.125
3.3478,42.0,5.795081967213115,37.69,-122.08,1.849
4.0536,13.0,5.54601226993865,38.34,-121.98,1.348
2.7236,19.0,5.77208480565371,38.36,-120.69,1.099
2.5652,17.0,3.1608040201005023,37.32,-121.83,1.653
2.5444,30.0,4.847953216374269,37.79,-122.28,2.75
5.1021,27.0,5.779582366589327,37.97,-122.0,2.028
4.375,25.0,6.566666666666666,32.75,-116.98,2.14
3.0938,46.0,5.371428571428571,38.56,-121.43,1.378
1.2232,31.0,4.405882352941177,35.36,-118.99,0.493
5.0249,5.0,7.024615384615385,33.22,-117.27,1.967
5.1515,17.0,5.183839479392625,34.02,-118.11,3.189
4.1293,3.0,5.221153846153846,32.87,-115.6,0.832
4.226,11.0,3.718840579710145,37.33,-121.9,1.667
3.9755,16.0,4.802,34.09,-117.59,1.204
1.9417,35.0,4.78743961352657,35.33,-119.0,0.538
3.2121,42.0,4.171957671957672,34.1,-118.19,1.539
2.9621,52.0,3.9790794979079496,34.08,-118.36,1.75
1.8664,30.0,3.392857142857143,37.96,-122.36,1.078
3.7361,45.0,5.233333333333333,33.94,-118.2,1.718
5.3261,38.0,6.267515923566879,37.53,-122.3,3.768
4.2708,27.0,6.289544235924933,32.83,-117.18,1.828
3.0924,14.0,7.762987012987013,37.29,-119.56,1.146
4.9844,23.0,6.967213114754099,33.08,-117.08,2.491
3.75,32.0,5.393103448275862,33.75,-117.97,1.904
5.0385,27.0,5.541095890410959,37.28,-121.97,2.773
1.8429,18.0,4.359797297297297,36.54,-119.29,0.583
2.8393,35.0,4.30188679245283,34.0,-118.41,2.72
1.179,23.0,2.3887973640856672,34.42,-119.86,2.25
4.9022,35.0,5.482332155477032,37.99,-122.03,1.693
6.712,15.0,7.844290657439446,32.96,-117.13,2.402
3.475,6.0,6.352941176470588,33.53,-117.19,1.875
2.9571,28.0,5.215759849906191,38.48,-121.45,1.031
1.0513,35.0,2.9515570934256057,36.74,-119.79,0.396
5.7628,16.0,5.6911764705882355,34.22,-117.38,2.213
3.4643,46.0,5.26875,33.96,-118.31,1.363
3.9091,19.0,3.557377049180328,37.4,-122.1,2.76
6.1896,19.0,5.922981366459627,37.5,-122.53,3.311
4.9531,47.0,5.884097035040432,33.99,-118.35,1.801
1.9038,39.0,3.77734375,33.91,-118.26,0.931
1.8971,41.0,5.261333333333333,36.76,-119.82,0.669
4.7875,19.0,6.007005253940456,34.76,-118.28,1.636
4.09,44.0,4.719424460431655,34.27,-119.27,2.038
2.5275,27.0,4.246653919694072,34.14,-117.96,1.517
3.2024,43.0,4.911421911421911,33.84,-118.14,3.394
3.2095,50.0,4.390334572490707,34.29,-118.43,1.67
3.4643,29.0,6.354978354978355,37.54,-120.96,1.25
3.3571,17.0,6.083333333333333,34.06,-117.38,1.123
1.3587,20.0,4.311345646437995,35.41,-119.04,0.675
3.244,7.0,6.220820189274448,33.6,-117.02,3.372
2.6397,23.0,4.098550724637681,34.39,-119.52,2.5
4.9335,13.0,6.719399538106235,33.23,-117.11,2.981
5.3209,26.0,5.765432098765432,34.44,-118.52,1.85
3.233,32.0,5.751497005988024,34.39,-119.51,3.46
5.5275,22.0,6.429752066115703,34.26,-119.18,2.289
3.1373,52.0,4.627450980392157,38.05,-122.16,1.851
1.3906,38.0,5.403846153846154,34.06,-117.12,1.208
3.3693,30.0,5.471092077087794,35.03,-117.82,0.718
2.375,36.0,2.3333333333333335,34.03,-118.06,1.75
3.9537,17.0,6.013461538461539,39.25,-121.06,1.728
1.2171,52.0,4.5625,37.82,-122.28,0.803
5.308,33.0,5.712250712250713,34.44,-119.15,2.979
2.0682,34.0,3.844690966719493,34.35,-119.06,1.583
2.5662,31.0,3.973579920739762,32.67,-117.08,1.182
5.2848,29.0,5.452586206896552,37.67,-122.49,2.603
2.8289,15.0,3.3503937007874014,33.76,-117.86,1.175
4.5714,26.0,5.044444444444444,33.81,-117.94,2.432
3.0938,6.0,4.979679144385027,35.41,-118.9,1.008
2.7201,52.0,4.939338235294118,34.17,-118.14,2.057
3.1333,30.0,5.925531914893617,36.51,-119.65,1.0
2.2232,48.0,3.3209606986899565,34.04,-118.28,1.625
6.155,16.0,6.998316498316498,33.92,-117.58,2.464
5.2249,39.0,7.064425770308123,34.12,-118.04,4.452
4.4545,24.0,4.497607655502392,33.76,-117.98,1.925
2.8906,16.0,5.413043478260869,32.85,-116.89,1.583
3.7614,25.0,4.540792540792541,33.93,-118.15,2.559
2.5388,12.0,4.508816120906801,36.98,-120.07,0.596
1.7411,52.0,5.435540069686411,38.11,-122.26,0.984
2.6406,32.0,3.8786610878661087,33.87,-118.16,1.567
1.7708,22.0,4.367662203913492,36.82,-119.78,0.535
1.4688,44.0,3.6424870466321244,37.94,-121.28,0.568
3.0,14.0,3.45422943221321,34.15,-118.26,1.786
5.0779,34.0,5.487179487179487,37.93,-122.52,3.339
3.0859,13.0,4.497902097902098,37.95,-121.96,1.678
1.9375,35.0,4.386252045826514,37.94,-121.28,0.567
3.495,35.0,4.956521739130435,34.08,-117.64,1.18
2.6722,32.0,5.339189189189189,37.67,-121.02,1.115
3.7049,23.0,5.239644970414201,36.84,-121.41,1.922
2.0817,35.0,4.481481481481482,33.9,-118.21,1.046
2.8562,12.0,5.7824933687002655,38.83,-120.87,1.282
3.3333,11.0,6.410396716826265,33.67,-116.31,0.918
7.6632,28.0,7.819905213270142,33.95,-117.35,2.048
1.9612,32.0,4.343220338983051,35.37,-118.96,0.534
3.8125,31.0,5.005797101449275,32.8,-117.12,1.663
4.575,16.0,4.690987124463519,33.77,-117.85,2.25
3.7969,14.0,5.105603448275862,33.91,-118.09,1.594
6.2871,26.0,7.009174311926605,33.45,-117.64,3.255
2.9821,19.0,5.278947368421052,38.24,-120.79,0.904
1.6333,37.0,3.67032967032967,33.94,-118.25,0.945
2.8229,52.0,3.6897590361445785,37.8,-122.41,3.75
1.59,49.0,4.39186295503212,37.63,-121.0,0.809
3.0375,26.0,6.147909967845659,36.37,-119.55,1.263
2.6491,5.0,4.482367758186398,33.84,-118.31,2.167
3.9018,35.0,5.651356993736952,34.16,-117.25,0.915
2.1116,52.0,4.419249592169657,34.0,-118.31,1.225
6.5842,35.0,5.762658227848101,33.62,-117.92,4.585
3.369,30.0,4.378830083565459,33.76,-117.99,1.909
5.31,15.0,7.1680851063829785,38.57,-121.32,1.275
3.8864,27.0,5.163398692810458,32.73,-117.11,1.326
2.2244,24.0,4.491408934707904,38.43,-121.83,0.981
3.375,26.0,5.3694915254237285,38.33,-122.7,1.563
0.6433,24.0,3.725663716814159,32.71,-117.12,1.113
5.2416,37.0,5.349081364829396,33.62,-117.92,4.713
3.6932,18.0,3.7404214559386975,37.71,-122.14,1.668
5.0641,31.0,5.315589353612167,33.87,-118.3,2.349
2.1038,24.0,5.015945330296128,36.3,-119.77,0.62
2.425,16.0,5.08,33.86,-116.08,0.761
5.5073,6.0,4.749585406301824,34.45,-119.75,2.638
0.8012,28.0,5.283950617283951,37.75,-122.19,0.818
5.1024,28.0,5.210743801652892,33.46,-117.66,3.127
4.5491,34.0,7.397058823529412,34.36,-118.29,3.75
4.2716,9.0,5.7895569620253164,38.53,-122.78,2.508
4.615,36.0,5.566197183098591,33.95,-118.04,1.74
3.7578,33.0,4.554858934169279,34.03,-117.95,1.558
4.1029,33.0,4.9125,32.58,-117.1,1.227
4.1279,17.0,5.001253132832081,34.17,-119.16,2.239
7.1262,27.0,7.012727272727273,34.22,-118.31,4.462
2.0096,22.0,4.027027027027027,33.9,-118.26,1.107
4.4312,26.0,5.6608187134502925,37.92,-122.07,2.25
3.4327,35.0,5.883333333333334,34.69,-118.14,1.003
2.6782,24.0,2.569487983281087,37.79,-122.43,4.5
2.3105,26.0,2.778265642151482,34.07,-118.31,1.667
7.2812,34.0,7.135652173913043,34.22,-118.27,4.622
4.2028,38.0,5.544747081712062,37.38,-122.04,2.736
3.6161,9.0,5.490079365079365,33.8,-116.45,0.991
1.858,23.0,3.9012048192771083,32.64,-117.11,0.675
3.6486,25.0,3.699513381995134,34.16,-118.34,2.469
3.8846,40.0,5.647887323943662,38.4,-122.82,2.159
1.9962,28.0,5.15633423180593,35.35,-117.84,0.508
2.02,22.0,3.933085501858736,38.95,-119.95,0.875
4.99,50.0,5.929701230228471,34.17,-118.11,2.616
3.4107,26.0,5.815384615384615,38.05,-121.27,0.828
6.3427,15.0,8.166666666666666,33.71,-117.9,3.052
3.375,25.0,4.194174757281553,37.96,-122.32,1.337
4.5401,28.0,5.544388609715243,37.99,-122.07,1.669
3.0461,40.0,4.007473841554559,34.11,-118.29,2.643
3.2941,9.0,6.213207547169811,34.49,-117.34,0.983
1.6944,28.0,4.210027100271002,35.5,-119.28,0.586
2.9327,42.0,4.7270531400966185,34.18,-118.39,2.402
3.7143,49.0,6.201086956521739,38.53,-122.94,1.488
2.7955,23.0,5.442424242424242,38.69,-122.03,0.963
1.8625,40.0,2.4220532319391634,34.06,-118.26,1.313
2.885,9.0,5.323108384458077,33.71,-117.82,1.625
1.8238,14.0,4.606635071090047,38.95,-121.11,1.586
1.7311,33.0,3.8828522920203734,38.55,-121.74,1.826
3.1654,25.0,5.267605633802817,38.6,-121.28,1.116
3.6488,21.0,4.153649167733675,34.02,-118.42,3.408
5.5983,24.0,7.266816143497758,34.27,-118.75,2.333
2.125,41.0,4.782608695652174,33.89,-118.22,1.202
3.7459,33.0,5.198821796759941,34.01,-117.97,1.529
2.0595,20.0,4.712871287128713,36.98,-120.63,0.613
2.8906,33.0,4.3408284023668635,33.89,-118.13,2.049
2.4006,24.0,5.700507614213198,36.6,-119.81,0.764
6.1183,49.0,5.869565217391305,37.82,-122.29,0.75
2.0398,46.0,4.911528150134048,37.96,-121.32,0.881
2.7138,8.0,6.931897150799166,35.43,-116.57,0.225
3.6761,20.0,4.474714518760195,34.27,-118.78,1.709
4.0125,29.0,5.720268006700167,35.44,-119.02,0.844
3.6583,37.0,3.625,33.96,-118.36,1.773
3.662,8.0,6.619926199261992,34.48,-117.27,1.653
1.4732,28.0,4.96078431372549,38.03,-121.16,1.563
1.6708,43.0,3.324766355140187,37.34,-121.89,2.042
2.1979,46.0,4.174863387978142,34.02,-118.33,1.257
3.0147,52.0,6.7407407407407405,40.54,-124.35,0.946
2.6979,19.0,4.901015228426396,33.18,-117.37,2.667
5.3561,29.0,5.337349397590361,37.27,-121.98,2.989
2.5637,37.0,3.748129675810474,33.98,-118.25,1.25
3.9,52.0,4.848189415041783,37.82,-122.24,2.757
5.299,12.0,7.214932126696833,34.91,-120.44,2.268
3.1875,13.0,7.216165413533835,38.02,-120.27,0.998
2.875,44.0,6.08,39.34,-122.05,0.615
2.0044,30.0,2.2844932844932844,34.09,-118.32,2.125
3.2,20.0,4.4081196581196584,34.07,-117.97,1.571
2.5643,32.0,6.164904862579281,37.78,-121.04,2.0
3.7917,35.0,5.0,33.91,-118.12,1.839
4.119,28.0,5.0756143667296785,33.86,-118.37,3.24
3.3375,39.0,4.738831615120275,33.9,-118.14,1.801
3.2798,45.0,5.173387096774194,33.92,-118.2,1.412
2.5852,38.0,4.346153846153846,34.02,-118.13,1.851
3.2484,16.0,4.339915373765868,38.0,-122.04,0.911
2.4911,35.0,4.506702412868632,34.07,-117.99,1.459
7.5488,25.0,7.550403225806452,33.6,-117.66,2.781
2.6648,39.0,5.598705501618123,36.4,-119.18,1.292
2.8818,50.0,5.2026143790849675,34.1,-117.77,1.672
3.0455,48.0,5.230366492146596,33.98,-118.3,1.024
5.6163,27.0,6.515669515669516,33.83,-117.87,2.31
3.5865,52.0,5.650485436893204,37.78,-122.48,3.114
1.5739,16.0,5.914572864321608,38.87,-122.64,0.735
2.6133,49.0,5.163755458515284,38.11,-122.25,1.031
5.1463,35.0,6.257028112449799,34.2,-118.58,2.202
3.7479,17.0,5.084084084084084,33.69,-117.99,2.13
5.0195,19.0,6.0234657039711195,33.18,-117.24,2.002
5.7457,24.0,6.732793522267206,33.89,-117.85,2.406
5.5709,31.0,6.72108843537415,34.21,-118.63,2.448
4.2566,16.0,4.819444444444445,33.74,-117.97,1.392
3.1975,24.0,4.218608852755194,34.1,-118.13,2.524
3.9219,15.0,4.466666666666667,33.74,-117.93,1.426
3.455,34.0,4.415233415233415,38.31,-122.3,1.375
5.4949,32.0,5.7734976887519265,37.38,-121.82,3.308
3.4722,34.0,5.114457831325301,34.04,-117.98,1.546
1.95,50.0,4.814814814814815,34.0,-118.32,1.126
2.7543,15.0,3.9331797235023043,33.64,-117.93,1.778
2.1544,26.0,4.402409638554217,36.79,-119.76,0.728
4.1467,52.0,5.6891891891891895,38.55,-121.48,1.75
6.0265,32.0,6.4066985645933014,37.95,-122.09,2.479
5.8322,15.0,5.74015748031496,37.39,-121.85,2.766
1.9387,30.0,3.655294117647059,33.79,-118.19,1.417
5.9316,20.0,6.5606060606060606,34.24,-119.04,3.119
2.3641,30.0,3.9642058165548097,32.74,-117.1,0.941
6.6827,13.0,6.916606757728253,37.7,-121.86,3.137
3.8472,33.0,5.033690658499235,34.05,-118.15,2.933
6.0286,44.0,6.390070921985815,33.96,-118.41,3.56
2.7118,25.0,3.8410041841004183,34.2,-118.47,2.817
4.0283,35.0,4.436823104693141,34.05,-118.39,4.125
4.0677,36.0,5.525925925925926,33.98,-118.08,1.658
4.3644,19.0,5.854783207157605,38.56,-121.39,1.374
2.0292,18.0,4.402750491159136,35.11,-120.62,1.558
2.037,42.0,4.497175141242938,33.96,-118.27,0.926
6.925,18.0,7.902004454342984,33.78,-117.8,2.903
5.282,31.0,6.227848101265823,32.79,-117.14,1.83
2.7222,36.0,4.297551789077213,32.75,-117.18,2.847
3.925,37.0,5.4672897196261685,37.35,-121.96,2.513
4.9743,19.0,5.412935323383085,33.9,-117.9,1.935
2.8058,47.0,3.5497237569060776,37.48,-122.22,2.295
3.9875,32.0,5.392241379310345,33.2,-117.35,1.429
4.475,32.0,3.923512747875354,37.66,-122.41,2.467
4.2407,39.0,4.769369369369369,37.57,-122.34,4.338
3.3725,16.0,3.9818031430934657,34.07,-118.38,3.75
6.1493,16.0,6.365313653136531,33.62,-117.66,2.578
2.0043,36.0,5.264150943396227,37.97,-121.33,0.908
1.0353,19.0,2.1555555555555554,32.75,-117.14,1.5
1.6071,27.0,4.190476190476191,36.97,-120.07,0.55
2.3,52.0,3.5942028985507246,38.1,-122.25,1.094
7.0113,16.0,6.6861702127659575,33.85,-118.07,3.197
1.8365,43.0,4.419512195121952,32.79,-117.25,3.286
6.3842,17.0,7.933660933660934,34.13,-117.66,3.071
2.8958,21.0,7.824561403508772,38.0,-121.25,1.35
7.9627,8.0,8.234463276836157,34.13,-117.69,3.454
2.6328,11.0,4.1294387170675835,33.89,-118.17,1.607
4.625,48.0,5.152631578947369,33.75,-118.3,2.734
5.6945,36.0,6.191489361702128,37.59,-120.59,1.542
5.6949,21.0,6.402208201892744,34.28,-118.67,2.353
2.9453,37.0,5.693593314763231,35.38,-119.11,0.828
2.2161,20.0,4.846965699208443,33.74,-116.97,0.769
2.1471,26.0,4.52924791086351,34.38,-119.86,1.875
5.5446,28.0,6.092057761732852,33.78,-118.02,2.289
5.0951,33.0,5.526448362720403,33.8,-118.34,3.189
4.2135,36.0,5.886363636363637,33.87,-118.2,1.614
4.6905,52.0,5.751173708920188,37.98,-122.58,3.163
4.4519,26.0,5.722397476340694,38.61,-121.29,1.105
5.6169,35.0,5.308139534883721,33.97,-118.4,4.112
4.7734,41.0,6.572549019607843,34.21,-118.21,4.508
4.6563,16.0,6.093457943925234,34.04,-117.67,1.62
4.5446,36.0,6.437299035369775,33.96,-118.02,2.447
2.1571,48.0,6.118483412322274,34.84,-114.61,0.486
3.6417,28.0,4.63943161634103,33.88,-117.87,2.043
2.6364,36.0,4.02,33.97,-118.14,1.5
2.1406,45.0,3.1987951807228914,34.06,-118.05,1.625
4.6477,36.0,5.570019723865878,33.86,-117.94,1.947
3.1591,19.0,6.452132701421801,33.71,-116.91,1.897
3.1053,37.0,5.4476744186046515,38.08,-122.22,0.967
4.2885,16.0,5.71733771569433,37.25,-121.86,2.624
3.9118,46.0,4.868525896414343,37.96,-122.33,1.294
4.9167,33.0,6.454545454545454,38.25,-122.24,1.875
7.9393,8.0,6.870503597122302,37.74,-121.98,3.993
4.6184,36.0,5.760135135135135,33.95,-118.02,1.798
2.4048,33.0,3.951541850220264,34.04,-118.31,2.083
2.75,32.0,6.090301003344481,36.32,-119.25,0.722
4.2273,18.0,5.069252077562327,38.67,-121.26,1.418
4.3658,4.0,6.799092676604018,38.47,-121.4,1.306
5.0603,26.0,6.304,32.81,-117.17,1.857
2.25,10.0,5.428571428571429,39.1,-122.33,0.75
4.8173,25.0,6.160493827160494,34.04,-117.12,1.466
3.8203,43.0,5.8957654723127035,34.2,-118.16,1.76
5.357,28.0,5.3417190775681345,37.3,-122.0,3.552
3.1397,33.0,4.4,33.93,-118.1,1.668
3.0905,38.0,5.951648351648352,36.22,-119.34,0.782
5.76,37.0,6.041841004184101,34.26,-118.31,2.394
4.475,33.0,5.170731707317073,34.16,-118.45,3.148
7.8287,8.0,7.290032154340836,37.8,-121.94,3.692
3.4605,52.0,4.838235294117647,37.78,-122.46,4.417
1.3134,48.0,3.6625,34.02,-118.26,0.962
1.6607,30.0,4.043010752688172,32.79,-115.54,0.561
3.8646,38.0,5.302134646962233,34.1,-118.06,2.571
6.6633,10.0,6.289272030651341,37.33,-121.79,2.837
3.6187,34.0,4.4124748490945676,34.22,-118.54,2.116
2.5909,36.0,4.81858407079646,32.83,-117.2,1.76
1.9426,32.0,3.9579349904397705,38.58,-121.56,0.823
5.4188,10.0,6.266187050359712,33.48,-117.65,4.022
3.0862,35.0,4.6978967495219885,34.05,-118.37,3.453
2.4632,35.0,5.56043956043956,38.61,-121.39,1.569
2.0313,17.0,6.060728744939271,36.57,-119.97,0.694
5.5454,10.0,6.274220032840723,32.8,-117.18,2.171
3.3636,43.0,4.397394136807818,34.03,-118.37,1.409
5.2818,35.0,5.715909090909091,37.96,-122.52,3.31
2.0729,42.0,3.76890756302521,34.01,-118.09,1.141
3.5272,36.0,5.09556313993174,34.03,-118.11,2.137
3.9423,39.0,5.5096525096525095,37.15,-122.13,1.803
4.3919,46.0,4.915032679738562,33.97,-118.32,1.571
4.6005,37.0,6.0095238095238095,37.7,-122.06,2.316
3.6946,17.0,3.9053398058252426,33.89,-117.88,2.655
5.2444,33.0,6.753363228699552,38.31,-122.26,2.811
5.4067,26.0,6.005970149253732,32.85,-117.21,2.775
2.0303,40.0,4.925087108013937,37.94,-121.29,0.638
4.0792,34.0,5.19811320754717,34.26,-118.44,1.651
2.7262,12.0,5.665517241379311,38.48,-121.44,1.098
2.267,17.0,5.5271149674620395,40.89,-121.67,0.578
3.2314,31.0,4.622222222222222,34.17,-119.19,1.868
3.2984,50.0,5.78169014084507,37.78,-122.18,1.607
1.7303,24.0,4.612990527740189,33.78,-116.95,0.74
1.4635,43.0,4.662162162162162,36.75,-119.78,0.466
3.6125,33.0,5.196808510638298,33.95,-118.05,1.708
3.6417,43.0,4.827651515151516,37.91,-122.31,1.784
4.7266,38.0,6.104918032786885,33.98,-118.06,1.776
3.7857,5.0,4.199004975124378,33.66,-117.84,2.316
4.1264,15.0,5.539007092198582,33.95,-117.47,1.246
4.0227,19.0,5.950184501845018,36.77,-119.58,1.265
2.5938,18.0,4.470588235294118,38.34,-121.98,1.295
2.4,28.0,4.508403361344538,38.44,-122.73,1.462
4.0298,44.0,6.0476190476190474,36.32,-119.31,1.09
3.6518,25.0,4.806818181818182,37.98,-122.3,1.643
1.6452,35.0,3.7738589211618256,34.03,-118.36,1.259
2.6827,43.0,4.035294117647059,34.19,-118.34,2.199
3.6,19.0,5.24223602484472,34.1,-117.65,1.364
5.1626,40.0,6.067193675889328,33.83,-118.38,4.327
4.6953,18.0,7.051851851851852,38.77,-122.85,2.417
1.0585,26.0,4.3622795115332424,39.5,-121.55,0.451
7.143,22.0,7.127717391304348,38.56,-121.4,3.278
2.3147,38.0,3.2213225371120107,34.28,-119.29,1.925
5.9507,11.0,6.185872279700321,34.43,-118.37,2.252
3.1458,21.0,5.086666666666667,33.12,-117.07,1.877
3.2679,26.0,4.182795698924731,33.86,-118.08,2.365
4.025,16.0,4.90748031496063,38.0,-122.29,1.732
4.5625,20.0,6.202197802197802,36.78,-119.53,1.369
1.2083,22.0,4.00709219858156,32.79,-115.55,0.536
4.6154,35.0,6.204188481675392,32.78,-115.56,0.862
5.3254,24.0,7.216216216216216,33.7,-117.88,2.405
2.5562,42.0,4.161137440758294,37.87,-122.25,3.714
3.6286,52.0,5.591439688715953,36.63,-121.62,1.655
6.5069,4.0,6.062899786780384,33.68,-117.64,2.434
3.6378,17.0,5.432075471698113,37.81,-121.22,1.261
4.0223,34.0,4.0,37.39,-122.03,2.502
3.9261,12.0,5.657303370786517,35.63,-117.76,1.013
2.625,13.0,6.401486988847584,37.29,-119.6,1.375
2.3221,17.0,4.2465531224655315,32.79,-116.96,1.388
3.7611,12.0,5.390625,37.6,-120.92,1.231
4.2083,44.0,4.924050632911392,33.9,-118.08,1.683
2.2297,35.0,2.5810055865921786,33.95,-118.37,2.625
1.8088,35.0,5.609467455621302,37.81,-122.28,1.188
4.7105,3.0,3.7693144722524483,37.78,-122.39,2.75
1.3903,26.0,4.5015772870662465,33.2,-117.38,1.844
2.1864,17.0,5.818443804034582,40.05,-123.78,1.019
3.8125,43.0,6.1521739130434785,37.73,-122.14,2.351
2.9726,9.0,3.603448275862069,33.78,-117.95,1.338
2.8643,42.0,4.8273972602739725,34.13,-117.92,1.326
3.8936,13.0,4.12807881773399,37.26,-121.88,2.259
3.2917,19.0,6.182656826568266,36.69,-119.47,1.601
7.7752,23.0,7.638461538461539,33.81,-117.78,3.8
6.0857,5.0,6.208558371416701,32.93,-117.08,3.083
1.76,52.0,2.6363636363636362,38.31,-122.28,1.667
4.6389,34.0,5.664383561643835,33.8,-117.95,2.146
3.1517,22.0,3.62991452991453,34.09,-118.37,3.417
4.7891,22.0,6.025817555938038,32.85,-117.2,2.953
4.8542,17.0,6.537349397590361,38.0,-121.87,1.441
3.4612,29.0,5.0109289617486334,34.15,-118.39,4.25
3.0574,25.0,3.7658643326039387,34.03,-118.39,3.194
1.125,18.0,5.4875,38.64,-121.44,0.705
2.67,33.0,6.147887323943662,34.65,-118.1,1.875
2.8512,43.0,5.545774647887324,37.69,-122.08,1.81
2.5446,13.0,4.118918918918919,36.81,-119.69,0.938
1.9583,47.0,5.906976744186046,34.06,-117.76,0.926
4.05,21.0,4.471317829457364,33.76,-117.93,1.779
3.1513,35.0,4.756207674943567,33.93,-118.05,1.5
2.6715,35.0,5.06993006993007,32.57,-117.12,1.333
2.1667,10.0,6.038277511961723,39.82,-120.38,0.928
1.6902,41.0,4.3142292490118574,39.14,-121.62,0.615
2.811,15.0,6.485013623978202,35.56,-120.29,1.421
2.2138,47.0,5.3003003003003,40.87,-124.07,0.992
3.6852,3.0,5.698989898989899,35.3,-119.09,1.098
3.944,19.0,5.968565815324165,32.83,-116.93,1.725
2.64,45.0,4.847494553376906,37.93,-122.34,1.121
2.2245,29.0,4.965882352941176,38.51,-121.45,0.759
6.7821,16.0,7.516372795969773,37.95,-121.98,2.659
3.4286,31.0,5.658008658008658,32.84,-116.95,1.294
5.3062,16.0,6.572072072072072,32.93,-117.13,1.955
5.3707,7.0,6.443564356435644,38.27,-122.57,2.505
1.9732,32.0,4.989837398373984,36.99,-120.62,0.694
3.6587,32.0,5.524038461538462,39.16,-123.22,1.546
3.3929,31.0,6.951704545454546,37.21,-120.24,0.938
2.1094,29.0,4.0,32.76,-117.13,1.625
6.2048,23.0,7.304843304843305,37.73,-121.93,2.75
5.7858,9.0,5.498316498316498,33.68,-117.79,2.659
4.8703,37.0,4.854227405247814,34.21,-118.44,1.851
2.25,39.0,3.820441988950276,34.38,-119.69,2.813
2.1154,28.0,5.12156862745098,34.07,-117.18,0.753
3.0441,20.0,4.4932502596054,34.09,-117.91,1.854
3.5521,35.0,4.82532751091703,33.84,-117.89,1.828
3.0043,18.0,5.745424292845258,37.74,-120.95,1.565
4.5417,22.0,5.561101549053356,34.66,-120.44,1.424
4.675,36.0,5.09375,34.19,-118.55,2.225
3.5769,41.0,4.94,34.07,-118.16,1.357
5.8622,30.0,6.456164383561644,33.8,-117.83,2.21
6.2089,33.0,6.52924791086351,34.14,-117.86,2.834
1.7616,52.0,5.602150537634409,38.55,-121.46,0.841
2.943,52.0,4.206738131699847,37.78,-122.44,3.417
4.4628,26.0,6.059561128526646,34.65,-120.48,1.344
6.0,10.0,6.4498714652956295,38.85,-121.08,2.201
3.8615,26.0,4.993610223642173,32.61,-117.05,1.393
3.25,19.0,5.70945945945946,37.74,-120.91,1.767
4.9783,15.0,7.083601286173633,37.99,-121.87,1.639
2.9798,17.0,5.530487804878049,35.02,-120.48,2.048
2.7813,10.0,5.30478589420655,37.39,-119.66,1.241
4.7813,39.0,4.70935960591133,37.73,-122.44,2.755
3.9886,16.0,5.469613259668508,37.65,-120.97,1.375
2.9167,8.0,6.50251256281407,33.61,-116.48,1.153
1.933,52.0,4.0246913580246915,34.0,-118.31,1.2
4.1635,47.0,4.8541114058355435,33.97,-118.33,1.564
2.7316,16.0,5.226415094339623,37.25,-121.01,0.975
3.7313,13.0,4.696559503666102,34.21,-118.56,1.898
3.4722,40.0,4.944649446494465,37.66,-122.09,1.354
3.1927,21.0,3.6355871886121,37.66,-122.44,2.526
4.8816,38.0,5.7823529411764705,34.25,-118.38,2.315
5.883,52.0,6.21608040201005,37.82,-122.25,3.407
4.6111,45.0,5.355437665782493,33.84,-117.92,2.23
2.2768,42.0,4.088888888888889,32.78,-117.17,1.452
1.9028,36.0,3.2948717948717947,33.96,-118.22,1.642
2.2411,47.0,3.986175115207373,33.98,-118.28,0.93
7.732,18.0,7.26171875,34.15,-117.2,1.732
2.2788,28.0,4.792626728110599,32.63,-117.08,1.463
6.2034,22.0,6.532293986636971,38.21,-122.63,2.911
2.8542,34.0,3.8587786259541983,34.04,-118.19,1.469
4.325,37.0,5.074380165289257,33.81,-118.13,2.239
2.9405,24.0,3.7675879396984926,34.08,-118.14,2.178
5.2099,35.0,5.80327868852459,33.86,-117.95,1.914
4.275,36.0,5.576923076923077,37.66,-122.1,1.853
5.3506,33.0,5.3229571984435795,37.52,-122.29,3.881
0.8246,18.0,4.65,34.55,-117.32,0.917
4.1518,52.0,5.546583850931677,34.2,-118.15,1.821
2.1382,21.0,3.7083333333333335,33.73,-118.29,2.423
4.5375,34.0,5.381944444444445,34.23,-118.42,1.89
1.5774,31.0,5.391379310344828,40.14,-120.94,0.58
3.8583,52.0,5.085889570552148,37.71,-122.45,2.616
3.9792,16.0,5.838074398249453,36.81,-119.68,0.889
2.1062,26.0,3.6942148760330578,34.26,-118.42,1.364
3.3125,4.0,4.198209718670077,33.57,-117.7,1.385
2.4632,41.0,5.309352517985611,33.89,-118.25,1.117
4.1635,42.0,3.7222222222222223,33.95,-118.36,1.639
3.0472,26.0,3.5754527162977867,37.47,-122.21,2.11
2.6307,36.0,4.803571428571429,34.13,-117.31,0.664
1.933,30.0,4.295,37.66,-120.99,1.07
5.137,16.0,4.67296786389414,33.84,-118.39,3.486
3.6339,28.0,5.592074592074592,33.87,-118.07,2.201
3.183,33.0,4.132,33.97,-118.12,1.911
3.1875,11.0,5.286178861788618,38.67,-121.8,1.72
5.6149,34.0,6.552699228791774,34.25,-118.57,2.731
2.7159,44.0,5.1054545454545455,34.1,-117.65,1.393
5.8461,34.0,6.323529411764706,33.81,-117.94,2.274
2.7679,39.0,6.103448275862069,33.93,-118.21,1.089
3.5536,19.0,5.742599742599743,40.36,-120.71,1.057
3.5385,24.0,4.705483672211953,34.3,-119.29,1.868
4.875,31.0,4.104602510460251,33.9,-118.35,2.324
3.1921,27.0,3.957627118644068,32.74,-117.16,2.615
3.1932,51.0,5.3509933774834435,36.93,-122.0,4.0
3.2083,21.0,4.1502732240437155,33.87,-117.88,1.453
4.875,22.0,5.158986175115207,34.44,-119.82,2.954
2.0658,29.0,3.575438596491228,34.04,-118.31,2.146
4.4766,5.0,7.013544018058691,37.79,-121.22,1.694
1.9286,35.0,4.480662983425415,34.13,-117.31,0.685
2.5668,24.0,3.742523705324581,34.16,-118.25,2.8
5.3909,15.0,5.727626459143969,36.31,-119.33,1.13
2.29,50.0,3.6545454545454548,34.05,-118.2,1.218
2.4359,48.0,2.7782340862423,34.04,-118.29,1.237
3.7083,33.0,5.797687861271676,34.01,-117.97,1.655
5.7049,9.0,6.6995708154506435,34.66,-118.17,1.732
4.0417,34.0,7.040816326530612,37.96,-122.32,1.828
4.7,43.0,4.9748603351955305,34.44,-119.72,2.938
5.3698,20.0,5.34020618556701,38.6,-122.47,3.033
3.6437,2.0,3.319559228650138,37.78,-122.43,2.75
6.6112,31.0,6.758474576271187,38.51,-121.51,2.516
1.4767,16.0,5.504983388704319,38.93,-122.6,0.62
1.5909,27.0,5.327464788732394,36.31,-119.64,0.501
5.1163,19.0,6.225206611570248,34.44,-118.53,2.332
1.8417,13.0,4.770642201834862,38.92,-122.62,0.847
1.722,14.0,3.432791728212703,38.46,-122.73,1.5
4.005,48.0,5.702702702702703,34.05,-118.37,2.75
2.6734,31.0,3.705229793977813,33.74,-117.87,1.585
1.76,29.0,3.664335664335664,37.3,-120.5,0.632
3.7455,33.0,4.808510638297872,34.21,-118.37,1.596
2.2723,36.0,5.071161048689139,38.67,-121.37,0.788
2.754,28.0,3.564841498559078,33.97,-118.2,1.662
2.6705,26.0,6.185344827586207,40.55,-122.37,1.367
5.5105,26.0,6.7053941908713695,33.68,-117.97,2.321
3.1912,33.0,5.288753799392097,36.63,-121.93,3.198
2.0672,37.0,2.8308431163287087,34.1,-118.3,2.833
2.0109,15.0,7.124542124542124,33.4,-115.99,0.543
5.0871,36.0,5.081967213114754,37.39,-122.1,3.545
2.9437,27.0,4.920471281296024,34.1,-117.89,1.804
2.2604,21.0,4.176360225140713,32.76,-117.11,1.263
3.2964,5.0,5.344444444444444,38.68,-120.98,1.769
3.6587,45.0,5.343839541547278,34.16,-118.27,3.212
2.4875,27.0,3.4573002754820936,34.06,-118.03,1.578
1.9093,13.0,4.779327317473339,38.68,-121.33,1.429
3.7143,35.0,5.205882352941177,34.24,-118.43,1.787
2.625,20.0,5.953229398663697,36.27,-119.57,0.974
1.625,30.0,3.674766355140187,33.98,-118.27,1.015
1.875,15.0,5.327102803738318,37.53,-120.81,1.813
1.375,20.0,4.1,38.91,-122.71,0.55
1.6892,52.0,5.586956521739131,34.0,-118.31,1.291
3.1979,16.0,5.723374827109267,38.27,-121.99,1.375
3.2377,32.0,4.5215901302261825,34.15,-118.01,1.841
5.1765,34.0,6.784172661870503,37.29,-121.92,3.446
7.5112,23.0,7.280757097791798,34.14,-117.88,3.555
4.121,16.0,5.308527131782946,32.96,-117.03,1.821
6.1504,19.0,5.71045197740113,37.4,-121.86,2.684
3.6797,21.0,4.233418367346939,33.79,-118.32,2.711
3.9514,27.0,5.017804154302671,36.75,-119.72,0.869
3.2388,20.0,4.137791286727457,34.16,-118.39,2.563
3.8438,14.0,5.637305699481865,33.32,-117.03,2.438
3.4107,45.0,6.090047393364929,33.9,-118.23,1.125
1.8529,52.0,4.8808777429467085,40.8,-124.17,0.625
1.7014,37.0,2.932,34.04,-118.34,1.232
3.3482,41.0,4.078947368421052,34.03,-118.45,3.181
1.6331,34.0,2.283471837488458,34.09,-118.32,1.625
2.1776,35.0,4.545263157894737,32.67,-115.5,0.755
4.355,19.0,5.00989010989011,33.66,-118.01,4.292
2.9583,34.0,3.8108808290155443,34.18,-118.36,1.887
2.2981,52.0,5.867532467532468,37.97,-121.3,1.054
3.5521,17.0,3.9888392857142856,34.22,-118.37,1.515
5.3368,28.0,7.241558441558442,34.11,-117.65,2.335
2.976,52.0,4.743589743589744,34.1,-118.36,4.051
4.3194,40.0,4.73404255319149,33.92,-118.15,1.984
2.4922,21.0,3.430939226519337,36.61,-121.92,2.438
6.2971,13.0,6.25,34.42,-118.43,2.183
3.2123,17.0,4.946403385049365,38.14,-121.3,1.207
3.6742,24.0,3.7154850746268657,37.4,-122.09,2.75
2.6038,18.0,4.269230769230769,34.15,-118.13,1.556
2.1912,42.0,4.122093023255814,38.44,-122.7,1.65
2.7685,29.0,3.658252427184466,34.14,-118.27,2.045
2.0036,20.0,4.088541666666667,32.75,-117.1,0.992
2.0586,28.0,4.509433962264151,36.13,-119.13,0.409
2.8393,18.0,5.121165644171779,33.38,-117.23,1.732
3.0757,39.0,4.524663677130045,37.8,-122.21,1.51
5.5435,34.0,6.084507042253521,38.35,-122.0,1.36
3.8854,17.0,5.2555438225976765,37.04,-122.04,3.123
4.5694,27.0,4.706214689265536,33.95,-118.1,2.043
3.6429,42.0,5.246628131021194,37.78,-122.49,3.284
4.6364,37.0,5.636363636363637,33.97,-118.4,4.563
5.5238,34.0,5.335740072202166,33.92,-118.02,1.853
2.7308,31.0,4.47612551159618,34.0,-118.12,1.738
2.5991,28.0,3.489130434782609,32.76,-117.12,1.475
6.9021,33.0,5.520775623268698,33.87,-118.38,3.376
3.9,22.0,5.707838479809976,38.51,-121.55,1.469
2.8438,36.0,4.377431906614786,33.87,-117.92,1.625
2.1964,30.0,2.3439153439153437,33.93,-118.22,1.25
2.5183,15.0,5.487544483985765,38.71,-121.17,2.933
2.2122,30.0,3.478313253012048,33.97,-118.18,1.694
1.8333,48.0,5.72,38.54,-121.46,0.582
3.8506,22.0,4.944845699277741,33.76,-117.91,1.674
3.6953,26.0,3.9094890510948903,33.76,-117.9,1.768
3.2852,17.0,5.5353260869565215,37.33,-120.46,0.988
1.925,43.0,2.3435582822085887,34.08,-118.29,3.0
4.675,27.0,4.907725321888412,33.87,-118.38,3.169
1.9417,32.0,7.647058823529412,40.28,-124.25,0.761
3.1065,48.0,4.978947368421053,37.88,-122.29,2.292
4.9,5.0,5.215189873417722,33.6,-117.75,2.556
3.8056,21.0,5.881516587677726,34.47,-120.05,4.25
0.9782,41.0,3.953995157384988,37.98,-121.26,0.542
3.1312,19.0,4.137724550898204,36.91,-122.01,3.885
7.4046,47.0,7.031347962382445,34.18,-118.28,4.468
2.3036,35.0,4.62051282051282,37.79,-122.2,1.26
3.3906,52.0,5.583798882681564,37.86,-122.28,1.793
5.2088,52.0,5.76008064516129,37.73,-122.46,3.442
3.5022,24.0,3.7716763005780347,34.02,-118.41,2.813
2.2976,25.0,4.976923076923077,41.8,-123.38,0.544
3.025,44.0,4.4296875,33.86,-118.17,1.623
2.101,21.0,4.413793103448276,33.12,-115.51,0.467
4.0556,16.0,4.979779411764706,33.89,-117.51,1.58
4.2564,25.0,5.592105263157895,33.79,-117.81,2.046
3.6217,20.0,4.536184210526316,33.8,-118.06,1.953
3.1272,11.0,8.136,33.23,-117.14,2.813
3.5909,38.0,4.2630662020905925,34.02,-118.39,2.794
2.25,25.0,4.137404580152672,34.04,-118.37,3.333
5.5362,30.0,5.498666666666667,34.22,-118.25,3.012
1.8109,29.0,3.805223068552775,33.79,-118.19,1.375
2.0307,32.0,3.467716535433071,34.09,-118.3,2.267
2.1667,36.0,6.573099415204679,39.18,-121.43,0.938
3.3008,26.0,4.177777777777778,37.55,-122.01,2.242
2.7396,7.0,6.548076923076923,34.59,-117.92,1.256
4.8831,15.0,6.74512987012987,38.4,-121.38,1.544
1.8932,44.0,4.782608695652174,34.18,-118.16,1.361
2.2368,38.0,4.444444444444445,34.03,-118.36,1.2
3.4009,22.0,6.2148337595907925,37.76,-121.25,1.824
4.9808,42.0,5.424778761061947,33.93,-118.15,2.123
2.425,28.0,4.174025974025974,36.96,-122.03,2.161
3.6053,34.0,6.029227557411273,38.61,-121.38,1.486
2.6987,25.0,5.349295774647888,40.58,-124.14,0.925
3.9464,40.0,5.821428571428571,37.93,-122.32,1.869
5.144,27.0,5.041237113402062,33.85,-118.28,1.808
5.5631,4.0,5.486666666666666,33.71,-117.77,2.278
3.2667,17.0,6.225331369661267,37.82,-120.79,2.695
3.0,46.0,4.687096774193549,37.72,-122.47,2.467
1.6827,52.0,4.934725848563969,39.72,-121.83,0.787
4.2224,6.0,6.3992673992674,34.39,-117.27,1.257
6.7612,28.0,7.285714285714286,34.2,-118.85,3.237
1.758,17.0,3.141809290953545,32.72,-117.13,1.266
2.7115,52.0,3.7417943107221006,37.77,-122.27,2.208
3.067,11.0,5.659021406727828,36.83,-121.4,2.079
4.4821,5.0,6.05506329113924,38.1,-122.2,2.1
4.7222,20.0,5.164456233421751,34.04,-118.08,1.851
1.2091,39.0,4.282913165266106,33.95,-118.27,0.979
2.675,33.0,4.698412698412699,37.93,-122.32,0.225
1.6952,39.0,4.076323987538941,37.64,-120.98,0.65
3.1583,49.0,4.855585831062671,34.08,-118.12,2.682
4.3942,44.0,5.206896551724138,33.87,-118.14,2.195
2.625,51.0,5.387931034482759,38.56,-121.45,1.212
2.0242,52.0,5.672131147540983,38.55,-121.47,0.946
4.0114,52.0,6.5451263537906135,37.8,-122.19,2.634
3.375,48.0,4.790836653386454,34.05,-118.33,2.578
2.0174,20.0,4.146739130434782,35.26,-118.92,0.637
2.6424,18.0,5.405479452054794,39.37,-123.38,1.246
4.0398,23.0,5.154782608695652,33.77,-117.85,2.331
2.7159,45.0,5.306590257879656,37.77,-122.19,1.014
5.2155,36.0,5.791666666666667,33.82,-118.1,2.548
4.0417,37.0,6.432,37.68,-122.12,1.911
1.4565,20.0,3.3309352517985613,33.78,-118.18,1.525
3.875,44.0,4.7392638036809815,37.78,-122.44,4.125
6.3705,6.0,6.4594017094017095,37.67,-121.76,3.5
2.2222,39.0,4.233576642335766,37.66,-122.09,1.583
2.1875,19.0,4.197309417040358,33.21,-117.24,1.217
4.7188,52.0,7.068535825545172,37.76,-122.23,3.353
8.003,18.0,7.812339331619537,37.82,-121.98,3.513
5.1354,26.0,6.924623115577889,32.63,-117.04,1.816
3.622,36.0,4.968152866242038,33.92,-118.07,1.74
4.7386,21.0,5.7405405405405405,37.16,-121.72,3.941
4.875,40.0,5.181818181818182,33.91,-118.1,1.676
4.875,36.0,5.609561752988048,33.83,-118.1,2.225
5.5133,37.0,4.593220338983051,33.9,-118.34,2.273
1.9107,37.0,4.53954802259887,38.62,-121.44,0.647
2.3333,27.0,4.766666666666667,37.99,-121.26,0.875
1.2618,32.0,3.8304093567251463,35.39,-118.98,0.469
4.6369,44.0,4.553133514986376,33.74,-118.09,4.222
4.4167,40.0,4.973544973544974,33.9,-118.1,1.746
2.7788,27.0,5.124835742444152,38.61,-121.35,1.157
4.5833,36.0,5.627450980392157,33.77,-117.93,1.907
6.1805,32.0,7.526748971193416,38.04,-121.23,2.479
2.6598,50.0,4.803603603603603,36.85,-121.4,1.573
3.1051,23.0,3.7312889812889813,34.2,-118.33,2.065
1.7388,12.0,5.7688356164383565,33.94,-116.51,0.66
3.1667,52.0,4.136986301369863,37.35,-121.94,2.316
3.9508,6.0,5.8731884057971016,33.82,-116.46,1.042
3.1656,27.0,3.993710691823899,33.93,-118.36,2.045
1.7431,52.0,5.0398550724637685,34.95,-120.42,1.315
2.3421,35.0,3.356299212598425,33.99,-118.2,1.542
1.8681,42.0,4.377049180327869,34.1,-117.32,0.597
4.7625,35.0,5.303941908713693,37.63,-122.44,2.813
6.0176,36.0,5.808962264150943,33.82,-118.37,3.527
1.9167,36.0,7.506666666666667,37.75,-122.19,0.828
3.1475,28.0,4.393728222996516,34.06,-118.38,3.625
3.7361,16.0,5.022372528616025,33.62,-117.7,1.972
3.1679,21.0,5.080962800875273,33.62,-117.72,1.1
3.6333,7.0,7.2434554973821985,39.11,-121.05,1.702
3.494,31.0,4.508637236084453,34.05,-117.95,1.545
5.1755,14.0,6.38646967340591,37.77,-121.99,2.948
3.343,22.0,4.285714285714286,33.89,-117.87,1.846
3.6359,33.0,5.728194726166328,34.08,-117.75,1.351
2.9821,28.0,5.91480996068152,35.39,-119.03,1.187
2.098,21.0,5.110112359550562,38.65,-121.42,0.498
6.6458,31.0,5.965986394557823,34.28,-118.49,2.855
3.7361,5.0,6.202150537634409,34.41,-117.51,1.196
6.5954,17.0,7.683018867924528,33.44,-117.61,3.462
1.6829,7.0,4.736334405144695,36.31,-119.16,0.802
3.6581,51.0,4.990723562152134,37.72,-122.45,2.25
1.9792,47.0,4.816770186335404,34.0,-118.31,1.164
4.2321,30.0,5.1514423076923075,34.1,-118.05,2.522
3.1176,10.0,5.214452214452215,38.25,-122.02,1.265
6.4335,7.0,7.383081896551724,32.83,-117.08,2.606
2.9821,31.0,5.936619718309859,33.92,-117.5,1.156
2.2454,39.0,4.449111470113086,32.71,-117.07,0.896
3.5313,38.0,5.511864406779661,33.93,-118.2,1.465
6.5044,33.0,6.767241379310345,34.01,-118.36,3.504
1.7172,28.0,3.3714285714285714,33.72,-116.22,0.588
4.6028,18.0,6.31630648330059,32.99,-117.09,2.168
5.0123,35.0,5.451807228915663,34.09,-117.92,1.657
1.4702,41.0,4.564285714285714,38.54,-121.45,0.583
4.3278,8.0,5.843045843045843,38.36,-122.68,1.841
4.5469,28.0,6.197183098591549,33.83,-118.28,1.757
2.3333,31.0,3.9019607843137254,33.72,-117.86,1.577
2.3594,23.0,5.301818181818182,32.81,-115.37,0.743
4.5313,38.0,6.663043478260869,38.59,-121.38,1.894
4.8125,15.0,6.164179104477612,33.87,-117.32,1.739
5.5563,52.0,5.159663865546219,37.74,-122.41,2.508
4.6792,23.0,6.382716049382716,38.44,-122.82,3.047
4.1855,18.0,5.4519326065411295,37.76,-121.42,1.621
2.6298,40.0,3.4138655462184873,33.93,-118.36,1.565
3.3929,39.0,6.656626506024097,39.48,-121.79,0.821
5.6263,39.0,5.689280868385346,37.97,-122.54,3.521
1.9688,44.0,3.56140350877193,34.02,-118.16,1.739
2.9643,37.0,5.316326530612245,33.89,-118.25,1.032
5.036,52.0,5.256317689530686,37.3,-121.9,2.966
3.1389,35.0,4.813895781637717,38.25,-122.03,1.011
3.8125,49.0,4.473544973544974,33.77,-118.16,3.821
4.2143,22.0,6.425233644859813,38.84,-121.14,2.365
3.2868,21.0,5.944827586206896,37.04,-120.25,0.917
4.1964,14.0,6.297405189620759,38.31,-122.7,2.581
3.2321,20.0,5.3755458515283845,34.09,-117.66,1.625
4.3438,42.0,3.8598130841121496,34.16,-118.29,1.898
3.1534,20.0,5.444976076555024,38.83,-122.21,1.234
3.475,11.0,5.549222797927461,33.03,-116.9,1.672
2.5568,35.0,3.9853372434017595,34.01,-118.34,3.125
2.0978,52.0,4.215189873417722,37.83,-122.26,1.554
2.6607,9.0,3.876923076923077,38.46,-122.74,0.915
4.4602,14.0,5.836215666327568,38.57,-121.34,1.345
7.8915,3.0,7.7997557997558,33.53,-117.73,4.206
5.3735,22.0,7.237569060773481,33.91,-117.57,2.146
5.614,15.0,5.854736842105263,37.35,-121.8,2.233
4.0062,12.0,5.693965517241379,39.22,-120.94,1.538
3.911,4.0,4.508455467869222,37.99,-122.33,1.125
3.1838,27.0,5.061959654178675,37.95,-122.05,1.82
6.4788,25.0,7.278215223097113,37.69,-120.99,1.994
3.2813,36.0,3.943127962085308,37.35,-121.95,2.444
5.0562,52.0,5.539759036144578,37.77,-122.5,3.367
3.7361,35.0,5.734848484848484,33.93,-118.16,1.798
3.2614,27.0,5.947103274559194,36.99,-121.54,3.05
2.683,15.0,6.365714285714286,33.83,-116.98,1.393
3.5507,24.0,5.121052631578947,38.3,-122.45,2.579
2.4808,27.0,4.017316017316017,37.63,-122.07,1.576
2.4044,34.0,5.092936802973978,36.54,-119.87,0.725
2.6275,17.0,4.7465753424657535,39.18,-123.21,1.421
3.125,19.0,4.2,34.07,-118.07,2.071
4.2262,37.0,4.362369337979094,37.63,-122.41,2.285
3.3371,36.0,4.96697247706422,38.02,-121.89,0.946
2.0547,52.0,5.135021097046414,36.95,-122.01,3.267
3.2443,16.0,4.613541666666666,38.57,-121.41,1.907
4.8929,36.0,5.0,33.97,-118.07,1.562
3.7652,20.0,6.115921787709497,37.31,-120.45,1.335
3.2061,20.0,5.005134788189987,38.26,-122.02,1.204
2.8,23.0,3.8995756718528995,33.8,-117.94,2.143
4.9879,28.0,6.517985611510792,37.67,-121.87,2.294
3.5902,39.0,5.116316639741519,33.72,-117.87,1.659
7.2165,25.0,5.674358974358975,37.37,-122.01,3.609
3.0739,36.0,4.178997613365155,33.88,-118.29,2.186
3.0625,25.0,5.1035598705501615,35.41,-119.04,0.694
4.0921,20.0,5.577608142493639,32.69,-117.07,1.35
7.3719,22.0,7.104591836734694,33.66,-117.95,3.374
3.0052,29.0,4.453551912568306,33.88,-118.17,1.667
3.724,38.0,4.480286738351254,37.92,-122.31,2.201
2.2804,42.0,3.828009828009828,32.72,-117.14,1.391
1.5625,22.0,4.358638743455497,40.59,-124.14,0.668
6.7274,5.0,5.910931174089069,33.84,-117.77,2.664
5.2312,31.0,4.940199335548173,37.64,-122.11,1.976
2.8528,25.0,3.8976744186046512,34.17,-118.54,4.25
6.6455,16.0,7.1695652173913045,37.31,-121.77,3.026
1.9476,14.0,5.323741007194244,33.73,-117.02,1.125
5.5956,4.0,7.298377028714107,33.16,-117.31,2.478
5.8416,25.0,7.273381294964029,38.57,-121.4,2.976
4.0987,37.0,4.804913294797688,37.58,-122.36,4.34
2.7014,35.0,3.4906367041198503,33.85,-117.91,1.567
6.4978,27.0,6.718328840970351,38.02,-122.55,3.615
3.3438,29.0,5.803347280334728,33.63,-114.58,0.74
2.415,16.0,4.923270440251573,34.71,-118.1,1.375
5.1136,44.0,2.883116883116883,33.98,-118.31,1.117
1.3479,42.0,3.9075862068965517,33.98,-118.29,1.0
3.8125,15.0,5.460365853658536,34.02,-117.61,1.703
1.9135,18.0,5.192028985507246,36.3,-119.21,0.494
4.8836,16.0,6.5233644859813085,33.06,-116.93,2.399
3.0096,32.0,4.6350710900473935,34.15,-118.1,1.99
2.1991,44.0,3.08,33.87,-117.92,1.911
3.1736,23.0,2.495145631067961,37.4,-122.1,1.813
1.7981,34.0,4.108695652173913,34.07,-117.3,0.733
3.8571,42.0,5.132780082987552,37.37,-121.84,1.875
2.5694,44.0,5.10934393638171,38.54,-121.44,0.924
4.5187,16.0,4.605263157894737,37.38,-121.87,1.635
4.1279,7.0,7.508298755186722,32.96,-117.1,1.676
1.9893,19.0,4.083499005964215,32.79,-116.97,1.125
3.3514,27.0,4.837606837606837,32.61,-117.08,1.491
4.7228,36.0,5.41743119266055,34.24,-118.42,1.838
3.5,37.0,4.376569037656904,37.71,-122.47,2.244
1.7788,14.0,3.899810964083176,39.76,-121.62,0.858
6.6312,31.0,6.791332263242376,33.79,-118.09,3.601
4.1597,16.0,5.214592274678112,38.47,-121.44,0.959
0.8804,36.0,2.713235294117647,34.06,-118.31,4.5
1.4048,16.0,5.071823204419889,39.78,-121.59,0.865
2.7045,38.0,4.454545454545454,33.86,-118.19,1.554
5.9639,22.0,6.330708661417323,33.89,-117.85,2.623
3.2963,52.0,5.223958333333333,38.57,-121.45,2.361
6.381,52.0,6.662337662337662,37.89,-122.26,3.422
4.9671,24.0,4.188725490196078,37.36,-122.02,3.352
2.0625,35.0,4.626865671641791,38.09,-121.26,1.55
3.15,35.0,5.2368421052631575,37.74,-121.42,1.532
4.0614,8.0,4.6725888324873095,34.05,-117.72,1.07
1.625,52.0,3.8380952380952382,34.14,-118.15,1.875
3.1442,30.0,5.780487804878049,36.7,-119.57,0.723
7.3522,26.0,6.516539440203562,37.24,-121.94,3.638
2.3277,52.0,3.587557603686636,37.35,-121.87,1.837
4.2614,50.0,5.483091787439614,37.32,-121.93,2.113
6.2924,39.0,6.171779141104294,37.89,-122.08,2.839
6.0648,36.0,5.8983739837398375,33.97,-118.01,2.908
5.2443,35.0,6.673003802281369,37.68,-121.75,1.834
3.2788,39.0,4.412751677852349,33.98,-118.21,1.69
6.7138,42.0,6.390625,37.89,-122.25,3.686
2.9085,21.0,3.9629225736095965,36.6,-121.86,1.563
4.2656,13.0,5.793851717902351,39.12,-121.64,1.107
4.5987,32.0,5.295880149812734,33.92,-118.4,3.638
4.8,36.0,6.39622641509434,37.62,-122.42,3.068
3.1864,52.0,4.607038123167156,34.09,-118.25,1.898
6.256,36.0,6.259067357512953,33.82,-118.37,3.669
2.8155,30.0,5.52054794520548,39.02,-120.81,1.01
3.1563,17.0,6.095384615384615,39.34,-123.81,2.77
1.9348,37.0,4.053691275167785,33.96,-118.28,0.991
1.6955,29.0,3.2230971128608923,33.78,-118.16,1.797
5.196,4.0,6.281354515050167,32.92,-117.18,2.107
6.6635,14.0,7.50080775444265,33.94,-117.37,2.196
2.1971,52.0,3.0926640926640925,37.75,-122.42,2.75
1.7938,41.0,3.996219281663516,33.79,-118.19,1.426
5.93,16.0,5.958656330749354,33.87,-118.03,2.776
4.3782,23.0,5.204761904761905,37.33,-121.82,1.758
3.1194,33.0,4.195991091314031,33.98,-118.35,1.528
3.7794,39.0,4.08550185873606,34.04,-118.15,1.946
2.1111,20.0,5.339920948616601,35.34,-118.88,1.053
2.9312,52.0,4.39367816091954,37.76,-122.4,2.391
5.1587,36.0,5.996923076923077,33.94,-118.11,2.966
7.5139,29.0,7.931071049840933,37.84,-121.96,3.982
2.75,41.0,5.666666666666667,37.75,-121.43,1.273
2.619,44.0,3.30142566191446,37.79,-122.2,1.347
3.0125,40.0,4.271428571428571,33.78,-117.94,1.661
3.7454,52.0,4.60377358490566,36.62,-121.91,2.438
2.3832,39.0,5.130244207889794,34.59,-117.37,0.35
2.3906,27.0,5.27027027027027,37.59,-120.69,0.818
5.6188,35.0,6.432835820895522,36.98,-122.04,4.047
2.0852,19.0,3.6046128500823724,32.76,-117.11,1.144
4.625,20.0,6.25,34.04,-117.71,2.221
6.0891,9.0,5.930348258706467,34.33,-118.48,2.701
4.9806,5.0,7.25718290119131,34.7,-118.1,1.411
2.3693,11.0,4.434607645875252,32.86,-116.92,1.27
6.0774,29.0,7.870967741935484,38.43,-122.68,3.344
3.7708,42.0,5.14873417721519,37.95,-122.33,1.446
2.0781,29.0,4.690376569037657,38.59,-121.54,0.748
3.1161,21.0,5.369465648854962,38.68,-121.16,1.316
3.6563,33.0,5.223021582733813,34.05,-117.97,1.627
2.724,8.0,4.655502392344498,33.19,-117.27,1.393
2.1542,36.0,3.8597014925373134,34.2,-119.19,2.539
4.3,27.0,4.7063953488372094,36.61,-121.92,2.264
5.4688,38.0,6.262135922330097,37.47,-122.25,3.05
4.8824,34.0,5.857142857142857,34.3,-119.25,3.964
4.0313,39.0,5.266666666666667,36.62,-121.93,2.538
1.6757,34.0,6.540094339622642,41.26,-123.08,0.633
1.6932,37.0,4.661971830985915,38.54,-121.49,0.784
2.8239,43.0,3.6381909547738696,34.02,-118.15,1.506
4.9583,33.0,6.5515320334261835,34.13,-118.03,4.457
3.7813,14.0,5.826196473551637,38.35,-122.7,1.465
3.625,25.0,5.305555555555555,34.09,-117.7,1.218
3.7159,20.0,5.442655935613682,32.8,-117.01,1.689
2.2589,19.0,7.601063829787234,38.94,-119.96,1.316
3.016,6.0,4.883196721311475,34.14,-117.24,1.075
4.5694,31.0,6.104925053533191,33.16,-117.34,2.437
2.7083,16.0,5.45045045045045,38.97,-121.31,0.821
5.5224,23.0,5.3669950738916254,34.19,-118.87,2.407
2.7069,18.0,5.065918653576437,32.84,-116.9,1.538
5.0206,8.0,6.5,34.95,-120.4,2.61
4.7986,18.0,6.130890052356021,34.03,-117.33,1.237
4.2008,12.0,4.643646408839779,32.9,-117.15,1.761
2.1848,16.0,5.939733707077785,33.71,-117.21,0.979
3.7875,9.0,2.7264957264957266,33.65,-117.83,1.875
2.8661,36.0,4.645468998410175,34.07,-117.77,1.24
3.12,29.0,4.1925,34.13,-117.87,1.943
2.0809,52.0,5.631004366812227,34.0,-118.29,1.096
4.5398,52.0,4.324055666003976,37.86,-122.49,4.42
3.0625,24.0,4.305084745762712,33.62,-117.89,0.938
2.2278,15.0,4.618581907090465,33.13,-117.21,1.328
5.2131,27.0,6.51207729468599,37.71,-122.1,2.525
2.625,27.0,5.378787878787879,39.82,-122.11,0.917
3.087,46.0,4.3965884861407245,34.21,-119.18,2.139
4.0,37.0,4.1590189873417724,37.45,-122.18,3.943
3.5781,37.0,4.8281750266808965,34.17,-118.23,3.667
2.6696,19.0,4.099290780141844,34.19,-118.37,1.851
3.1736,16.0,5.705304518664047,37.0,-119.48,1.118
3.2891,27.0,5.240331491712707,38.05,-122.14,1.506
3.9565,48.0,4.953703703703703,37.72,-122.44,2.685
3.1885,31.0,4.278947368421052,34.17,-118.51,2.19
2.2756,10.0,3.335664335664336,34.17,-118.37,2.214
0.9338,35.0,5.30188679245283,38.67,-121.39,1.125
2.0074,27.0,4.4,39.15,-123.2,0.962
4.1419,45.0,5.32484076433121,37.75,-122.5,2.915
2.2284,25.0,4.617521367521367,32.83,-117.14,1.775
2.7083,52.0,4.756302521008403,38.02,-121.87,0.994
3.0,18.0,4.456140350877193,36.96,-120.16,1.563
1.6767,26.0,5.720779220779221,37.64,-120.9,0.813
3.75,27.0,4.13768115942029,37.77,-122.28,2.428
1.6833,27.0,6.756521739130434,40.98,-120.38,0.4
6.7857,16.0,7.730538922155689,37.79,-121.97,3.413
2.9318,26.0,5.40669014084507,32.68,-117.08,1.124
1.947,24.0,5.0,36.77,-120.41,0.689
2.0802,22.0,5.577681874229347,41.61,-120.55,0.479
4.0109,8.0,5.574175824175824,38.16,-120.88,1.259
4.0375,29.0,6.447222222222222,32.78,-115.57,0.864
4.5179,25.0,5.40117994100295,33.81,-118.01,1.771
5.9897,8.0,6.125,36.85,-119.77,1.236
2.303,27.0,4.284023668639053,34.43,-119.73,2.61
5.0,24.0,4.492753623188406,37.29,-121.96,2.83
3.2823,17.0,4.4634464751958225,33.83,-117.98,2.285
5.5771,27.0,5.388297872340425,33.88,-118.38,3.455
2.0511,21.0,3.2589285714285716,34.07,-118.44,3.5
5.0366,16.0,6.741116751269035,38.35,-122.7,2.578
2.4866,26.0,4.671610169491525,37.96,-121.25,0.683
4.45,37.0,5.256267409470752,37.95,-122.32,1.966
5.3433,39.0,7.260869565217392,37.93,-122.31,2.865
3.4071,37.0,3.3830455259026686,33.99,-118.47,2.675
8.0082,16.0,7.790528233151184,33.57,-117.66,2.866
3.1908,15.0,5.665768194070081,40.26,-122.2,1.379
3.4559,16.0,5.684931506849315,37.34,-120.5,1.08
2.5179,18.0,5.536231884057971,32.84,-116.28,0.588
3.875,17.0,5.840958605664488,34.13,-117.37,1.185
3.2115,37.0,4.136518771331058,33.78,-118.28,1.601
2.3068,23.0,3.485057471264368,33.97,-118.16,1.578
5.0866,35.0,5.55984555984556,37.36,-121.98,2.546
4.2679,14.0,6.392592592592592,36.94,-119.61,1.518
2.5833,38.0,5.030120481927711,38.04,-121.97,0.835
2.2125,42.0,5.8552188552188555,33.89,-118.21,1.207
2.6023,14.0,3.7824,38.46,-122.66,2.211
3.7102,22.0,4.764568764568764,37.31,-121.82,1.775
3.0241,38.0,4.561538461538461,34.07,-118.19,1.663
2.0972,36.0,3.0126582278481013,37.33,-121.88,1.875
6.6727,25.0,7.144808743169399,37.96,-122.02,3.051
2.0325,52.0,4.218323586744639,37.75,-122.41,1.781
1.7266,21.0,5.173652694610778,38.76,-120.59,0.947
4.7464,28.0,4.714285714285714,33.76,-117.97,1.875
5.5902,38.0,7.010126582278481,37.52,-122.3,4.17
4.3,32.0,5.740112994350283,33.92,-118.11,1.513
2.6719,23.0,5.159754224270353,36.85,-121.53,1.936
4.9674,45.0,6.01,37.99,-122.57,3.201
3.6417,16.0,5.760820045558087,34.13,-117.45,1.19
4.0775,28.0,3.9328358208955225,33.91,-118.35,2.414
4.196,5.0,5.515682656826568,38.11,-121.3,1.717
3.1719,38.0,4.620689655172414,36.48,-119.45,1.063
4.5081,33.0,4.511335012594459,34.18,-118.46,2.514
3.6769,31.0,4.23489932885906,34.03,-118.49,4.5
1.7622,34.0,3.8434782608695652,34.02,-118.35,1.679
2.3305,52.0,3.488859764089122,33.78,-118.2,1.625
4.9688,25.0,6.133159268929504,37.23,-121.82,2.331
2.1417,12.0,4.390029325513196,38.02,-121.9,1.222
2.6875,13.0,6.154241645244216,36.3,-119.34,0.744
2.6563,29.0,3.6511627906976742,33.84,-117.91,1.625
3.5076,39.0,4.08,34.03,-118.48,3.818
2.5104,36.0,3.9323308270676693,34.07,-118.1,1.85
4.1696,30.0,6.083333333333333,36.74,-121.64,1.75
3.0119,22.0,3.7720090293453725,34.15,-118.12,1.714
3.2148,14.0,5.251028806584362,33.93,-117.22,1.17
2.55,38.0,4.438356164383562,34.0,-118.41,2.714
4.1477,32.0,4.879098360655738,33.79,-118.32,3.151
2.9191,19.0,4.457386363636363,33.19,-117.24,1.594
4.1932,46.0,5.093883357041252,37.73,-122.44,2.692
3.3542,52.0,5.725888324873097,38.3,-122.3,1.546
3.184,20.0,3.863888888888889,33.65,-117.92,2.2
2.3603,17.0,4.073743016759776,34.1,-117.59,1.393
1.4423,32.0,4.090753424657534,37.93,-122.34,0.883
2.8274,12.0,4.7682926829268295,36.85,-119.78,0.795
5.5968,23.0,5.783870967741936,37.4,-121.85,2.432
2.7344,25.0,4.166112956810632,33.98,-117.11,1.49
4.4531,5.0,5.695652173913044,33.21,-117.27,1.775
2.7083,16.0,5.1187845303867405,37.79,-121.27,1.739
3.8456,35.0,5.461346633416459,37.96,-122.05,1.598
2.0833,42.0,4.914583333333334,37.64,-120.97,0.955
2.4273,27.0,4.846262341325811,38.9,-121.08,1.384
4.0929,33.0,4.73953488372093,37.34,-121.84,1.65
2.3095,36.0,4.692847124824684,37.3,-120.46,0.683
2.45,42.0,3.624521072796935,34.02,-118.17,1.32
3.9352,25.0,5.071492403932083,33.94,-118.16,2.329
4.375,11.0,4.857512953367876,32.68,-117.04,1.15
3.3882,52.0,3.77125,37.78,-122.44,4.714
3.83,35.0,5.593283582089552,34.03,-117.94,1.49
3.6853,32.0,4.946902654867257,34.12,-117.21,0.909
5.5785,17.0,6.2,37.15,-122.18,2.841
1.5954,27.0,2.2246376811594204,34.06,-118.29,1.875
3.0833,41.0,4.384615384615385,33.95,-118.19,1.648
4.2051,37.0,4.829090909090909,33.94,-118.04,1.644
3.5179,36.0,6.013888888888889,34.05,-117.97,1.614
4.1563,20.0,4.7357357357357355,33.47,-117.7,3.208
3.0875,31.0,5.680890538033395,32.77,-117.09,2.915
4.4609,16.0,6.2607361963190185,38.71,-121.27,1.429
3.8819,19.0,4.7552,34.17,-118.61,3.289
1.9946,31.0,4.265993265993266,38.32,-122.27,2.068
1.8715,34.0,2.942115768463074,34.02,-118.16,1.396
1.75,27.0,4.90625,33.81,-118.18,1.542
3.6214,28.0,2.849056603773585,33.84,-117.94,1.821
3.2404,36.0,4.955882352941177,36.97,-122.03,2.25
2.13,25.0,4.337301587301587,36.1,-119.56,0.508
2.75,41.0,4.017441860465116,33.74,-118.29,2.383
3.2813,15.0,5.04954128440367,35.5,-120.67,1.75
0.6831,37.0,3.904831625183016,33.95,-118.23,0.875
1.5727,16.0,3.8046875,36.1,-119.57,0.548
2.2321,34.0,4.919629057187017,33.93,-116.9,0.718
3.2656,29.0,5.621621621621622,34.11,-117.34,0.906
4.8068,44.0,4.554817275747508,37.47,-122.19,3.123
2.6908,24.0,5.855203619909502,37.37,-120.88,1.031
4.0049,37.0,5.124087591240876,34.23,-118.4,1.9
3.015,39.0,4.031339031339031,34.11,-118.25,1.563
4.875,32.0,5.031578947368421,33.8,-118.35,3.117
3.2369,17.0,4.465677179962894,32.95,-117.05,1.678
2.8512,25.0,3.431693989071038,33.91,-118.35,2.728
6.2356,42.0,4.636085626911315,33.88,-118.4,4.727
2.9271,6.0,2.4880763116057234,33.75,-117.86,1.232
4.7569,37.0,5.626050420168068,34.06,-118.14,2.538
4.1328,34.0,5.291759465478842,34.0,-117.95,1.763
4.9083,52.0,6.749253731343283,37.9,-122.28,3.468
4.712,19.0,4.246376811594203,37.39,-122.07,2.893
2.3654,34.0,5.590631364562118,38.09,-120.56,0.949
4.5607,32.0,4.72093023255814,33.72,-117.91,1.821
3.0694,37.0,4.232876712328767,34.03,-118.37,1.222
4.3365,15.0,5.02027027027027,37.29,-121.75,2.21
2.5667,12.0,4.764840182648402,40.88,-124.06,1.395
1.4886,35.0,3.3049645390070923,33.99,-118.27,1.0
1.2098,38.0,4.410638297872341,33.93,-118.27,0.884
7.6933,26.0,7.592885375494071,37.22,-121.87,4.059
5.4224,37.0,6.620947630922693,34.15,-117.87,2.695
4.2404,28.0,6.144654088050315,34.44,-119.84,2.743
4.0,24.0,5.982456140350878,39.08,-122.92,1.663
5.5248,15.0,5.5590778097982705,37.3,-121.81,2.356
1.8438,17.0,3.2734375,37.78,-122.42,0.725
5.0,34.0,6.124567474048443,33.85,-118.35,3.542
2.7601,25.0,4.553738317757009,33.6,-117.71,0.725
1.9867,33.0,4.2155172413793105,34.01,-118.12,1.663
6.776,21.0,6.753371868978806,34.37,-118.55,2.781
6.7836,18.0,6.667910447761194,37.24,-121.84,2.741
1.2412,36.0,2.186111111111111,34.09,-118.31,2.167
2.5938,45.0,5.555555555555555,37.55,-120.85,2.75
3.7847,52.0,4.739307535641548,34.09,-118.27,2.523
4.6591,15.0,3.445945945945946,37.4,-122.11,1.75
3.2285,33.0,4.267339218158891,37.57,-122.32,2.348
2.5335,8.0,6.021786492374727,33.72,-117.2,1.101
3.5492,25.0,4.946043165467626,32.73,-117.04,1.254
2.6618,22.0,4.210131332082551,33.77,-117.97,1.796
4.4561,12.0,6.094874591057797,35.41,-119.12,0.969
4.3882,52.0,5.125964010282776,37.31,-121.89,2.236
2.6316,34.0,5.4120603015075375,34.14,-118.02,2.528
1.6369,15.0,6.003115264797508,39.13,-122.87,0.865
3.7433,25.0,5.025122121423587,37.93,-122.07,2.521
3.7261,7.0,5.717532467532467,36.7,-119.57,0.839
6.827,36.0,7.021428571428571,34.2,-118.11,3.594
2.8072,23.0,4.1120401337792645,33.83,-117.9,1.647
1.7935,29.0,3.745398773006135,33.87,-117.93,1.625
6.5226,21.0,5.392996108949417,37.4,-121.86,2.585
3.7768,5.0,5.802037845705968,38.54,-122.79,2.138
2.1902,37.0,3.1340996168582373,37.33,-121.94,2.5
2.8542,37.0,5.253731343283582,38.84,-121.81,2.75
4.4,22.0,6.58252427184466,38.53,-122.27,1.425
1.8214,10.0,5.838983050847458,36.76,-119.85,0.801
4.4135,30.0,4.773913043478261,33.65,-117.9,2.723
2.9545,47.0,4.195833333333334,37.36,-121.9,2.375
3.6875,13.0,4.049166666666666,34.2,-118.4,2.119
4.2679,44.0,4.3887043189368775,34.15,-118.33,3.318
2.1474,21.0,4.965156794425087,38.73,-122.62,0.853
5.5164,15.0,6.644012944983818,32.75,-116.87,2.489
2.9688,24.0,5.526881720430108,39.52,-121.53,0.864
3.2154,20.0,4.133444338725024,34.17,-118.52,2.596
2.5343,39.0,4.216931216931217,34.09,-118.2,1.382
3.2833,33.0,6.329004329004329,39.5,-121.52,0.826
3.1901,52.0,4.7309417040358746,33.97,-118.21,1.676
3.1576,24.0,5.234177215189874,34.94,-120.44,1.472
5.4563,10.0,6.5358024691358025,33.34,-117.21,3.257
3.0184,9.0,5.420863309352518,34.87,-118.17,0.879
2.6742,25.0,4.328928046989721,33.89,-118.18,1.319
1.7378,39.0,3.553775743707094,33.98,-118.25,1.219
2.213,22.0,4.358178053830228,38.0,-121.32,0.875
1.9176,24.0,4.23469387755102,33.02,-117.06,1.211
5.5379,42.0,5.689542483660131,37.92,-122.53,4.105
1.425,43.0,3.690909090909091,37.96,-121.27,0.613
2.3681,39.0,3.9224598930481283,34.43,-119.67,2.414
3.3098,30.0,5.742957746478873,38.32,-122.49,1.955
4.3194,34.0,5.2254901960784315,34.22,-118.56,1.97
2.1199,34.0,3.2557840616966582,32.72,-117.14,1.604
2.2907,39.0,3.297658862876254,34.08,-118.21,1.339
4.0229,18.0,4.765873015873016,33.65,-117.96,3.631
2.4267,35.0,3.55637707948244,33.95,-118.2,1.515
3.1917,21.0,5.563380281690141,38.07,-121.29,2.045
3.9727,33.0,4.531972789115646,33.98,-118.41,3.072
3.1719,32.0,6.208154506437769,37.05,-120.85,1.406
3.2396,14.0,5.092511013215859,38.37,-121.94,1.438
4.0603,21.0,4.5809935205183585,34.96,-120.45,1.176
2.4464,25.0,5.803951367781155,39.23,-121.83,0.725
3.025,17.0,5.6390532544378695,34.04,-117.4,0.818
3.6437,4.0,5.8081841432225065,33.04,-117.07,2.101
1.9797,19.0,5.589958158995816,41.8,-124.3,0.858
5.0599,35.0,5.271428571428571,33.83,-117.95,2.167
3.4183,29.0,7.146031746031746,34.39,-117.13,1.041
4.375,33.0,4.888040712468193,34.1,-117.92,1.505
4.1375,43.0,5.070610687022901,33.99,-118.36,2.871
5.0049,25.0,4.319261213720317,37.79,-122.43,4.6
2.5868,16.0,5.617414248021108,34.11,-117.64,1.469
3.2813,33.0,4.67109634551495,36.93,-121.77,1.9
5.2713,36.0,5.884146341463414,33.82,-118.1,2.444
2.2083,23.0,7.781456953642384,34.21,-116.22,0.425
3.3889,32.0,4.0864864864864865,34.03,-118.47,3.479
3.5542,43.0,6.268421052631579,36.78,-119.8,0.965
2.0469,15.0,4.826666666666667,39.08,-121.53,0.551
2.8828,36.0,5.7,37.94,-121.7,1.311
3.625,21.0,4.8817733990147785,32.69,-117.05,1.443
6.2082,14.0,7.773892773892774,38.66,-121.24,2.503
6.1142,35.0,4.825242718446602,34.19,-118.46,2.563
3.1985,20.0,3.5230296827021492,33.63,-117.91,1.063
3.2375,39.0,5.453416149068323,33.88,-118.26,1.052
3.925,35.0,5.05668016194332,37.35,-121.97,2.871
3.87,26.0,4.151923076923077,33.91,-118.35,2.645
1.725,33.0,5.068027210884353,40.88,-124.15,0.575
2.1212,16.0,5.330532212885154,37.35,-118.18,1.083
4.1319,43.0,3.6946564885496183,37.78,-122.45,3.227
4.1652,17.0,5.0394736842105265,32.79,-117.24,2.417
7.1754,52.0,7.42948717948718,37.9,-122.28,3.629
2.8565,12.0,4.863881401617251,37.73,-120.95,0.927
3.8194,34.0,5.034129692832765,33.93,-117.94,1.86
4.875,26.0,5.42911877394636,33.69,-117.95,2.304
5.6877,16.0,5.548993288590604,33.62,-117.74,2.314
1.7417,46.0,5.286885245901639,38.85,-121.67,1.104
5.6228,42.0,6.4453125,37.9,-122.27,3.754
6.8407,25.0,7.111553784860558,33.83,-117.88,2.667
3.59,35.0,4.675540765391015,33.89,-118.29,2.006
2.575,45.0,5.663793103448276,39.17,-122.9,0.736
2.4674,31.0,5.125523012552302,37.99,-121.18,1.309
2.151,33.0,4.861244019138756,37.59,-120.89,1.958
1.625,25.0,6.338842975206612,40.77,-123.28,0.792
2.3159,13.0,4.1274060494958755,33.16,-117.2,0.916
6.115,19.0,7.6452599388379205,33.68,-117.78,3.156
2.4598,31.0,4.2578616352201255,37.74,-121.13,0.971
1.75,47.0,3.627906976744186,34.0,-118.27,0.958
5.4689,40.0,6.648760330578512,34.08,-117.65,1.582
3.1275,29.0,4.5015641293013555,33.8,-118.32,2.864
4.8494,5.0,6.653132250580047,35.61,-117.66,0.872
3.3924,14.0,4.765151515151516,34.07,-117.18,0.974
3.0476,45.0,4.366245694603903,34.02,-118.46,4.562
2.6576,23.0,5.163003663003663,38.44,-122.74,1.479
5.322,17.0,5.341040462427745,33.81,-118.3,2.827
2.5643,21.0,4.229224376731302,34.06,-117.19,1.027
2.5714,43.0,4.9393939393939394,37.98,-121.27,0.7
4.55,34.0,5.87215411558669,32.84,-117.2,1.877
4.875,20.0,6.483870967741935,32.85,-115.59,0.908
2.7857,36.0,4.894230769230769,32.78,-117.25,2.917
5.4889,15.0,7.01010101010101,38.66,-121.21,2.323
3.4453,37.0,4.834666666666666,34.09,-117.89,1.767
3.4398,35.0,5.505119453924915,34.08,-117.74,1.343
4.3333,33.0,5.767955801104972,34.25,-118.49,2.329
5.1169,52.0,6.3904,38.57,-121.45,2.325
5.6885,17.0,6.909923664122138,34.28,-119.18,2.682
1.5882,50.0,4.599337748344371,34.05,-118.32,3.273
1.4937,20.0,4.570552147239264,36.61,-119.54,0.547
1.9956,25.0,5.029227557411273,39.52,-121.58,0.58
3.0153,45.0,3.6077441077441077,33.77,-118.17,2.2
4.5795,34.0,4.845622119815668,34.04,-118.12,2.353
1.4688,16.0,4.7611940298507465,33.99,-116.79,0.9
4.369,23.0,5.154639175257732,34.01,-117.48,1.211
3.6885,49.0,5.184568835098336,37.72,-122.43,2.54
2.175,47.0,4.373271889400922,33.98,-118.32,1.147
3.4063,39.0,4.726943942133816,34.04,-118.38,2.716
3.1312,49.0,5.831858407079646,38.51,-122.48,2.476
4.375,29.0,5.481389578163772,34.2,-118.32,3.412
3.9469,42.0,4.6750788643533125,33.87,-118.2,1.582
2.0644,24.0,5.763285024154589,41.03,-123.76,0.798
3.3516,26.0,5.142857142857143,34.12,-117.34,1.056
5.1112,4.0,7.366459627329193,34.49,-117.25,1.709
4.2471,4.0,5.816950633464395,37.68,-120.94,1.621
2.1111,33.0,4.927272727272728,39.16,-121.58,0.687
3.4338,28.0,5.208771929824562,35.03,-117.68,0.549
2.2278,52.0,6.220883534136546,39.25,-121.02,1.554
2.4866,37.0,4.518779342723005,32.62,-117.09,1.297
2.0493,19.0,4.186486486486486,37.58,-120.94,0.995
4.1667,13.0,6.185737976782753,33.09,-117.26,2.271
3.1538,19.0,4.328260869565217,33.82,-117.99,2.521
6.0102,12.0,5.219765929778934,33.71,-118.04,3.969
5.9333,17.0,6.917748917748917,33.95,-117.55,2.294
5.7652,13.0,6.497017892644135,32.72,-116.87,2.599
2.3844,13.0,5.333333333333333,33.22,-117.28,0.986
2.2679,36.0,3.251063829787234,33.93,-118.34,1.539
6.1383,23.0,7.203562340966921,34.3,-118.7,2.441
4.5625,40.0,4.125,39.05,-121.48,1.0
4.7328,45.0,5.573913043478261,37.78,-122.51,3.511
2.0915,16.0,4.523897058823529,38.39,-122.7,1.681
3.825,38.0,5.80827067669173,37.77,-120.86,0.964
4.4904,18.0,6.003120124804992,32.87,-117.0,1.504
1.6944,33.0,4.892857142857143,32.72,-117.09,1.118
4.6923,15.0,5.766544117647059,38.69,-121.33,1.227
4.6141,4.0,4.798029556650246,33.71,-117.78,1.954
4.105,16.0,6.035962877030163,32.83,-116.91,1.744
4.7193,15.0,6.6571428571428575,34.01,-117.01,1.352
2.68,30.0,3.3196480938416424,33.93,-118.36,1.7
2.218,35.0,5.276393831553974,33.94,-116.87,0.734
3.4427,30.0,4.814814814814815,37.48,-122.2,2.635
2.7437,18.0,5.535776614310646,34.09,-117.43,1.202
2.7121,20.0,3.347131445170661,34.23,-118.46,1.694
4.1993,23.0,6.069252077562327,38.5,-122.47,2.145
6.065,5.0,5.626865671641791,33.55,-117.68,3.155
3.2857,32.0,5.099337748344371,37.62,-122.04,1.932
4.9239,35.0,5.975609756097561,34.12,-117.89,1.688
3.9443,2.0,7.507731958762887,33.57,-117.16,1.873
4.75,21.0,4.602739726027397,37.93,-121.22,1.214
2.6875,22.0,5.889688249400479,36.77,-119.69,0.606
2.5795,52.0,3.5154975530179446,37.81,-122.25,3.5
1.8576,37.0,2.4775641025641026,34.09,-118.31,1.938
3.522,28.0,4.065241844769404,33.77,-117.92,1.903
4.4038,45.0,4.571847507331379,33.98,-118.36,2.594
2.4706,28.0,3.8339100346020762,33.9,-118.23,0.888
3.6442,43.0,5.304347826086956,34.22,-118.4,1.863
4.0625,35.0,4.794466403162056,33.93,-118.34,1.599
2.8333,34.0,4.408602150537634,34.05,-117.97,1.557
2.0,52.0,5.355685131195335,33.98,-118.31,0.965
2.1759,35.0,5.852320675105485,39.93,-122.18,0.595
0.9407,40.0,4.56989247311828,35.36,-119.0,0.436
2.9844,11.0,5.700884955752213,36.33,-119.36,1.32
1.8878,30.0,4.272952853598015,36.56,-119.62,0.516
3.8088,34.0,5.630573248407643,36.8,-119.7,0.877
4.8295,10.0,5.938997821350762,34.44,-118.13,3.191
2.7875,35.0,4.48371335504886,33.95,-118.15,2.09
0.8288,13.0,2.5455904334828103,34.05,-118.24,1.813
3.0962,38.0,4.4475,37.68,-122.1,1.809
2.8042,26.0,4.017982017982018,33.81,-117.97,2.063
1.7257,18.0,3.4615384615384617,38.56,-121.74,1.791
3.675,43.0,4.871060171919771,34.18,-118.52,2.131
2.5208,52.0,3.9081632653061225,37.4,-122.08,3.167
5.8661,16.0,7.888888888888889,33.06,-117.16,4.045
3.1625,28.0,4.319047619047619,34.38,-119.67,3.643
3.6083,15.0,4.050675675675675,32.86,-117.23,1.801
3.3562,40.0,4.6567567567567565,33.98,-118.06,1.692
2.3438,18.0,4.970394736842105,38.61,-121.48,0.894
1.9209,45.0,2.8093434343434343,34.08,-118.26,1.792
4.2926,32.0,5.407079646017699,34.05,-117.93,1.907
1.9937,21.0,3.6866485013623977,34.07,-118.2,1.396
2.4519,45.0,5.155797101449275,34.02,-118.31,0.981
2.6341,15.0,4.369281045751634,39.37,-121.03,0.85
2.2467,27.0,4.590702947845805,36.78,-119.74,0.707
4.7708,48.0,5.427777777777778,37.77,-122.16,1.563
4.9323,34.0,5.545045045045045,34.27,-118.48,2.237
1.4397,28.0,4.829457364341085,38.63,-121.45,0.517
5.3428,23.0,6.373737373737374,33.7,-117.96,2.793
3.153,42.0,3.9234642497482377,33.95,-118.22,1.509
3.4583,52.0,5.211904761904762,37.74,-122.49,3.213
3.1719,43.0,5.36376404494382,33.95,-118.32,1.835
6.3974,29.0,5.9934533551554825,33.85,-118.37,4.1
2.5122,45.0,4.75,37.76,-122.16,0.955
1.7558,34.0,3.3594306049822062,34.09,-118.36,3.125
3.86,36.0,5.742307692307692,34.58,-118.06,1.093
2.2643,52.0,2.2651757188498403,33.97,-118.5,3.5
6.0722,4.0,5.857777777777778,33.66,-117.59,2.608
3.0179,42.0,3.7574626865671643,34.01,-118.14,1.537
4.0977,50.0,4.788008565310492,37.76,-122.48,3.221
3.5909,35.0,4.047058823529412,37.69,-122.47,2.561
2.862,21.0,4.2480957562568005,37.87,-122.51,2.584
3.3368,16.0,4.946428571428571,37.68,-120.97,1.212
6.1834,25.0,6.2611940298507465,34.29,-118.7,2.298
5.9039,21.0,6.445414847161572,37.03,-122.01,3.553
1.7596,26.0,5.103448275862069,36.32,-119.68,1.208
5.1814,46.0,5.68135593220339,34.19,-118.36,2.095
1.3583,10.0,4.5,37.77,-120.85,0.852
4.8375,40.0,6.8625,38.64,-121.26,2.174
2.4722,24.0,6.24,36.12,-119.29,1.292
2.5382,33.0,4.67095115681234,37.96,-122.34,1.036
4.537,39.0,5.711811023622047,37.3,-121.9,3.459
4.4391,14.0,5.280561122244489,33.68,-117.8,3.067
2.7426,27.0,3.0864197530864197,33.91,-118.22,1.031
3.6231,15.0,4.366741573033708,34.25,-118.59,1.933
5.5,21.0,7.377005347593583,38.65,-121.31,1.657
7.4323,16.0,7.83728813559322,37.26,-121.85,3.118
4.8862,26.0,4.425396825396826,37.26,-121.8,1.95
6.0597,29.0,6.176039119804401,34.45,-119.74,3.831
6.0298,23.0,6.874251497005988,38.48,-122.72,2.891
6.6537,32.0,6.330917874396135,34.24,-118.48,2.676
2.4526,23.0,4.332453825857519,33.81,-117.99,1.829
0.536,16.0,4.5,34.04,-118.44,3.5
2.8393,41.0,4.75417661097852,35.42,-119.05,0.57
3.8355,34.0,4.914798206278027,32.73,-117.11,1.267
2.7092,35.0,4.389952153110048,33.8,-118.12,2.563
2.4896,26.0,4.529190207156309,37.87,-122.08,0.734
1.9667,2.0,5.715976331360947,34.42,-118.56,4.5
3.7772,26.0,5.412413793103449,33.85,-117.88,2.239
2.5042,19.0,5.739957716701903,38.61,-120.66,1.264
3.0324,28.0,5.066246056782334,36.22,-119.08,0.556
2.1602,14.0,4.917627677100494,36.34,-119.31,0.652
4.0125,52.0,4.375621890547263,34.42,-119.72,2.61
3.6875,19.0,4.979277364505845,36.66,-121.67,1.897
1.6574,35.0,3.2090032154340835,33.88,-118.22,1.025
2.8182,12.0,5.404761904761905,40.92,-124.09,1.269
4.7039,24.0,4.447368421052632,33.73,-117.82,2.25
2.0921,29.0,4.578431372549019,35.27,-118.91,0.614
3.6339,30.0,6.088646967340591,33.98,-116.9,0.986
4.0813,24.0,6.0553097345132745,32.72,-117.04,1.37
4.2788,52.0,4.614457831325301,37.88,-122.26,3.325
3.75,22.0,4.162118780096308,37.29,-121.94,2.125
1.6,39.0,3.747967479674797,37.79,-122.25,1.125
3.7895,29.0,5.323529411764706,37.63,-122.1,1.809
3.7019,37.0,4.514388489208633,32.78,-116.97,1.386
3.3066,36.0,5.443636363636363,34.11,-117.38,0.963
3.2462,33.0,3.9744582043343653,34.11,-118.32,4.357
2.3075,27.0,5.244744744744745,35.38,-120.85,1.842
7.7876,13.0,7.696287025448477,34.08,-117.81,3.489
2.7656,31.0,5.404166666666667,38.9,-121.28,0.936
4.8359,25.0,6.198419666374012,33.68,-117.9,2.492
3.8819,39.0,5.5559701492537314,34.44,-119.72,2.899
4.25,44.0,4.5927152317880795,33.8,-118.21,1.431
2.4286,34.0,3.7728494623655915,33.82,-118.2,2.048
4.7275,26.0,5.367901234567901,37.3,-121.94,2.93
4.22,33.0,6.278688524590164,32.81,-117.17,1.787
1.4726,37.0,5.505263157894737,35.0,-120.58,1.063
5.6204,36.0,6.110738255033557,37.73,-122.49,4.062
3.1429,52.0,4.3951890034364265,37.83,-122.25,2.316
2.5187,18.0,5.467261904761905,34.04,-117.33,1.167
3.6193,35.0,4.2519201228878645,33.78,-118.15,2.5
5.6558,38.0,6.154471544715447,37.89,-122.07,2.633
2.5547,36.0,3.6475409836065573,33.94,-118.35,1.504
2.7336,14.0,4.8,36.3,-119.32,0.892
4.8036,36.0,5.644628099173554,33.95,-118.11,2.613
5.0947,33.0,5.778723404255319,34.26,-118.46,2.103
3.4456,5.0,4.65,33.19,-117.28,1.658
3.5278,32.0,3.878524945770065,33.88,-118.13,1.661
4.0,52.0,5.269035532994923,37.75,-122.44,3.75
6.1112,2.0,7.153277931671283,38.34,-121.92,1.81
2.3333,33.0,5.782828282828283,36.78,-119.75,0.813
2.1602,13.0,3.2527985074626864,34.14,-118.25,2.219
1.9911,10.0,5.57566765578635,32.97,-115.52,0.675
4.0878,36.0,5.051798561151079,34.25,-119.15,1.868
3.1204,44.0,5.295774647887324,38.1,-122.22,1.108
3.5893,25.0,5.7695852534562215,38.68,-121.32,1.464
2.5234,35.0,6.239130434782608,34.13,-117.25,0.882
4.3081,20.0,4.198609731876862,37.3,-121.96,2.273
2.655,22.0,4.305555555555555,35.12,-120.62,1.6
3.0819,32.0,5.370018975332068,34.1,-118.08,2.146
1.5076,24.0,3.192563081009296,33.77,-118.2,1.458
1.6611,48.0,4.975247524752476,33.98,-118.3,0.958
3.9286,30.0,5.732876712328767,38.43,-121.81,1.331
3.3594,32.0,4.969298245614035,33.87,-117.89,2.021
5.1072,49.0,5.989203778677463,34.13,-118.14,4.797
5.2177,15.0,7.384449244060475,38.72,-121.25,1.627
1.4133,15.0,4.303605313092979,37.73,-122.38,2.034
3.7974,40.0,6.016064257028113,34.26,-119.02,2.287
2.8348,18.0,4.766816143497758,33.84,-117.97,2.19
4.0,37.0,6.363945578231292,39.25,-121.71,1.014
1.0568,16.0,7.8427672955974845,34.52,-116.73,0.75
5.0203,47.0,5.591397849462366,37.43,-122.15,4.763
5.6785,20.0,6.051640667025282,34.12,-117.71,2.395
0.799,25.0,3.6454352441613587,36.74,-119.8,0.518
1.7622,36.0,3.928716904276986,32.75,-117.25,2.058
4.69,35.0,5.227504244482173,34.39,-119.3,1.993
3.7578,24.0,5.061538461538461,36.8,-119.73,0.692
1.8299,45.0,4.835064935064935,36.34,-119.3,0.631
3.0583,41.0,4.117460317460317,34.26,-118.31,1.603
3.6563,31.0,5.172839506172839,37.3,-121.91,3.447
3.7308,34.0,5.048611111111111,33.95,-118.1,1.969
2.2437,9.0,4.114213197969543,36.73,-119.73,0.542
3.5417,18.0,3.400383141762452,34.16,-118.26,1.771
5.752,35.0,5.728571428571429,33.95,-118.12,2.91
1.2745,15.0,2.7386934673366836,32.67,-117.1,0.929
6.5095,38.0,6.080882352941177,37.9,-122.1,2.944
2.1827,26.0,4.521428571428571,40.05,-122.1,0.727
2.1765,10.0,4.312020460358056,32.61,-117.07,1.284
3.1551,16.0,3.7899159663865545,34.17,-118.3,2.05
2.5904,23.0,4.6596306068601585,36.83,-119.7,0.714
2.2554,39.0,4.134185303514377,34.04,-118.32,1.65
2.1179,18.0,4.107583774250441,32.59,-117.11,1.531
1.9848,38.0,3.8285714285714287,33.8,-118.19,1.604
4.9968,35.0,6.1562115621156215,34.17,-117.97,2.95
2.6934,17.0,3.6148491879350346,32.8,-117.01,1.602
1.3952,41.0,4.459882583170255,36.06,-119.02,0.431
3.6989,32.0,5.192037470725995,34.25,-118.46,2.086
4.3527,33.0,5.29874213836478,33.86,-118.27,1.67
7.3339,17.0,7.275092936802974,37.27,-121.85,2.942
2.5158,22.0,4.006151742993849,37.64,-122.07,1.349
1.4632,38.0,4.0476190476190474,32.7,-117.13,0.802
2.5326,24.0,5.532085561497326,39.12,-120.96,1.391
4.3851,4.0,4.416541353383459,37.29,-121.84,1.604
3.0542,27.0,4.756507136859781,36.61,-121.83,1.421
2.6399,34.0,4.809009009009009,37.91,-122.32,1.196
7.0548,34.0,6.125,37.84,-122.21,3.259
3.7961,28.0,4.705357142857143,33.84,-118.08,1.627
4.0924,37.0,4.990338164251208,34.2,-118.51,1.884
2.1176,31.0,5.081282624906786,33.81,-116.54,1.241
1.5735,18.0,3.5442404006677797,38.51,-121.46,1.1
3.0833,24.0,6.42,38.34,-121.41,1.625
2.2992,52.0,4.966587112171838,40.41,-120.66,0.702
2.7721,26.0,2.8418367346938775,34.06,-118.01,1.554
5.7057,27.0,6.937007874015748,34.01,-117.98,2.621
4.1939,44.0,4.936046511627907,37.71,-122.47,2.379
3.7333,29.0,5.590361445783133,33.91,-117.45,1.214
2.8864,34.0,4.716279069767442,37.32,-121.89,1.725
2.8864,23.0,5.60702875399361,38.69,-121.79,1.031
3.4211,43.0,4.615101289134438,33.8,-118.14,2.039
1.3125,52.0,2.3372093023255816,32.71,-117.15,0.875
6.9454,8.0,6.873103448275862,34.29,-118.73,2.765
3.6893,52.0,2.9536621823617337,37.8,-122.43,4.75
2.9952,44.0,5.534296028880866,35.13,-119.47,0.638
2.9044,43.0,5.424657534246576,34.02,-118.13,1.729
3.0197,26.0,4.4637002341920375,33.21,-117.26,1.36
2.5509,26.0,5.245746691871456,33.18,-117.36,1.818
2.3384,27.0,3.2289156626506026,36.77,-121.76,1.21
5.457,28.0,5.5303347280334725,37.85,-122.22,3.373
4.75,35.0,5.513317191283293,37.53,-121.97,1.97
6.0076,19.0,6.166031987814166,33.91,-117.97,2.695
3.6897,25.0,4.1437125748503,38.57,-121.32,1.011
3.9018,28.0,5.245508982035928,33.78,-117.93,1.823
3.1505,30.0,4.266666666666667,33.88,-118.33,2.7
6.3434,30.0,6.042959427207637,33.89,-118.39,4.604
4.4453,22.0,5.548306148055207,33.72,-118.02,2.678
4.317,29.0,5.408108108108108,37.98,-122.01,1.94
4.5726,32.0,5.864457831325301,33.73,-117.88,1.775
5.5,33.0,6.225563909774436,37.68,-121.01,1.462
1.2863,52.0,2.7590361445783134,32.7,-117.15,0.863
1.75,45.0,4.205607476635514,37.93,-122.37,0.379
2.4919,17.0,5.6078125,35.37,-118.92,0.757
2.8139,15.0,5.571932299012694,38.51,-121.42,0.904
1.5069,32.0,4.145833333333333,35.88,-119.27,0.437
5.0353,12.0,4.6575539568345325,37.56,-122.29,3.058
3.2052,28.0,4.0028694404591105,34.17,-118.39,2.836
4.3833,14.0,6.481308411214953,39.15,-121.68,1.152
4.375,21.0,6.35,37.35,-118.42,1.804
6.7527,23.0,7.064024390243903,37.8,-122.18,2.858
3.1908,16.0,4.386792452830188,38.54,-121.72,1.943
3.5833,32.0,5.829479768786127,40.79,-124.13,0.928
4.4653,33.0,5.872909698996655,34.02,-117.98,1.932
3.9722,52.0,4.71608040201005,37.76,-122.39,2.909
4.5278,16.0,5.934065934065934,38.01,-121.36,1.669
2.7679,18.0,6.1354466858789625,38.56,-121.37,1.18
3.1897,36.0,4.380753138075314,33.9,-118.05,1.55
4.1295,29.0,5.332361516034985,33.76,-117.95,1.88
4.962,3.0,6.6635071090047395,38.28,-122.0,1.617
3.8287,35.0,4.857142857142857,33.79,-118.32,2.799
2.8438,26.0,4.6390532544378695,33.76,-117.92,1.743
2.125,16.0,5.046153846153846,36.28,-119.33,1.042
2.3,45.0,3.0,34.14,-118.15,0.55
2.9063,9.0,4.409090909090909,37.08,-120.79,0.55
5.7912,52.0,7.291666666666667,37.89,-122.28,3.271
5.606,32.0,5.365155131264917,37.31,-121.98,2.889
4.3571,35.0,4.975903614457831,34.2,-118.52,1.998
2.084,39.0,3.6110183639398996,35.29,-120.66,2.333
3.2177,28.0,3.8784235136940546,37.81,-122.25,2.734
2.7556,26.0,4.701208981001727,34.23,-119.16,2.132
4.0556,20.0,4.405769230769231,37.65,-122.53,2.75
4.3148,25.0,5.310107948969578,34.12,-117.75,2.407
5.888,13.0,5.922448979591837,33.67,-118.01,4.477
4.8311,15.0,6.3478260869565215,34.03,-117.62,1.76
3.4408,44.0,4.867881548974943,33.87,-118.18,1.729
5.1643,10.0,5.0757162346521145,37.49,-121.92,1.931
3.9118,32.0,5.527058823529412,33.94,-117.44,1.141
3.7963,22.0,5.134615384615385,32.82,-117.22,3.031
2.3375,33.0,3.6363636363636362,33.93,-118.35,1.706
3.1989,37.0,3.943820224719101,37.47,-122.2,3.208
3.5625,24.0,5.424920127795527,37.8,-121.2,1.308
2.525,17.0,3.7874306839186693,34.24,-118.42,1.637
3.2292,52.0,7.075313807531381,36.47,-120.95,2.25
6.5006,16.0,7.445,38.0,-122.25,2.377
4.2813,52.0,5.4106280193236715,37.88,-122.27,2.849
5.5654,32.0,6.356037151702786,33.76,-117.81,2.818
1.9233,41.0,3.4140127388535033,34.07,-118.28,2.071
3.8625,31.0,4.921686746987952,37.06,-122.07,2.323
4.1307,36.0,5.486725663716814,38.4,-122.5,2.957
2.75,27.0,4.018672199170124,32.8,-117.15,0.875
3.0694,6.0,5.791666666666667,33.46,-116.76,1.734
3.1523,36.0,4.980842911877395,34.25,-118.3,1.767
2.0185,9.0,2.0420499342969776,34.06,-118.29,1.417
3.915,34.0,5.301639344262295,34.2,-118.5,2.177
3.6007,35.0,4.432065217391305,34.19,-118.4,2.618
5.253,5.0,7.093508500772797,33.96,-117.23,1.633
4.2656,52.0,4.841463414634147,37.35,-121.95,2.361
2.15,37.0,3.75320970042796,34.02,-118.18,1.322
2.9539,19.0,4.055238095238095,33.2,-117.36,1.699
5.1991,39.0,6.309446254071661,37.73,-122.49,3.694
2.0976,25.0,3.660839160839161,35.99,-119.96,0.477
5.2542,26.0,5.6066666666666665,33.81,-118.05,2.346
4.0727,18.0,3.9578454332552693,33.9,-118.36,2.14
3.9936,5.0,5.838768115942029,34.56,-118.12,1.485
4.0972,37.0,5.7592592592592595,37.8,-121.2,1.018
3.5296,7.0,5.484025559105431,36.34,-119.27,0.837
4.0675,11.0,6.538571428571428,38.73,-120.63,1.402
3.5667,28.0,4.616343490304709,33.88,-117.87,1.907
2.6087,19.0,4.365747460087083,32.79,-116.96,1.238
1.9297,36.0,2.7222884386174018,34.1,-118.3,2.033
4.1016,4.0,4.709327548806941,37.99,-121.89,1.705
1.4801,44.0,2.5813333333333333,34.05,-118.28,2.125
4.5,17.0,5.2625169147496615,34.23,-119.19,2.343
2.5592,16.0,5.554,40.57,-122.33,0.759
3.4703,5.0,5.649149922720247,37.61,-121.01,1.293
3.5507,4.0,7.32798833819242,34.59,-117.24,1.861
2.346,38.0,3.2733918128654973,33.77,-118.17,1.656
2.6899,22.0,5.400244798041616,37.6,-121.0,0.821
2.9167,34.0,4.588235294117647,34.96,-120.44,1.042
2.4069,52.0,3.5381165919282513,32.73,-117.17,2.15
6.035,5.0,5.431472081218274,37.54,-122.27,4.388
2.2961,10.0,4.308219178082192,38.03,-121.33,1.267
2.1912,23.0,5.197368421052632,39.8,-121.57,1.152
3.52,32.0,5.897297297297297,36.96,-122.03,2.842
1.7425,43.0,3.3582089552238807,34.01,-118.25,1.005
1.6716,32.0,4.577966101694916,33.94,-118.29,1.238
5.5312,27.0,5.623376623376624,33.68,-117.95,2.392
4.5313,25.0,6.795031055900621,38.27,-122.42,3.084
2.1563,52.0,4.585014409221902,37.8,-122.24,1.286
1.9,15.0,6.742574257425742,33.63,-117.72,1.625
2.6518,40.0,3.9671052631578947,32.76,-117.15,1.798
2.7596,32.0,4.969418960244648,33.97,-117.36,0.822
1.2617,15.0,5.311827956989247,35.36,-118.98,0.427
5.9641,44.0,4.357142857142857,33.99,-118.44,2.75
2.5875,22.0,5.537735849056604,36.23,-119.14,0.704
3.5,21.0,4.304913294797688,34.2,-118.58,2.237
3.6797,20.0,5.348017621145375,36.97,-122.05,2.638
0.9838,36.0,5.017751479289941,34.09,-117.27,0.793
2.7583,42.0,5.080536912751678,35.42,-119.02,0.649
3.9156,23.0,5.473107569721115,33.85,-118.03,2.241
3.5909,46.0,5.913725490196079,34.17,-118.16,1.554
2.875,34.0,4.235849056603773,32.77,-117.03,1.612
5.5357,40.0,6.150442477876106,37.91,-122.29,2.737
2.2808,12.0,3.4936608557844693,33.77,-118.17,1.547
2.7292,24.0,4.393053016453382,34.0,-118.11,1.938
2.7179,35.0,4.876344086021505,38.66,-121.43,0.811
1.3942,38.0,3.566137566137566,38.68,-121.76,0.694
3.9286,10.0,3.4014466546112114,33.81,-118.27,1.14
3.5045,30.0,3.791946308724832,37.39,-122.07,3.525
4.055,20.0,5.257950530035336,33.83,-118.04,2.019
5.0447,36.0,5.953020134228188,33.81,-118.12,2.492
3.75,28.0,5.136246786632391,34.11,-117.77,1.809
3.3125,51.0,5.76984126984127,36.74,-119.77,0.701
3.0132,44.0,4.90566037735849,33.93,-118.36,2.025
3.7422,42.0,5.019077901430842,37.57,-122.31,2.926
2.5875,17.0,5.381188118811881,39.25,-123.36,1.445
3.825,34.0,6.247058823529412,33.8,-117.85,2.167
3.4821,34.0,4.757188498402556,34.29,-118.42,1.603
5.4895,13.0,7.926356589147287,36.83,-119.58,1.567
2.2259,24.0,3.1024,37.31,-121.86,1.125
5.5584,23.0,6.967889908256881,33.63,-117.7,2.417
2.5685,20.0,4.7950738916256155,38.41,-122.4,2.676
2.2121,37.0,4.043307086614173,33.88,-118.25,0.986
2.1731,29.0,5.086956521739131,36.29,-119.12,0.662
4.693,11.0,5.873096446700508,34.23,-119.01,2.322
2.505,11.0,5.459047619047619,38.03,-121.3,0.95
3.6171,22.0,4.072840790842872,34.16,-118.45,3.183
4.775,35.0,5.073558648111332,34.24,-118.4,1.795
3.6639,25.0,5.126482213438735,34.12,-118.06,2.481
7.5078,24.0,7.022857142857143,34.3,-118.51,3.44
2.9167,24.0,4.766718506998445,37.87,-122.08,1.027
6.8474,9.0,6.35,34.15,-118.8,3.567
4.6629,25.0,3.7454545454545456,33.76,-118.19,1.625
2.8194,24.0,4.7625,36.75,-119.85,0.811
2.7009,35.0,5.752631578947368,38.69,-121.37,0.802
4.2788,23.0,5.767352185089974,33.9,-117.44,1.487
2.1507,21.0,4.800582241630276,35.26,-120.64,2.215
4.2778,16.0,6.188365650969529,36.31,-119.3,0.973
6.0804,42.0,5.244274809160306,34.01,-118.44,4.2
2.9185,27.0,4.408878504672897,34.21,-119.19,2.245
0.971,12.0,3.49937106918239,33.75,-117.87,1.025
5.8305,24.0,6.181146025878004,37.25,-121.82,2.456
3.1375,52.0,4.819018404907975,37.89,-122.29,2.291
2.4717,24.0,4.367851622874807,34.44,-119.77,2.953
3.6429,25.0,4.304232804232805,32.79,-117.25,3.171
2.6631,26.0,3.8046783625730995,37.66,-122.42,2.44
6.128,26.0,6.457142857142857,33.74,-118.02,2.482
5.083,4.0,6.968606932635709,34.57,-118.02,1.513
4.625,49.0,5.478927203065134,37.98,-122.57,3.55
8.0069,52.0,7.224032586558045,37.73,-122.46,4.268
6.2217,27.0,6.831831831831832,33.98,-117.98,3.335
3.3036,24.0,3.75,33.88,-117.87,1.839
3.111,5.0,4.44125159642401,33.95,-118.37,2.476
3.2115,20.0,5.263529411764706,38.27,-122.02,0.991
4.3232,28.0,3.732021196063588,37.75,-122.44,3.162
3.8073,14.0,5.111111111111111,32.82,-116.91,1.701
1.5988,50.0,4.686192468619247,38.01,-121.82,0.964
5.0232,30.0,6.2685589519650655,34.25,-118.49,2.539
4.525,30.0,5.184049079754601,33.75,-118.01,1.86
3.7727,47.0,4.536082474226804,34.01,-118.33,1.93
1.1019,13.0,4.456632653061225,39.74,-121.86,1.202
2.3929,30.0,3.340086830680174,34.07,-118.06,1.844
4.05,33.0,5.556400506970849,38.74,-121.28,1.347
2.2396,44.0,4.670967741935484,33.98,-118.32,1.086
2.3309,46.0,3.4858757062146895,37.77,-122.21,0.987
1.641,34.0,4.904382470119522,33.9,-118.23,0.968
4.0189,43.0,5.036511156186613,33.99,-118.43,3.029
2.7981,24.0,4.729237770193402,38.02,-121.31,0.921
4.3103,33.0,5.013189448441247,33.91,-117.9,2.016
2.5033,44.0,4.106194690265487,34.06,-118.17,1.319
4.0313,32.0,6.104166666666667,38.27,-122.69,2.85
2.4741,31.0,3.414839797639123,33.91,-118.29,1.512
3.125,43.0,4.700650759219089,32.77,-117.12,1.922
6.7977,33.0,7.1945205479452055,34.18,-118.63,3.897
1.9609,23.0,3.393617021276596,36.91,-121.76,1.55
6.6712,14.0,7.454308093994778,37.27,-121.83,3.115
4.835,11.0,6.515513126491647,38.73,-120.91,2.306
3.0917,48.0,4.939102564102564,33.97,-118.31,1.361
3.7344,44.0,5.583732057416268,38.54,-121.5,1.798
5.6687,34.0,5.587591240875913,34.23,-118.42,2.073
4.3472,47.0,6.0476190476190474,37.73,-121.82,3.75
1.5833,46.0,5.818930041152264,36.72,-119.81,0.567
2.9886,10.0,3.3752535496957403,33.86,-118.17,1.75
2.425,17.0,3.1600877192982457,33.89,-117.87,1.717
2.825,39.0,4.530898876404494,33.99,-118.4,2.767
4.0,52.0,4.647058823529412,37.78,-122.45,3.553
2.2866,19.0,4.143884892086331,32.7,-117.03,1.099
4.9562,45.0,5.112359550561798,33.82,-118.21,1.657
2.5556,11.0,5.825112107623318,34.96,-120.45,1.292
2.8798,6.0,2.6840215439856374,37.33,-121.89,2.25
2.3571,17.0,4.612403100775194,32.73,-115.52,0.631
3.0348,20.0,5.325475285171103,38.63,-121.32,1.505
3.775,19.0,5.537906137184115,33.13,-117.21,1.68
1.1964,33.0,4.368932038834951,37.98,-121.24,0.804
3.2404,27.0,4.035984848484849,34.23,-118.53,2.304
2.1719,27.0,3.8298755186721993,32.62,-117.11,1.315
3.2794,42.0,5.591760299625468,33.82,-118.12,2.245
1.077,17.0,3.0548712206047033,37.78,-122.43,1.15
3.0,37.0,5.129363449691992,34.13,-117.25,0.834
2.24,30.0,3.9302325581395348,32.64,-117.07,1.295
5.5944,19.0,6.240143369175628,37.24,-121.94,2.905
2.925,29.0,5.017021276595744,38.54,-121.42,0.943
2.5463,32.0,3.8526315789473684,34.21,-118.23,2.0
2.6364,39.0,5.3486529318541995,37.98,-121.3,0.938
3.2708,35.0,5.4916943521594686,33.91,-118.1,1.597
2.1094,24.0,2.8434466019417477,34.06,-118.03,1.352
3.5556,33.0,4.951859956236324,33.93,-118.08,1.728
2.1774,40.0,3.8875379939209727,34.04,-118.19,1.576
2.0549,52.0,4.242819843342037,38.57,-121.46,1.567
2.25,46.0,4.320224719101123,37.74,-122.17,0.842
1.7446,23.0,3.7764227642276422,32.75,-117.1,0.852
4.1587,32.0,5.58080808080808,37.0,-121.94,3.152
2.6974,31.0,4.614906832298137,35.12,-120.61,1.654
5.0299,40.0,5.815384615384615,33.89,-118.36,3.292
2.6713,52.0,4.636363636363637,36.62,-121.92,2.346
6.9308,18.0,6.704761904761905,33.88,-117.83,2.317
5.159,18.0,5.944272445820434,34.14,-117.2,1.448
3.4952,19.0,4.6038543897216275,34.07,-118.17,1.5
4.8624,11.0,5.68,37.71,-121.75,1.924
2.905,41.0,4.310043668122271,38.46,-122.71,1.593
3.5078,15.0,6.254587155963303,36.83,-119.71,1.09
1.6023,32.0,3.878787878787879,32.7,-117.14,0.773
2.7463,18.0,5.122015915119364,38.95,-121.08,1.561
2.7535,24.0,3.2184412733260155,33.74,-117.9,1.11
2.6205,35.0,3.6415584415584417,34.43,-119.7,3.188
4.7143,46.0,5.882845188284519,37.72,-122.45,2.193
4.3029,16.0,6.090592334494773,38.42,-120.97,1.219
3.4167,36.0,5.220238095238095,36.63,-121.92,3.391
4.25,33.0,5.751968503937008,36.81,-119.79,1.322
6.1872,19.0,7.415686274509804,38.66,-121.27,1.887
2.2264,11.0,2.8994152046783626,34.19,-118.45,1.813
2.225,26.0,3.2,36.62,-121.84,1.5
2.913,26.0,4.917763157894737,34.05,-118.1,1.523
5.2955,23.0,6.8311688311688314,34.17,-118.95,2.476
2.652,31.0,4.931350114416476,37.6,-122.02,1.598
3.5046,18.0,5.63481228668942,39.75,-121.86,1.183
3.6875,27.0,4.887550200803213,34.11,-117.89,1.402
6.1043,36.0,5.545562130177514,37.46,-122.24,3.435
3.6474,26.0,3.923076923076923,34.15,-118.11,1.841
3.3625,13.0,5.0443951165371805,37.99,-121.84,1.261
4.225,34.0,4.635311143270623,33.83,-118.03,1.984
3.4875,15.0,5.74247491638796,34.51,-117.17,0.908
3.0,39.0,4.628930817610063,33.92,-118.28,1.1
3.775,9.0,5.552158273381295,32.68,-117.04,1.25
5.4372,30.0,6.227848101265823,33.79,-118.01,2.232
3.0755,32.0,4.623067776456599,32.77,-117.06,1.668
3.7708,35.0,4.8933333333333335,34.21,-118.38,1.706
3.287,19.0,3.668181818181818,33.9,-118.3,1.814
4.0313,35.0,3.996794871794872,32.77,-117.25,3.853
2.0885,36.0,3.964391691394659,34.05,-118.2,1.428
5.6385,26.0,6.4914529914529915,34.26,-118.77,1.969
5.6062,26.0,6.017429193899782,37.46,-121.91,2.268
2.2538,7.0,3.2222222222222223,34.95,-120.45,1.625
5.0787,45.0,5.790625,33.84,-118.17,2.192
4.3068,26.0,6.5493421052631575,33.24,-117.23,2.401
3.4,27.0,4.203076923076923,33.82,-117.94,1.969
3.1603,14.0,3.855828220858896,34.0,-118.42,2.875
4.1953,39.0,5.266106442577031,33.89,-118.33,2.269
1.6534,44.0,4.487804878048781,36.96,-120.06,0.614
0.536,46.0,3.142857142857143,38.02,-121.84,0.875
3.9329,17.0,5.193220338983051,38.45,-122.74,1.709
3.8796,32.0,5.76510067114094,38.31,-122.31,1.755
4.6458,9.0,5.21479374110953,37.61,-121.99,2.17
3.5489,28.0,5.152329749103942,37.68,-121.02,1.064
5.9199,25.0,5.786666666666667,34.16,-118.21,4.205
3.7366,20.0,5.321944809461235,32.71,-117.02,1.218
5.7059,33.0,5.925093632958801,37.36,-121.98,2.872
1.9531,29.0,4.190972222222222,32.84,-115.57,0.611
3.8598,14.0,5.684536082474227,37.69,-120.97,1.744
5.1054,31.0,5.622844827586207,37.67,-122.48,2.945
2.865,38.0,4.55614973262032,34.29,-118.43,1.555
5.4939,20.0,6.215815485996705,37.25,-121.85,2.412
5.0893,25.0,4.393530997304582,37.47,-122.13,1.734
4.0542,20.0,4.722175732217573,33.84,-118.06,1.684
2.4926,21.0,4.796341463414634,33.94,-118.08,1.714
1.64,45.0,4.224043715846994,33.97,-118.27,0.968
6.4962,25.0,7.853125,34.03,-117.19,1.824
5.1985,30.0,6.334128878281623,34.0,-118.04,2.792
3.3393,26.0,4.122270742358078,33.85,-117.94,1.686
2.5156,24.0,5.264928511354079,34.07,-117.09,1.03
1.9835,43.0,2.5781758957654723,34.09,-118.29,2.25
4.6354,36.0,5.841911764705882,33.89,-118.01,2.029
4.1552,34.0,4.64,33.89,-118.35,2.339
3.9375,48.0,4.643939393939394,34.08,-118.38,4.5
2.9821,36.0,5.571428571428571,35.4,-118.98,0.731
2.8194,43.0,4.665413533834586,37.62,-121.03,0.813
6.2475,26.0,5.824561403508772,37.34,-122.02,3.5
2.3347,29.0,3.646153846153846,33.82,-117.94,2.081
4.6477,27.0,6.098214285714286,36.92,-121.47,2.659
4.0089,51.0,5.521739130434782,37.75,-122.47,3.57
2.4141,13.0,5.37910447761194,40.64,-122.39,0.787
1.7143,34.0,3.114864864864865,34.01,-118.28,1.32
4.375,35.0,4.864532019704433,34.18,-118.41,2.917
2.4875,26.0,4.556476683937824,38.09,-122.23,0.9
2.4598,36.0,5.358381502890174,37.76,-122.16,1.555
2.3778,35.0,5.0954773869346734,34.16,-117.28,0.907
5.6973,25.0,6.548034934497816,33.89,-117.55,1.648
3.2852,39.0,4.909930715935335,33.97,-118.03,1.962
2.7153,22.0,4.736245954692556,36.43,-121.32,1.143
5.6683,24.0,6.080882352941177,37.41,-121.87,2.487
6.1949,5.0,6.273835920177383,33.01,-117.08,2.387
4.2415,41.0,5.105015673981192,34.12,-118.34,4.096
2.8942,27.0,5.229166666666667,38.13,-121.3,1.167
3.0429,27.0,4.933184855233853,34.04,-117.74,1.296
2.45,30.0,5.202443280977312,34.08,-117.25,0.858
2.9709,44.0,4.234610917537747,34.09,-118.27,2.25
2.0455,21.0,5.615384615384615,39.48,-121.52,0.594
1.625,34.0,3.972972972972973,36.56,-119.61,0.53
2.5363,30.0,4.505235602094241,37.62,-121.02,0.839
3.1635,11.0,5.161290322580645,38.81,-120.84,1.326
2.9899,52.0,5.0774818401937045,37.77,-122.26,2.281
2.2961,46.0,3.4318181818181817,34.06,-118.2,1.125
4.2333,32.0,4.666666666666667,33.92,-118.41,3.58
5.3184,41.0,6.253521126760563,34.44,-119.71,3.76
1.4103,41.0,4.348958333333333,33.95,-118.28,0.862
2.0331,37.0,4.824657534246575,35.41,-119.03,0.532
3.6597,29.0,5.843373493975903,37.45,-120.89,1.456
7.3843,27.0,7.3839150227617605,37.23,-121.91,4.05
6.2059,22.0,7.813008130081301,34.28,-118.75,2.399
3.0625,47.0,5.470113085621971,37.98,-121.31,1.415
2.2566,42.0,5.272232304900181,37.32,-121.03,0.821
4.7143,17.0,6.466666666666667,38.46,-122.68,2.029
0.7685,39.0,2.752212389380531,32.71,-117.17,1.875
4.2031,13.0,6.811111111111111,39.02,-121.08,2.096
4.0159,18.0,5.523489932885906,32.86,-116.62,1.691
3.9032,3.0,5.863329583802025,36.85,-119.74,1.408
5.0099,24.0,7.137809187279152,34.89,-120.42,1.625
4.8571,28.0,6.591078066914498,37.67,-121.78,2.011
0.7286,46.0,3.375451263537906,37.81,-122.29,0.952
3.1768,30.0,5.468048359240069,38.51,-121.49,0.795
3.9792,33.0,7.193243243243243,36.54,-121.92,4.68
5.761,33.0,6.891447368421052,37.53,-121.94,2.596
4.5237,5.0,6.1037344398340245,34.55,-118.08,1.418
4.1898,23.0,5.513097072419106,34.26,-119.27,3.591
2.9562,14.0,6.038084874863983,39.54,-121.46,1.423
1.7875,24.0,3.5335276967930027,37.96,-121.3,0.768
6.2778,36.0,6.169960474308301,33.84,-118.34,3.097
1.5203,27.0,4.65311004784689,34.03,-117.06,1.262
2.7209,32.0,5.090510948905109,37.64,-120.95,0.883
3.8,31.0,4.791744840525328,38.25,-122.64,1.626
2.1473,29.0,3.853846153846154,33.74,-118.29,1.953
3.2708,43.0,4.188571428571429,37.47,-122.21,2.553
2.5833,37.0,4.158536585365853,33.92,-118.21,1.327
3.4906,40.0,5.6826923076923075,34.14,-117.28,0.933
7.3693,25.0,6.695271453590193,37.33,-122.02,3.736
4.2276,17.0,4.586274509803921,33.85,-117.85,2.541
3.8244,14.0,5.865951742627346,38.44,-122.76,1.8
3.65,49.0,3.769230769230769,37.87,-121.23,1.625
4.375,17.0,5.318781725888325,33.73,-117.99,2.481
5.2374,26.0,5.2405063291139244,34.45,-118.53,1.855
3.5403,18.0,5.378818737270875,38.68,-121.35,0.986
5.187,45.0,7.149732620320855,36.79,-119.8,1.538
5.5255,40.0,5.0162162162162165,33.92,-118.37,2.427
1.675,34.0,3.28099173553719,33.99,-118.34,1.667
4.0904,52.0,4.313868613138686,37.77,-122.21,0.806
2.1581,33.0,4.2727272727272725,33.93,-116.98,0.683
7.7736,36.0,6.870967741935484,37.88,-122.2,3.781
2.2937,25.0,5.186264308012487,36.31,-119.79,0.723
2.1573,28.0,4.826013513513513,36.79,-119.74,0.714
3.1979,17.0,5.461038961038961,32.96,-115.59,1.135
5.2131,48.0,6.658307210031348,34.11,-118.12,3.596
3.66,34.0,4.670588235294118,34.22,-118.43,1.846
1.2012,27.0,4.322857142857143,36.32,-119.29,0.646
2.5477,33.0,4.02037617554859,33.78,-116.46,0.83
3.8,36.0,4.601466992665037,34.26,-118.31,2.171
2.2788,47.0,3.7745664739884393,34.04,-118.21,1.396
2.9063,27.0,6.025125628140704,38.07,-120.55,0.922
2.5363,44.0,5.0641399416909625,33.92,-118.25,0.959
2.9866,45.0,5.4412811387900355,38.89,-121.3,0.913
4.3036,36.0,5.065630397236615,34.15,-118.38,3.659
3.875,33.0,4.509090909090909,33.8,-118.22,1.651
2.6048,17.0,6.130620985010706,33.02,-117.07,1.482
5.6754,12.0,5.380697050938338,33.48,-117.64,2.759
5.1878,10.0,6.7990430622009566,38.04,-121.33,1.539
3.4852,30.0,3.416204217536071,34.01,-118.48,4.25
6.148,17.0,7.133587786259542,34.11,-117.62,2.439
3.2125,20.0,4.398081534772182,34.4,-119.52,2.51
2.8167,52.0,4.145985401459854,37.35,-121.88,1.835
3.1094,33.0,4.036474164133739,34.14,-117.97,1.36
2.785,36.0,5.289029535864979,36.77,-119.76,0.723
3.6845,41.0,3.823293172690763,34.12,-118.21,1.758
3.0707,52.0,4.92326139088729,34.05,-118.38,4.179
4.918,19.0,5.930555555555555,38.03,-121.33,1.306
4.375,20.0,5.368078175895765,34.35,-119.73,3.352
1.7857,41.0,4.847184986595174,35.41,-119.03,0.543
4.072,52.0,5.952941176470588,37.81,-122.22,2.701
2.2301,26.0,5.2527027027027025,37.92,-122.33,1.224
2.6709,19.0,4.176047904191617,34.19,-118.44,2.155
3.0139,32.0,5.651515151515151,36.33,-119.61,0.615
4.6761,32.0,5.315151515151515,37.36,-121.99,2.983
4.615,48.0,5.396825396825397,34.15,-118.42,3.714
3.1719,39.0,5.759075907590759,36.75,-119.73,0.679
1.8958,16.0,6.173913043478261,37.7,-120.64,1.375
3.7,35.0,4.4914529914529915,37.52,-122.27,3.397
1.6118,39.0,3.7304347826086954,34.09,-118.21,1.385
3.4125,37.0,5.2944162436548226,37.62,-121.05,1.25
3.7344,33.0,5.317380352644836,34.59,-118.15,1.114
6.4667,16.0,6.998463901689708,34.09,-117.85,2.639
4.5,16.0,4.895915678524374,37.35,-122.01,3.236
2.6104,37.0,3.7071428571428573,37.82,-122.26,1.931
2.7054,39.0,2.302919708029197,34.1,-118.29,1.625
3.8657,31.0,4.3664335664335665,33.88,-118.34,2.984
2.9511,42.0,5.404907975460123,34.19,-118.52,2.039
1.2094,21.0,3.1817116060961315,33.96,-118.35,1.575
2.6765,20.0,5.3008356545961,38.01,-121.32,0.964
3.2212,35.0,4.786372007366483,34.19,-119.19,1.805
3.4492,33.0,4.879417879417879,37.69,-122.48,2.643
3.3452,23.0,5.573359073359073,34.26,-119.21,2.176
3.0187,16.0,5.7967914438502675,35.41,-120.87,2.781
1.8095,39.0,4.403100775193798,39.75,-121.85,0.781
3.9227,33.0,5.949593495934959,34.08,-117.66,1.572
3.0625,52.0,6.108958837772397,33.96,-118.31,1.274
6.2275,34.0,6.215302491103203,37.88,-122.14,3.944
2.7051,26.0,5.602179836512262,38.37,-121.92,1.938
4.2414,4.0,5.938084112149533,34.44,-117.38,1.214
6.4095,28.0,5.80060422960725,37.31,-121.98,3.359
3.9792,34.0,5.976645435244161,38.54,-121.51,1.648
4.66,36.0,6.0,33.8,-118.11,2.448
3.0481,3.0,4.2090452261306535,38.59,-121.28,0.925
3.1833,20.0,5.078341013824885,32.69,-117.09,1.083
3.6719,49.0,4.934959349593496,37.76,-122.24,2.298
5.6779,16.0,6.443708609271523,37.99,-121.83,1.647
3.1902,29.0,5.145098039215687,33.77,-117.99,2.024
3.8819,44.0,4.395348837209302,33.85,-118.18,1.432
1.4661,44.0,4.492273730684326,39.14,-121.61,0.652
4.2599,35.0,6.154166666666667,34.41,-118.9,2.091
2.0405,44.0,3.62803738317757,34.04,-118.29,1.43
2.7961,10.0,4.352441613588111,33.2,-117.25,1.313
4.3426,11.0,4.505763688760807,33.92,-117.95,1.413
2.7857,11.0,4.851380042462845,37.47,-120.84,1.103
3.075,52.0,5.322649572649572,37.85,-122.26,2.135
2.7054,52.0,5.001226993865031,37.85,-122.27,1.823
1.06,31.0,3.5792682926829267,34.54,-117.3,0.565
3.6094,42.0,4.900990099009901,37.95,-122.35,1.146
5.4485,25.0,5.685714285714286,33.74,-117.95,2.252
3.7091,31.0,6.235169491525424,33.86,-118.07,2.259
2.4167,27.0,3.8775,32.75,-117.14,1.313
4.1674,10.0,3.9686323713927227,37.28,-121.93,2.14
5.2485,35.0,5.737341772151899,33.94,-118.12,3.238
1.4766,23.0,4.143947655398037,36.76,-119.76,0.506
6.3712,9.0,6.762043795620438,33.02,-117.26,3.698
1.5595,12.0,7.293846153846154,33.82,-116.54,1.156
5.0714,24.0,7.587219343696027,33.96,-118.42,3.561
1.871,16.0,3.536,37.61,-120.97,1.039
4.2011,41.0,5.05420054200542,38.01,-122.68,2.554
2.2244,36.0,3.2302631578947367,34.13,-118.25,2.559
1.186,24.0,3.3642611683848798,38.55,-121.47,0.67
1.1194,27.0,2.772727272727273,33.98,-117.37,0.958
2.1731,38.0,4.46969696969697,33.96,-118.14,1.438
4.05,35.0,4.074742268041237,37.76,-122.44,4.231
5.7416,25.0,7.154285714285714,32.8,-117.04,2.434
4.4562,25.0,4.907692307692308,37.74,-122.25,2.062
2.5148,27.0,5.073496659242761,37.67,-121.0,1.102
0.9589,47.0,3.1724137931034484,32.7,-117.14,0.9
3.9816,10.0,4.735235567352356,37.96,-122.06,1.82
2.5568,44.0,4.57037037037037,37.75,-122.16,1.111
4.3859,24.0,5.117224880382775,33.86,-118.35,2.713
1.6815,22.0,3.923404255319149,32.78,-117.07,2.188
2.1907,52.0,3.199771689497717,37.88,-122.27,2.714
1.5809,36.0,4.556390977443609,37.75,-122.2,0.7
3.6618,23.0,4.591633466135458,33.72,-117.89,1.835
3.8086,25.0,4.608638743455497,33.92,-118.42,3.613
4.7216,20.0,4.961481481481481,33.94,-117.89,2.27
4.5562,17.0,6.237218813905931,38.69,-121.25,1.345
1.2887,40.0,2.848987108655617,37.34,-121.88,2.125
5.1589,3.0,4.2020905923344944,33.66,-117.59,1.678
2.6812,19.0,5.320109439124487,35.42,-119.07,1.076
6.1668,9.0,7.596153846153846,36.37,-121.66,4.058
5.956,41.0,6.851063829787234,37.83,-122.24,3.661
5.901,18.0,6.466520307354555,34.33,-118.43,2.356
3.809,7.0,5.840938722294655,39.16,-121.62,1.107
3.8676,40.0,5.514195583596215,37.67,-122.13,1.84
6.0571,17.0,6.207598371777476,33.92,-117.87,2.724
2.2132,34.0,4.858044164037855,34.13,-117.91,1.385
7.355,11.0,7.2486702127659575,34.29,-118.73,3.439
6.7694,29.0,6.654605263157895,34.15,-118.59,3.697
2.7139,30.0,4.099870298313878,33.73,-118.29,2.317
4.1949,29.0,5.30126582278481,34.22,-119.17,1.971
1.63,12.0,3.3986013986013988,35.87,-119.27,0.495
6.9754,4.0,6.9692092372288315,34.04,-117.84,4.025
2.8393,15.0,5.427402862985685,37.31,-119.64,1.044
6.6369,4.0,5.428571428571429,33.66,-117.9,1.926
2.3125,44.0,4.399491094147582,37.78,-122.21,1.028
2.1139,40.0,4.34319526627219,34.07,-117.31,0.709
2.5625,52.0,5.381642512077295,37.73,-122.16,1.75
3.5214,50.0,4.1225626740947074,33.76,-118.14,3.981
3.1029,18.0,4.945454545454545,39.16,-121.57,0.717
2.8269,40.0,5.089494163424124,33.9,-118.24,0.98
5.7389,35.0,6.010767160161508,33.78,-118.1,2.518
2.6172,40.0,4.4520547945205475,34.15,-118.11,1.961
5.8068,20.0,6.632098765432099,37.34,-121.8,2.639
2.1667,23.0,4.023588879528222,34.11,-117.9,1.426
3.0404,32.0,5.037162162162162,34.17,-118.62,2.628
2.8036,24.0,4.399759903961584,36.97,-121.97,2.285
4.2312,16.0,5.771754636233951,32.82,-117.05,1.97
2.4348,44.0,4.868263473053892,34.07,-118.15,2.207
6.01,43.0,5.100961538461538,34.23,-118.24,2.542
1.1638,35.0,4.558011049723757,35.37,-118.98,0.579
4.0729,4.0,6.163329161451815,34.58,-118.03,1.543
6.6632,29.0,6.372159090909091,33.86,-118.31,3.252
2.1042,19.0,5.884758364312268,35.1,-120.66,2.683
2.7951,52.0,4.634868421052632,34.36,-119.06,1.993
1.6786,52.0,5.425992779783393,35.37,-119.03,1.266
2.8393,34.0,4.7823529411764705,35.4,-118.98,0.698
2.6429,32.0,3.7270058708414875,37.82,-122.25,2.185
4.5469,21.0,4.624576271186441,37.75,-122.44,4.097
3.1014,37.0,4.953125,38.52,-121.49,0.968
7.7072,34.0,7.144486692015209,37.84,-122.02,4.438
2.7788,45.0,4.210416666666666,37.79,-122.2,1.154
3.9646,32.0,5.316981132075472,32.67,-117.05,1.378
1.5227,35.0,3.036363636363636,34.0,-118.23,3.5
3.0204,8.0,5.469267139479905,34.48,-117.32,0.931
5.3259,16.0,5.466666666666667,33.69,-117.99,2.164
1.7422,21.0,5.011299435028248,40.69,-122.38,0.615
1.2286,28.0,3.080808080808081,32.75,-117.09,1.05
4.3958,9.0,6.645631067961165,39.33,-120.1,1.248
6.1814,34.0,7.028880866425993,33.94,-118.1,4.536
1.5479,31.0,4.14785373608903,37.06,-120.85,0.82
3.625,45.0,4.917808219178082,33.96,-118.39,3.294
1.7572,18.0,4.732142857142857,35.89,-119.27,0.533
1.1806,40.0,4.917391304347826,34.0,-118.3,1.346
6.057,16.0,5.926339285714286,37.39,-121.87,2.468
4.625,52.0,5.3681592039801,34.09,-118.27,2.308
2.475,43.0,3.8666666666666667,34.06,-118.17,1.426
1.575,34.0,4.376383763837638,36.75,-119.84,0.571
4.8167,16.0,5.072727272727272,32.74,-117.23,1.698
5.0077,35.0,5.346666666666667,33.93,-118.0,1.85
3.07,39.0,4.28,33.85,-118.17,1.73
2.1563,29.0,4.475548060708263,34.12,-117.24,0.723
3.8372,41.0,5.26595744680851,33.91,-118.29,1.564
5.1005,33.0,6.12,38.57,-122.94,2.667
3.5903,35.0,3.676767676767677,33.91,-118.33,1.833
5.0427,22.0,6.405405405405405,38.55,-121.35,1.269
3.5682,10.0,6.1008746355685135,35.03,-120.5,2.773
6.1092,20.0,6.8161764705882355,33.71,-117.95,3.065
6.5261,10.0,7.867954911433173,38.4,-122.62,3.247
3.6016,36.0,4.213235294117647,34.25,-118.41,1.538
2.1205,36.0,4.833333333333333,36.45,-119.23,0.6
3.02,9.0,4.1268115942028984,32.69,-117.04,1.589
2.4012,18.0,5.234793187347932,37.37,-120.5,0.797
3.1563,31.0,3.2925851703406814,34.42,-119.71,2.67
7.0897,52.0,6.876237623762377,37.86,-122.25,4.462
2.875,52.0,6.107142857142857,37.78,-122.19,1.6
1.7542,31.0,3.1597222222222223,34.08,-118.31,2.875
4.075,7.0,6.398757763975155,37.79,-121.24,1.95
4.6904,4.0,7.312148028962188,33.45,-117.15,1.742
5.9177,27.0,5.5396825396825395,33.92,-117.9,2.676
2.2264,33.0,4.448936170212766,38.59,-121.39,1.081
2.9459,32.0,4.656934306569343,34.12,-117.92,1.444
3.3536,27.0,7.061776061776062,38.54,-123.25,1.575
1.4189,43.0,2.4553846153846153,34.04,-118.22,1.417
3.1599,9.0,5.212361331220285,36.33,-119.24,0.95
3.7912,6.0,4.4686315789473685,36.69,-121.66,1.689
3.4706,20.0,5.274253731343284,32.8,-117.17,1.576
3.025,35.0,4.446511627906977,38.81,-123.02,1.406
1.5132,37.0,4.141129032258065,33.93,-118.24,0.863
2.6639,29.0,2.91125,34.02,-118.46,2.333
3.4844,46.0,4.876777251184834,37.74,-122.16,1.295
4.4567,36.0,5.115384615384615,36.95,-122.04,2.638
4.9091,35.0,7.158371040723982,34.14,-117.85,2.75
4.5972,39.0,5.1201923076923075,37.11,-122.05,1.463
2.6268,33.0,3.6265822784810124,34.14,-118.23,2.013
4.6932,40.0,4.492424242424242,34.02,-118.4,3.328
2.2,28.0,3.719360568383659,33.11,-117.08,1.277
6.0224,15.0,6.635802469135802,38.02,-122.21,1.985
1.6557,10.0,3.8623024830699775,33.64,-116.15,0.654
3.18,32.0,4.167010309278351,32.77,-117.25,3.625
2.8971,37.0,4.077540106951871,37.36,-121.89,1.861
1.5089,47.0,3.9046153846153846,34.01,-118.26,1.158
1.847,18.0,2.337027379400261,34.05,-118.29,2.5
6.8322,52.0,7.320121951219512,37.73,-122.46,3.941
3.9875,24.0,6.076517150395778,33.43,-117.61,3.465
6.7685,21.0,8.452914798206278,32.79,-116.9,2.947
1.787,14.0,4.168784029038113,40.15,-122.23,0.516
3.6182,27.0,6.557142857142857,37.44,-120.75,1.232
2.0244,19.0,3.915743670886076,36.69,-121.61,1.185
3.066,17.0,5.346303501945525,39.71,-121.71,1.026
3.9732,35.0,6.082857142857143,32.8,-117.13,1.749
1.3882,15.0,3.9295302013422817,32.8,-115.56,0.694
4.125,26.0,4.4796875,34.21,-118.43,2.265
5.928,6.0,5.739922694643843,33.65,-117.68,2.399
2.875,24.0,5.344827586206897,36.72,-119.76,0.606
2.7269,37.0,5.89453125,33.91,-118.27,1.241
2.3393,16.0,7.370165745856354,40.82,-121.41,0.903
2.8007,45.0,4.113149847094801,34.15,-118.09,2.109
3.7796,21.0,5.256997455470738,38.67,-121.16,1.59
5.1228,17.0,5.189822294022617,37.24,-121.85,2.376
4.6563,45.0,5.986784140969163,37.79,-122.19,2.318
2.181,37.0,4.6773255813953485,36.71,-119.56,0.599
4.3851,16.0,5.531365313653136,37.67,-120.97,1.173
2.8821,28.0,4.385653409090909,34.04,-118.02,1.581
2.5938,48.0,6.225563909774436,37.81,-122.3,0.735
1.745,39.0,5.448071216617211,40.79,-124.18,0.705
3.725,21.0,6.219269102990033,39.16,-121.57,0.847
4.6182,42.0,5.85838779956427,36.59,-121.9,3.01
1.9125,44.0,4.969230769230769,33.98,-118.29,0.972
3.0313,43.0,6.35,33.97,-118.22,1.661
4.6765,45.0,5.444067796610169,33.87,-118.13,1.984
2.1005,35.0,3.652941176470588,33.97,-118.21,1.713
3.4145,35.0,5.9608728367193375,35.54,-117.29,0.404
5.2951,12.0,7.55,37.14,-121.69,3.862
1.5288,14.0,5.187285223367698,34.41,-117.31,1.034
4.6,34.0,5.332258064516129,33.89,-118.01,2.034
1.125,27.0,5.649122807017544,33.3,-115.96,0.544
2.9569,27.0,6.2330827067669174,33.82,-116.49,0.659
2.8631,30.0,4.42713567839196,34.16,-118.12,1.886
5.5,34.0,5.84472049689441,33.87,-118.35,2.796
7.9814,26.0,7.257692307692308,34.15,-118.62,4.099
2.9194,41.0,4.211920529801325,34.12,-118.2,1.62
3.6833,33.0,6.102362204724409,37.91,-122.07,2.925
2.9018,52.0,4.621212121212121,37.85,-122.28,1.194
1.6675,6.0,5.5115089514066495,34.05,-117.3,0.958
4.7609,25.0,5.415143603133159,37.36,-122.02,3.78
3.0107,52.0,4.746458923512748,37.72,-122.43,2.42
4.1856,19.0,6.09546539379475,36.08,-119.06,0.721
5.1205,42.0,5.727959697732998,37.67,-122.42,2.263
2.6458,16.0,2.989795918367347,34.1,-118.35,3.722
1.4034,52.0,3.5671641791044775,38.58,-121.49,0.903
4.4081,39.0,4.657360406091371,37.94,-122.54,4.352
2.35,14.0,5.3418803418803416,38.51,-119.54,0.957
4.6628,16.0,5.413721413721413,38.01,-121.9,1.36
5.0672,14.0,7.075664621676892,38.27,-122.06,1.713
4.8438,36.0,5.449720670391062,33.85,-117.96,1.857
3.3878,31.0,5.573281452658884,38.49,-121.44,1.093
4.0911,19.0,4.802098950524738,33.88,-118.11,2.397
5.3986,32.0,6.94468085106383,33.88,-117.92,3.187
2.5924,19.0,3.6426426426426426,34.15,-118.24,1.929
3.5845,17.0,4.63894523326572,38.44,-122.74,1.643
4.0125,20.0,5.538226299694189,37.81,-121.22,1.215
1.4063,22.0,4.1732776617954075,33.94,-116.96,0.819
2.9286,22.0,2.8142857142857145,33.69,-116.15,1.125
1.6232,7.0,4.993464052287582,34.49,-117.32,0.934
3.8462,49.0,5.3651226158038146,34.18,-118.33,2.313
5.5101,35.0,6.13968253968254,34.19,-118.62,2.674
4.9286,39.0,4.898360655737705,33.93,-118.42,3.414
2.6333,41.0,3.7242268041237114,34.29,-119.3,1.708
4.806,20.0,5.86797385620915,34.41,-119.52,2.797
2.7708,33.0,4.316037735849057,33.91,-118.19,1.174
4.2321,17.0,6.3237971391417425,32.85,-116.75,2.174
5.1664,37.0,4.619047619047619,34.0,-118.46,3.267
4.7396,52.0,7.098245614035088,32.76,-117.18,4.417
4.065,6.0,6.347670250896058,33.82,-117.08,1.482
2.8466,34.0,6.369565217391305,39.6,-122.05,0.953
3.3438,52.0,4.663461538461538,37.78,-122.26,2.013
4.0609,47.0,4.430446194225722,33.97,-118.22,1.713
4.9292,15.0,6.333333333333333,36.83,-119.75,1.094
4.1483,25.0,5.678420310296191,37.95,-121.96,1.812
2.9744,43.0,6.070063694267516,38.26,-121.56,1.368
7.9943,16.0,8.367609254498715,34.2,-118.9,4.521
7.8139,9.0,6.645061728395062,33.72,-117.77,3.047
1.4415,36.0,3.967741935483871,36.56,-119.6,0.544
1.6645,20.0,5.671814671814672,36.35,-119.42,0.48
4.5096,36.0,5.627403846153846,37.03,-122.08,2.037
4.5032,19.0,5.754475703324808,32.95,-117.03,1.689
3.0278,26.0,5.803347280334728,34.07,-117.39,0.968
4.0357,12.0,6.233333333333333,33.29,-117.2,2.959
2.15,47.0,3.3795620437956204,37.74,-122.17,0.972
2.4375,12.0,3.9617373319544984,34.2,-118.48,2.554
3.0089,24.0,5.93950177935943,38.89,-120.01,1.008
4.1776,35.0,4.425172197871008,37.48,-122.19,2.653
3.755,40.0,3.876543209876543,34.01,-118.48,3.983
4.517,21.0,5.749303621169917,38.03,-121.09,1.522
6.4114,15.0,7.52755905511811,33.6,-117.65,2.787
4.6,30.0,6.246732026143791,34.16,-118.47,3.925
2.7661,38.0,4.682266009852217,32.74,-117.07,1.139
7.0549,52.0,6.785714285714286,37.82,-122.21,3.314
3.5192,9.0,4.863716814159292,38.57,-121.31,1.133
6.9096,33.0,7.392592592592592,37.73,-122.13,3.418
3.3438,25.0,4.297674418604651,33.84,-118.08,1.533
2.1766,36.0,2.8355555555555556,34.08,-118.3,2.056
2.0714,31.0,3.9757575757575756,33.99,-118.47,3.0
2.9293,52.0,4.084905660377358,37.78,-122.46,3.5
2.7443,39.0,4.347222222222222,33.89,-118.21,1.139
7.8252,10.0,8.437611408199643,34.16,-117.59,3.614
2.3125,38.0,4.45,39.12,-123.19,0.7
6.8677,25.0,6.785454545454545,37.4,-121.84,2.885
3.069,35.0,5.317280453257791,36.81,-119.79,0.696
6.2953,26.0,6.823899371069182,37.92,-122.49,3.862
3.3926,32.0,5.575438596491228,38.6,-121.3,1.034
2.5373,18.0,4.734887108521486,38.91,-121.06,1.43
3.7454,30.0,4.367170626349892,33.78,-117.87,1.86
2.2422,30.0,3.286052009456265,34.08,-118.31,2.545
4.7973,28.0,5.964406779661017,32.75,-116.97,1.869
1.695,39.0,2.4695121951219514,33.96,-118.23,0.948
6.3735,8.0,5.339130434782609,38.09,-122.19,1.663
4.1661,31.0,5.296570898980537,34.11,-118.16,3.644
4.875,52.0,5.103603603603603,34.17,-118.34,2.495
2.2482,19.0,4.524978089395267,34.14,-117.25,1.145
4.8185,26.0,5.96,34.85,-120.4,1.579
3.8185,27.0,5.326359832635983,33.14,-117.06,1.372
4.9615,28.0,5.411009174311927,37.53,-121.96,2.28
7.7112,42.0,5.59375,34.14,-118.38,3.867
2.7727,19.0,5.091295116772824,38.31,-122.48,1.868
4.263,31.0,5.9609665427509295,34.08,-117.43,1.274
3.625,28.0,3.9756888168557536,32.79,-117.23,2.667
3.5987,19.0,6.167259786476868,36.57,-119.59,1.317
5.4103,32.0,6.114285714285714,37.28,-122.0,3.359
2.4821,43.0,4.778761061946903,32.72,-117.13,1.406
4.6324,16.0,5.685410334346504,38.32,-122.69,1.836
3.9673,24.0,4.291153415453527,34.05,-118.43,4.773
3.4896,9.0,5.9620596205962055,38.68,-121.2,1.438
3.1106,11.0,3.67680608365019,34.16,-118.37,2.094
1.5823,18.0,4.822107081174439,34.12,-116.44,0.724
2.875,43.0,5.391304347826087,37.09,-120.95,0.972
3.1923,31.0,5.348697394789579,32.72,-117.06,1.169
3.75,41.0,4.329545454545454,34.05,-118.18,1.231
1.6983,34.0,4.872586872586872,40.58,-122.38,0.726
2.587,33.0,5.549333333333333,34.07,-117.66,1.381
1.7574,42.0,4.722222222222222,40.5,-124.1,0.575
3.6696,15.0,5.141903171953255,38.4,-122.84,1.944
3.2174,17.0,6.756521739130434,39.49,-121.47,0.918
3.2917,28.0,4.512345679012346,34.29,-119.17,2.25
4.9375,35.0,5.3428571428571425,33.91,-118.13,1.838
3.0199,25.0,4.067385444743936,34.15,-118.27,2.202
3.0431,41.0,4.605475040257649,34.2,-118.34,2.629
3.1176,33.0,4.293413173652695,37.23,-121.98,3.963
2.5083,21.0,4.604784688995215,38.75,-121.27,1.285
1.6875,41.0,5.570063694267516,36.59,-119.45,0.661
5.0434,26.0,5.549822064056939,34.43,-119.74,3.404
4.0079,10.0,7.538853503184713,33.73,-116.38,1.345
2.1532,28.0,4.301136363636363,32.75,-117.17,2.4
3.0179,15.0,5.5727969348659006,40.88,-121.65,0.613
2.5395,23.0,5.076980014803849,33.64,-117.35,1.092
4.7083,25.0,5.248259860788863,37.64,-122.07,1.909
4.1316,52.0,5.174647887323943,34.44,-119.71,4.43
5.0796,35.0,6.112359550561798,34.19,-118.5,2.283
4.3661,35.0,5.797665369649805,33.8,-117.84,2.221
2.3087,11.0,5.364518250575468,36.64,-121.79,1.188
4.6607,4.0,5.012295081967213,33.51,-117.69,1.73
5.3794,52.0,6.861016949152543,37.86,-122.25,3.769
3.7312,35.0,4.602787456445993,37.46,-122.13,1.596
7.2772,36.0,7.858156028368795,34.23,-118.51,4.772
3.8068,19.0,5.214285714285714,38.11,-122.6,2.016
4.7961,4.0,4.825174825174825,33.12,-117.29,1.688
0.9204,43.0,4.1645569620253164,38.59,-121.48,0.821
3.1445,45.0,4.840361445783133,34.11,-118.28,4.383
4.023,35.0,5.217798594847775,33.91,-118.07,1.577
1.4844,52.0,3.943661971830986,32.67,-117.11,0.833
3.6719,36.0,3.1846153846153844,33.92,-118.2,1.304
5.0325,30.0,6.097222222222222,34.22,-118.49,2.382
3.3017,5.0,3.2436548223350252,33.74,-117.93,0.875
3.2279,34.0,5.191335740072202,34.44,-119.29,2.431
4.6696,46.0,6.049668874172186,37.76,-122.16,1.643
2.137,37.0,3.8529411764705883,33.79,-118.19,1.266
6.5987,24.0,7.375565610859729,33.72,-117.82,2.728
2.9708,27.0,5.494577006507592,36.04,-120.14,0.609
4.5553,37.0,5.956521739130435,37.71,-122.16,1.91
6.603,32.0,6.497512437810945,33.99,-118.39,3.692
5.0818,35.0,5.188405797101449,34.22,-118.39,1.868
2.2685,16.0,3.930355791067373,32.62,-117.08,1.519
3.6375,26.0,4.933774834437086,33.86,-117.92,1.339
2.1422,19.0,3.7995169082125604,32.81,-116.97,1.25
2.1,19.0,3.774390243902439,36.4,-117.02,0.14999
2.6506,33.0,4.327464788732394,37.47,-122.16,1.626
3.05,34.0,4.499207606973059,34.09,-117.64,1.213
3.4115,16.0,5.408719346049046,33.62,-117.64,1.848
4.2075,15.0,6.111334002006018,38.5,-121.54,1.836
4.1719,36.0,5.3534883720930235,37.61,-122.04,1.87
4.6042,31.0,5.539823008849558,33.84,-117.98,2.207
3.7449,6.0,5.237011592958352,38.63,-121.49,1.293
6.075,19.0,7.8487229862475445,34.13,-117.66,2.541
5.9369,5.0,7.855313700384123,34.13,-117.57,2.252
5.8178,27.0,5.752136752136752,37.27,-121.88,2.674
4.4519,14.0,5.424180327868853,34.63,-120.2,2.279
5.8195,25.0,6.585513078470825,33.71,-117.97,2.861
4.1807,6.0,5.397260273972603,33.17,-117.3,1.826
3.1739,52.0,3.985276073619632,33.78,-118.16,2.229
5.3451,14.0,6.1537037037037035,38.73,-121.26,1.721
3.375,10.0,5.975138121546961,34.5,-117.35,0.98
4.8526,16.0,5.953068592057762,33.14,-117.13,1.707
1.6806,46.0,3.948936170212766,32.67,-117.11,0.925
1.4141,18.0,5.907692307692308,35.62,-118.45,0.758
3.3776,23.0,3.789072426937738,34.43,-119.75,2.832
5.4324,17.0,5.97583081570997,37.69,-121.8,2.155
3.6413,15.0,5.487128712871288,40.66,-122.25,1.085
3.6856,33.0,5.950718685831622,34.13,-117.25,0.9
5.1668,28.0,5.701252236135957,34.3,-118.41,1.874
4.9271,14.0,5.977346278317152,37.82,-121.23,1.553
2.6895,30.0,5.091379310344828,33.97,-117.38,1.5
4.6864,35.0,6.4504950495049505,34.29,-118.44,1.938
2.1563,36.0,6.042194092827004,36.69,-119.69,0.883
2.4754,16.0,5.282555282555283,33.2,-117.29,1.573
1.9792,22.0,4.553072625698324,37.72,-121.29,0.63
7.7738,14.0,7.237333333333333,37.21,-121.83,3.875
4.8462,36.0,5.752969121140143,33.82,-118.1,2.257
4.5833,5.0,3.888888888888889,33.66,-117.84,2.304
4.7361,22.0,6.08021978021978,37.7,-121.8,2.168
3.6058,46.0,5.234649122807017,34.14,-118.19,2.579
2.1375,39.0,4.883495145631068,34.13,-117.26,0.875
2.7083,52.0,4.9523809523809526,32.72,-117.13,1.991
2.3333,47.0,4.76878612716763,34.0,-118.33,1.333
3.2426,50.0,3.8567741935483872,34.08,-118.33,4.429
3.865,30.0,6.060669456066946,38.69,-121.39,0.884
5.1271,36.0,6.026706231454006,33.81,-118.37,4.583
4.8096,16.0,5.512071156289708,37.65,-122.46,2.62
3.0465,17.0,5.932843651626443,38.42,-120.72,1.441
1.9423,21.0,4.900452488687783,38.51,-121.42,0.878
3.0795,8.0,4.0524017467248905,34.25,-118.29,1.615
3.2986,25.0,5.5608108108108105,32.71,-117.05,1.192
5.4035,44.0,5.616541353383458,34.01,-118.4,3.563
7.0691,13.0,6.6896969696969695,37.57,-121.87,3.932
2.2083,52.0,4.8561872909699,39.21,-121.06,1.039
4.3621,13.0,4.752830188679245,37.32,-121.86,1.734
6.04,16.0,7.245283018867925,32.84,-117.11,2.43
2.1776,34.0,4.633744855967078,38.61,-121.42,0.844
6.5095,25.0,6.631578947368421,37.72,-122.13,3.712
2.4421,9.0,3.3449931412894376,34.14,-118.24,2.221
3.256,18.0,4.321782178217822,37.53,-122.03,1.833
3.6196,9.0,4.109215017064846,33.57,-117.7,1.199
2.9479,5.0,5.564150943396227,34.55,-117.54,0.833
5.3679,18.0,4.5055350553505535,37.35,-122.02,2.284
1.9875,52.0,3.1875,34.32,-118.35,1.917
3.434,17.0,5.352941176470588,32.78,-116.94,1.932
1.7849,46.0,4.294326241134752,33.99,-118.28,0.993
2.8169,29.0,4.266558966074314,33.84,-118.0,1.651
5.4617,17.0,5.48785046728972,33.92,-117.89,1.903
2.4375,20.0,4.79074074074074,36.93,-121.77,1.904
6.3088,6.0,7.038608400509122,33.48,-117.7,3.403
3.5,46.0,4.748251748251748,34.27,-119.25,2.212
1.6955,43.0,4.797872340425532,34.02,-118.31,1.152
3.0592,45.0,4.5501285347043705,34.07,-118.12,2.125
2.5562,34.0,3.1692913385826773,34.05,-118.02,1.563
2.2652,24.0,3.7652542372881355,34.17,-118.4,2.692
3.1129,42.0,4.7325842696629215,38.32,-122.48,1.493
3.5426,26.0,5.301321585903084,33.66,-117.88,2.954
5.687,25.0,6.71875,34.24,-119.03,2.381
2.9861,34.0,3.6834170854271355,34.2,-118.37,1.718
1.7589,28.0,3.5028735632183907,33.79,-118.17,1.183
6.2561,51.0,6.707746478873239,37.74,-122.46,4.31
5.7862,11.0,6.758558558558558,38.01,-122.24,2.694
1.5817,20.0,7.190476190476191,38.53,-119.44,0.978
3.0216,37.0,5.539094650205762,40.79,-124.15,0.864
3.1062,11.0,5.140302613480055,33.23,-117.34,1.41
5.0016,3.0,7.246069182389937,38.0,-121.73,1.891
5.5224,24.0,4.285714285714286,34.09,-118.37,4.0
3.1875,23.0,5.275092936802974,38.79,-121.24,1.102
3.0167,39.0,4.087234042553192,33.93,-118.22,1.3
0.7526,5.0,2.5796610169491525,38.58,-121.5,1.625
2.5129,19.0,5.186206896551724,37.38,-120.64,0.846
3.8203,11.0,6.113695090439276,38.02,-120.31,1.397
7.1673,14.0,5.506811989100817,33.72,-118.08,3.407
1.6038,23.0,4.505030181086519,34.17,-119.15,1.943
4.4367,5.0,6.1020408163265305,34.2,-117.35,1.332
4.6681,19.0,6.050802139037433,33.83,-118.04,3.207
2.1153,18.0,4.280898876404494,36.34,-120.08,1.125
4.1094,37.0,5.830985915492958,33.84,-118.12,2.158
2.1625,18.0,5.488135593220339,39.42,-123.35,0.772
2.8835,16.0,3.85203153426319,33.78,-117.89,1.938
5.1097,29.0,5.55510752688172,37.9,-122.08,2.88
3.24,9.0,6.2181069958847734,35.52,-121.11,2.646
4.375,36.0,4.896373056994818,33.92,-118.15,1.842
1.6875,52.0,3.0892857142857144,36.91,-121.75,1.614
3.9816,27.0,4.928667563930014,33.73,-117.93,1.795
3.8247,33.0,4.827160493827161,34.21,-118.55,2.087
4.1523,34.0,4.6415094339622645,34.22,-118.24,2.52
6.2296,26.0,7.216666666666667,37.94,-121.94,2.917
3.2188,36.0,5.4770408163265305,33.85,-117.93,1.969
2.785,32.0,4.1726190476190474,38.41,-122.82,1.693
1.7427,32.0,4.757575757575758,40.69,-122.36,0.606
2.6176,17.0,5.361344537815126,36.72,-119.82,0.541
1.642,24.0,3.707509881422925,38.58,-121.52,0.325
5.9291,23.0,5.166666666666667,37.4,-122.08,2.846
3.9722,47.0,5.739130434782608,33.96,-118.3,1.174
3.4238,25.0,4.162544169611308,37.36,-122.0,3.37
3.9444,18.0,5.422087745839637,37.54,-121.99,2.401
3.7045,6.0,5.353474320241692,37.48,-121.14,1.281
3.05,52.0,5.445378151260504,34.0,-118.3,1.116
3.175,26.0,4.670588235294118,34.07,-118.09,1.708
1.4577,38.0,3.9811827956989245,36.71,-119.75,0.498
2.8106,24.0,4.8865836791148,38.65,-121.33,1.832
3.5192,36.0,5.85969387755102,32.75,-117.04,1.44
1.947,24.0,3.8807733619763694,32.64,-117.09,1.475
3.1929,27.0,4.122905027932961,36.21,-121.13,1.379
5.246,11.0,7.290148448043185,34.14,-117.38,1.614
4.8304,27.0,6.27887323943662,37.77,-122.14,2.791
7.6016,9.0,7.389408099688474,34.17,-118.95,3.449
6.9014,21.0,8.379576107899807,33.77,-117.79,4.39
3.9375,32.0,5.3,34.0,-117.88,1.875
5.8891,37.0,6.522641509433963,34.1,-117.73,2.26
2.2344,52.0,4.337539432176656,33.77,-118.2,2.0
2.8594,48.0,5.307339449541284,34.07,-117.76,1.272
2.5667,40.0,6.5120481927710845,34.52,-120.39,2.393
1.8798,40.0,3.961864406779661,33.95,-118.27,1.013
4.25,22.0,4.493387589013225,33.79,-117.91,1.703
0.8024,48.0,5.136645962732919,39.51,-121.55,0.583
2.2788,38.0,4.429203539823009,38.67,-121.38,0.734
4.8283,4.0,6.795894428152493,34.13,-117.42,1.419
2.4083,52.0,6.721739130434782,37.81,-122.28,0.982
2.8357,17.0,5.308255659121172,38.37,-121.94,1.201
1.8208,19.0,5.426997245179064,41.09,-123.72,0.5
2.6786,21.0,5.008264462809917,34.31,-119.1,1.84
3.7352,32.0,6.475357710651828,38.68,-122.87,2.28
5.8221,36.0,5.7913669064748206,37.56,-122.29,2.894
5.3098,22.0,5.589147286821706,38.0,-121.88,1.519
2.4196,41.0,6.807017543859649,36.95,-120.08,0.707
7.0526,18.0,6.117283950617284,33.88,-117.82,3.275
2.7361,35.0,4.4916201117318435,34.03,-117.95,1.457
4.9375,35.0,6.148837209302326,37.69,-122.49,2.77
1.7743,20.0,3.9611197511664074,32.76,-117.08,1.403
2.2656,47.0,3.792207792207792,34.03,-118.21,1.45
4.7738,35.0,6.048484848484849,33.81,-117.96,1.8
3.5114,52.0,4.411347517730497,34.08,-118.39,4.308
5.7405,48.0,5.324626865671642,34.01,-118.4,3.516
2.0294,15.0,5.573200992555831,36.72,-119.73,0.704
1.9417,20.0,4.950207468879668,36.55,-120.51,0.388
4.2308,49.0,6.328671328671328,38.12,-122.23,1.458
6.2162,16.0,6.639658848614072,33.71,-117.79,2.832
1.9762,52.0,4.242753623188406,34.06,-117.75,1.058
4.8036,4.0,3.9246575342465753,37.39,-122.08,3.4
2.9886,21.0,5.097130242825607,36.31,-119.32,0.875
2.3276,23.0,5.625444839857651,33.7,-117.2,0.924
2.12,26.0,3.802281368821293,33.9,-118.2,1.05
4.6424,32.0,5.834829443447037,37.88,-122.04,3.127
4.0781,48.0,4.466666666666667,37.73,-122.42,2.503
5.9088,5.0,5.880597014925373,33.53,-117.7,2.885
5.5849,15.0,5.885662431941924,37.26,-121.83,2.574
2.5129,15.0,4.826530612244898,35.27,-120.65,2.259
1.474,35.0,3.621700879765396,36.34,-119.29,0.71
3.2594,36.0,4.0595854922279795,33.88,-118.35,2.339
5.4051,27.0,5.747553816046967,37.27,-121.99,2.735
3.5404,38.0,5.64349376114082,37.97,-121.33,0.916
3.8156,13.0,6.522340425531915,33.28,-117.28,1.507
2.9764,14.0,4.578397212543554,34.06,-118.11,1.603
3.2452,17.0,5.841573033707865,38.58,-122.83,1.688
2.5677,16.0,4.326133909287257,34.07,-117.62,1.289
3.3389,35.0,4.650224215246637,34.11,-118.23,1.871
3.0515,21.0,5.328450269853508,37.31,-120.44,0.952
4.175,36.0,5.398601398601398,34.2,-118.56,1.909
4.3438,19.0,5.181500872600349,34.1,-117.67,1.557
3.1286,19.0,5.23607427055703,37.66,-120.97,1.375
4.8017,39.0,5.669950738916256,34.1,-118.04,2.738
2.4432,37.0,2.8667992047713717,34.09,-118.34,2.0
4.0313,29.0,4.844444444444444,37.52,-122.28,4.352
4.1042,36.0,5.822085889570552,33.92,-118.25,1.244
6.5217,52.0,6.39935064935065,37.81,-122.22,2.737
0.8252,15.0,5.05,39.48,-121.57,0.425
3.6705,46.0,5.49438202247191,34.16,-118.06,2.865
4.0,52.0,5.142857142857143,34.16,-118.13,2.504
3.6528,16.0,4.212523719165086,32.78,-117.11,1.332
5.1701,37.0,5.598870056497175,37.54,-122.28,2.942
3.8274,52.0,5.341959334565619,37.72,-122.44,2.52
1.9135,16.0,4.833333333333333,37.36,-120.61,0.875
4.0893,31.0,3.6457800511508953,34.01,-118.48,3.815
4.6127,30.0,5.715919923736892,38.63,-121.37,1.518
3.7891,10.0,3.750556792873051,33.16,-117.35,2.063
1.9643,41.0,4.6066666666666665,37.63,-121.01,0.749
2.4659,27.0,6.311320754716981,34.39,-119.34,2.313
4.0441,45.0,4.873994638069705,33.94,-118.2,1.575
2.03,38.0,4.686274509803922,36.78,-119.79,0.588
1.8975,36.0,5.052863436123348,36.6,-119.45,0.609
5.269,36.0,6.090909090909091,33.84,-118.34,3.319
3.1083,33.0,5.069182389937107,33.96,-118.15,2.855
2.9762,19.0,5.541850220264317,33.51,-117.67,1.844
3.7361,48.0,5.754617414248021,37.75,-122.49,3.202
3.6607,45.0,5.407476635514018,37.72,-122.39,1.923
4.1162,27.0,6.334224598930481,32.8,-117.02,1.772
2.6667,42.0,4.162241887905605,34.17,-119.17,1.649
5.2561,19.0,6.159645232815964,36.32,-119.33,1.213
1.9704,35.0,3.504012841091493,34.2,-119.16,1.603
7.7799,25.0,7.045936395759718,37.34,-122.04,4.473
3.8824,37.0,5.04927536231884,38.02,-122.09,1.137
2.2559,24.0,3.837947332883187,34.07,-118.01,1.668
2.455,8.0,3.543923381770145,33.91,-118.33,1.927
3.6528,34.0,6.640449438202247,32.82,-115.32,1.0
3.8427,36.0,4.3644793152639085,34.12,-118.15,3.197
1.3631,28.0,4.851936218678816,39.1,-121.56,0.455
3.6949,4.0,5.733651226158038,35.14,-118.48,1.158
4.0114,30.0,4.878464818763327,32.83,-117.19,1.698
2.6147,11.0,6.26813880126183,39.82,-121.63,1.077
4.0726,38.0,4.666666666666667,37.54,-122.31,3.854
2.2031,36.0,4.170068027210885,38.57,-121.51,0.938
6.5648,32.0,7.355844155844156,34.03,-117.15,2.372
5.6732,43.0,5.907090464547677,33.96,-118.4,3.307
3.5125,38.0,4.445972495088409,37.9,-122.3,2.242
5.756,16.0,6.117493472584856,34.22,-118.88,3.027
3.425,38.0,4.031719532554257,33.74,-117.86,1.656
1.5652,38.0,3.161290322580645,34.02,-118.26,1.231
6.5841,14.0,7.271375464684015,33.93,-117.83,3.064
2.2222,17.0,3.86046511627907,33.65,-117.91,2.768
1.7132,38.0,4.408740359897172,34.0,-118.24,1.082
6.4562,23.0,7.626506024096385,38.09,-121.23,2.3
2.4605,43.0,4.082228116710875,34.01,-118.11,1.96
6.6579,9.0,5.659528907922912,37.97,-122.08,2.452
1.7031,16.0,3.500770416024653,35.29,-120.66,1.95
4.4342,20.0,5.310126582278481,34.96,-120.42,1.607
3.8194,21.0,4.791773778920309,32.71,-117.06,1.257
4.7019,14.0,6.466409266409267,33.15,-117.11,1.911
4.1339,34.0,5.320158102766799,34.07,-117.73,1.35
2.9025,20.0,3.931137724550898,34.2,-118.47,2.291
2.7075,29.0,3.6126829268292684,37.51,-122.26,3.238
4.1597,37.0,4.371584699453552,34.2,-118.54,2.016
6.2575,15.0,7.35546875,38.39,-121.37,1.435
5.0629,23.0,5.7381174277726,33.84,-117.84,2.326
4.3816,35.0,6.126984126984127,36.32,-119.32,0.886
4.3333,39.0,5.7913669064748206,34.13,-118.35,3.859
3.4327,31.0,4.3429394812680115,34.07,-117.99,1.472
1.7075,29.0,5.313664596273292,32.71,-117.1,0.869
2.9559,13.0,3.972491909385113,33.9,-118.3,1.736
3.6625,37.0,5.601607347876005,32.76,-117.05,1.548
4.1775,4.0,5.495446265938069,34.04,-117.49,1.437
2.6477,32.0,5.885964912280702,35.13,-117.28,0.533
5.5342,9.0,4.61070110701107,33.64,-117.75,1.823
1.6467,34.0,4.078431372549019,33.96,-118.27,0.909
2.0357,32.0,4.51063829787234,33.89,-118.19,1.073
3.3431,10.0,4.5958762886597935,37.72,-122.16,1.375
1.9257,27.0,4.20303605313093,34.65,-120.45,1.353
3.7969,29.0,6.329545454545454,33.93,-118.3,1.694
1.8205,42.0,4.436781609195402,38.52,-121.47,0.604
3.2813,10.0,6.030927835051546,39.16,-121.0,1.632
4.1856,52.0,5.004901960784314,37.78,-122.47,4.047
3.9803,35.0,5.201923076923077,34.03,-117.96,1.526
5.0389,13.0,5.070093457943925,39.1,-121.14,1.715
6.6355,19.0,7.210909090909091,33.75,-117.95,2.761
3.2857,21.0,3.945827232796486,33.79,-117.99,2.133
6.5964,14.0,6.604508196721311,33.43,-117.59,3.588
6.9135,52.0,6.1656441717791415,34.17,-118.27,3.74
2.1366,23.0,2.269607843137255,33.92,-118.22,1.0
6.5483,20.0,7.588516746411483,34.3,-118.71,3.35
2.1362,10.0,4.362285714285714,32.72,-117.0,1.432
4.2254,15.0,5.504065040650406,36.98,-122.06,3.209
2.5437,12.0,5.065656565656566,38.02,-121.29,0.99
2.4884,43.0,4.202321724709784,36.68,-121.62,1.305
3.9063,32.0,5.404109589041096,37.64,-122.09,1.842
3.7043,17.0,5.677966101694915,38.03,-121.97,1.398
3.6406,19.0,6.3147353361945635,38.72,-120.78,1.509
4.0469,33.0,5.597058823529411,34.1,-118.22,1.966
2.7679,33.0,4.827433628318584,34.01,-118.08,1.764
3.4044,18.0,6.171232876712328,36.68,-119.41,1.153
2.925,26.0,4.302752293577981,33.76,-118.0,1.76
2.7273,44.0,4.5625,32.73,-117.23,2.697
4.7568,12.0,6.446215139442231,33.92,-117.16,1.435
2.006,25.0,5.186335403726708,37.96,-120.47,1.03
2.6042,29.0,4.138728323699422,33.43,-118.48,2.875
2.8828,26.0,5.290617848970252,33.76,-117.85,2.047
3.5,10.0,5.72791519434629,40.25,-122.35,1.043
6.3277,14.0,7.076071922544951,34.44,-118.55,2.377
4.7159,36.0,5.613138686131387,33.89,-118.1,1.821
3.2442,32.0,6.167630057803469,38.29,-122.77,2.68
2.3633,28.0,3.5587734241908007,37.32,-121.92,1.984
2.3762,20.0,4.214363438520131,33.13,-117.05,0.985
3.3203,27.0,5.8671875,34.65,-120.45,1.347
5.826,14.0,6.235995232419547,33.61,-117.64,2.479
3.8547,17.0,5.6647058823529415,33.39,-117.14,2.083
1.2171,33.0,5.084033613445378,34.11,-117.26,0.593
1.9441,18.0,4.157051282051282,38.51,-122.45,1.844
2.6,40.0,3.824,34.02,-118.14,1.806
2.9286,31.0,3.948,32.76,-117.1,1.518
4.0737,36.0,4.522857142857143,33.88,-118.35,2.382
3.2633,21.0,5.265270506108203,32.61,-117.05,1.297
3.7067,45.0,4.843283582089552,33.98,-118.34,1.366
5.0175,36.0,5.610714285714286,37.34,-121.94,2.461
2.0901,27.0,4.06,38.56,-121.37,0.525
7.5822,14.0,7.546419098143236,34.04,-117.15,2.831
2.7303,22.0,6.388513513513513,39.01,-121.56,0.991
4.023,14.0,5.594736842105263,38.42,-122.66,2.084
2.1429,52.0,5.502923976608187,37.98,-121.28,0.699
3.3871,3.0,5.4960686204431735,34.49,-117.29,1.118
2.1786,44.0,4.109589041095891,37.8,-121.21,1.208
4.575,36.0,4.9879154078549846,37.37,-121.98,2.154
2.6618,37.0,3.8741721854304636,38.28,-122.27,1.362
5.0774,34.0,5.5807926829268295,37.54,-122.32,4.072
2.5,32.0,4.862857142857143,36.25,-119.46,0.736
3.6786,27.0,5.929078014184397,38.64,-121.37,1.597
1.2292,36.0,4.833333333333333,38.59,-121.55,0.696
4.6186,32.0,5.031390134529148,34.18,-119.19,1.811
2.2206,50.0,4.622754491017964,36.73,-119.81,0.592
4.6852,34.0,5.332599118942731,34.23,-118.25,2.962
2.9936,12.0,5.5,36.31,-119.68,0.606
3.7933,34.0,5.327868852459017,34.07,-117.79,1.161
3.2632,43.0,5.613744075829384,37.66,-121.0,1.381
3.1392,52.0,4.993231810490694,37.78,-122.47,4.224
4.9013,45.0,5.635220125786163,37.56,-122.31,3.301
1.9837,37.0,4.786516853932584,38.53,-121.48,0.623
2.7401,41.0,5.412,33.94,-118.31,1.317
5.2128,52.0,5.862934362934363,37.76,-122.23,2.899
2.1969,47.0,5.767676767676767,37.65,-121.01,1.494
3.3616,13.0,5.896240601503759,33.97,-116.52,0.896
3.2929,27.0,5.068711656441717,36.71,-121.66,1.575
3.5221,52.0,4.834008097165992,37.78,-122.47,4.433
2.8152,27.0,6.142028985507246,36.16,-119.45,1.069
3.25,29.0,4.505665722379604,33.94,-117.41,1.125
3.4,38.0,4.877675840978593,34.3,-118.44,1.555
6.126,7.0,6.332386363636363,33.47,-117.68,2.856
2.2361,46.0,4.4,38.02,-121.82,0.938
1.2794,33.0,4.335968379446641,37.11,-120.26,0.507
1.9571,15.0,4.440993788819876,33.22,-117.22,1.625
5.1169,46.0,5.590106007067138,34.16,-118.39,4.143
2.0216,17.0,4.581967213114754,37.09,-121.02,1.125
3.117,37.0,4.87603305785124,33.96,-118.03,1.646
1.6007,21.0,3.6454918032786887,32.59,-117.07,0.962
2.9798,35.0,4.86254295532646,33.84,-118.18,3.156
2.9554,17.0,4.643020594965675,34.08,-117.37,1.15
5.2888,32.0,5.951672862453532,34.44,-119.67,4.638
2.9559,22.0,5.909937888198757,37.02,-121.83,2.884
1.9286,33.0,3.912772585669782,32.71,-117.12,0.785
3.25,52.0,3.6810344827586206,34.02,-118.35,1.347
2.5727,27.0,4.787234042553192,38.25,-121.3,0.861
2.8235,34.0,4.065759637188209,33.8,-117.86,1.531
4.7381,43.0,6.446666666666666,37.61,-122.41,3.474
5.038,9.0,5.428415300546448,38.42,-122.79,1.856
3.4107,33.0,5.954022988505747,36.64,-119.63,1.104
2.625,36.0,6.029585798816568,36.86,-121.51,2.1
3.3906,42.0,5.416974169741698,38.53,-121.49,1.242
2.4375,29.0,6.74496644295302,33.99,-117.64,1.813
3.7562,17.0,5.728215767634855,38.64,-121.34,1.397
4.6944,52.0,5.990196078431373,37.97,-122.56,3.989
2.7474,43.0,4.418952618453865,37.58,-122.33,2.331
4.5833,42.0,5.2810077519379846,34.04,-118.43,4.275
3.0592,28.0,5.378516624040921,38.07,-121.25,1.528
2.8819,33.0,5.022779043280182,33.19,-117.37,2.086
1.5911,29.0,4.57092819614711,36.07,-119.02,0.608
4.6923,37.0,5.271493212669683,33.95,-118.01,1.81
2.1898,28.0,3.8656195462478187,37.73,-122.15,1.417
1.4366,18.0,4.5588793922127255,33.75,-116.99,0.77
5.0,18.0,5.66941297631308,37.56,-121.99,2.697
5.2783,12.0,4.466019417475728,34.16,-119.18,1.674
3.5282,31.0,5.26056338028169,32.83,-115.57,0.675
4.5536,9.0,6.534939759036145,34.96,-120.41,1.901
5.0258,12.0,5.882911392405063,33.89,-117.92,1.618
1.7756,21.0,4.904761904761905,36.07,-119.05,0.629
1.2029,28.0,5.608208955223881,38.95,-122.64,0.689
5.4221,15.0,5.076794657762938,37.66,-122.46,2.847
5.1834,26.0,5.037878787878788,37.94,-122.54,4.055
2.5156,32.0,4.833333333333333,37.83,-121.28,0.863
7.5337,29.0,6.233812949640288,37.36,-122.05,4.068
1.8571,31.0,3.4684684684684686,38.63,-121.4,0.987
3.7734,36.0,5.82258064516129,37.95,-121.24,0.638
3.6023,33.0,5.737430167597766,34.69,-120.43,1.283
5.636,49.0,5.117647058823529,34.16,-118.35,2.679
3.5529,43.0,5.865761689291101,32.76,-117.09,2.23
5.399,34.0,5.35258358662614,33.83,-118.34,3.585
3.1406,33.0,5.4485842026825635,37.97,-121.35,0.939
2.3657,19.0,5.405797101449275,40.09,-122.08,0.94
4.1538,36.0,5.764150943396227,33.84,-118.16,2.188
2.7,45.0,4.639769452449568,34.41,-118.8,1.204
3.1442,50.0,4.507692307692308,34.02,-118.34,1.303
4.5094,12.0,4.42638036809816,33.67,-117.77,1.602
3.9485,32.0,4.571428571428571,33.9,-118.35,2.3
2.4107,21.0,6.568627450980392,41.69,-122.56,0.701
4.7308,35.0,5.666666666666667,33.83,-118.37,3.534
3.05,20.0,4.216216216216216,36.02,-119.8,2.25
3.5268,22.0,4.493197278911564,33.81,-118.0,1.747
3.6953,13.0,4.388402625820569,38.33,-122.71,1.576
6.7974,33.0,5.992481203007519,36.98,-122.04,3.676
1.9727,19.0,4.956386292834891,40.17,-122.25,0.649
4.0549,34.0,5.758853288364249,32.76,-117.01,2.237
2.2791,23.0,5.394944707740916,34.86,-120.45,1.148
5.3241,14.0,7.049645390070922,36.83,-119.82,1.23
2.065,23.0,4.8034934497816595,38.55,-121.76,2.194
1.7765,40.0,3.9490084985835696,38.58,-121.46,1.098
2.3462,42.0,3.75,34.01,-118.18,1.273
5.0863,30.0,5.4784053156146175,37.25,-121.95,3.32
2.3438,26.0,4.54183266932271,33.61,-117.71,0.723
5.0,26.0,5.768072289156627,36.67,-121.68,2.023
4.5391,14.0,6.016688061617458,33.37,-117.24,1.809
1.9881,12.0,4.513888888888889,40.56,-122.35,0.852
4.7965,5.0,5.84015984015984,33.76,-117.54,1.608
3.1087,24.0,4.735015772870662,33.82,-118.0,2.028
4.6713,33.0,4.643097643097643,33.87,-118.11,2.318
3.25,37.0,4.2349726775956285,34.08,-118.03,1.592
5.1984,36.0,5.533333333333333,33.83,-118.36,3.536
2.1383,31.0,3.3344947735191637,34.06,-118.04,1.534
3.2308,26.0,4.8159090909090905,32.81,-117.13,1.665
2.8247,15.0,4.953029759770527,33.15,-117.04,1.5
3.0382,23.0,4.019723865877712,33.74,-117.83,1.836
1.9439,17.0,3.6409155937052935,33.76,-117.99,1.777
1.6865,19.0,6.211699164345404,38.95,-122.62,0.588
3.4426,7.0,5.416393442622951,37.73,-121.16,1.39
5.2015,6.0,5.69647847959754,38.0,-122.09,2.042
3.9722,38.0,5.292878635907723,37.65,-122.44,2.762
1.8125,37.0,4.3326271186440675,32.7,-117.11,0.833
1.4375,52.0,4.0,38.58,-121.49,1.688
2.925,43.0,4.85655737704918,37.35,-121.89,1.708
2.6346,44.0,5.013586956521739,38.3,-122.3,1.398
3.1327,24.0,4.665121668597914,36.93,-121.75,2.181
2.6,36.0,3.766899766899767,34.09,-118.36,3.136
1.735,14.0,4.599397590361446,32.73,-115.53,0.612
5.539,45.0,5.9609756097560975,37.54,-122.31,3.969
3.3409,34.0,5.0633333333333335,34.05,-117.94,1.612
2.2981,26.0,3.6598290598290597,33.76,-118.01,1.777
4.3529,38.0,6.1547231270358305,32.77,-117.07,1.84
4.4063,9.0,4.564426877470356,33.63,-117.67,2.022
5.2328,49.0,5.660287081339713,37.78,-122.19,1.742
4.6293,35.0,4.580555555555556,32.78,-117.23,3.565
3.1458,34.0,5.776595744680851,32.81,-117.15,1.783
2.5729,16.0,5.241258741258742,38.04,-120.35,1.188
6.0661,24.0,6.329787234042553,34.27,-119.17,2.348
4.0767,5.0,5.4604743083003955,38.03,-121.95,1.431
1.4668,40.0,5.010752688172043,40.79,-124.18,0.646
3.428,15.0,5.572317262830482,38.02,-121.35,1.407
2.6442,23.0,4.1342592592592595,33.75,-117.92,1.563
1.5565,35.0,2.056890012642225,34.05,-118.28,1.525
2.6083,52.0,3.74618320610687,37.77,-122.41,1.938
3.0403,26.0,5.140969162995595,34.03,-117.03,1.135
3.0625,33.0,4.338028169014085,34.05,-118.02,1.658
3.023,25.0,3.441077441077441,34.06,-118.05,1.42
4.3819,25.0,4.996638655462185,37.7,-122.1,2.092
1.8641,39.0,4.547861507128309,36.75,-119.76,0.508
4.5744,52.0,5.429245283018868,37.74,-122.49,3.152
4.2143,33.0,5.41031941031941,34.25,-118.46,2.242
4.239,39.0,5.096774193548387,34.1,-118.19,2.13
2.3669,50.0,3.994891443167305,34.29,-119.3,1.653
4.9286,25.0,6.735537190082645,34.63,-120.45,1.801
6.1275,33.0,6.252830188679245,37.89,-122.54,4.244
6.1333,37.0,6.12406015037594,33.97,-118.41,3.872
4.1705,11.0,5.563758389261745,37.66,-121.04,1.628
3.2448,52.0,5.487804878048781,37.73,-122.45,2.662
5.5184,35.0,5.624624624624625,37.56,-122.3,2.748
4.1581,22.0,6.3585118376550165,34.12,-117.35,1.265
2.6336,43.0,3.104404567699837,34.09,-118.25,1.743
3.8269,31.0,6.255892255892256,38.07,-122.84,2.707
5.6411,6.0,5.7781299524564185,37.29,-121.74,2.947
2.6771,23.0,3.7484536082474227,33.74,-117.83,1.315
2.7891,40.0,5.71830985915493,39.32,-121.65,0.735
2.8173,21.0,5.524064171122995,35.37,-120.85,2.269
2.6458,35.0,5.319444444444445,40.02,-120.92,1.025
3.9792,3.0,7.2354485776805255,34.48,-117.36,1.221
3.8681,29.0,5.818181818181818,38.64,-122.82,1.886
5.6493,40.0,6.74438202247191,37.59,-122.41,4.224
5.5126,36.0,5.9647495361781075,34.23,-118.56,2.484
1.0898,45.0,3.3276595744680852,34.01,-118.25,0.934
4.3194,43.0,6.200716845878136,37.91,-122.69,2.387
3.58,10.0,6.902275769745649,33.7,-117.25,1.134
3.9009,33.0,4.272030651340996,37.28,-121.83,1.786
5.9915,23.0,6.315412186379929,34.04,-117.2,1.532
4.1865,25.0,6.03139534883721,33.93,-117.55,1.543
2.2024,20.0,5.277777777777778,37.76,-120.9,1.563
5.3903,29.0,6.451476793248945,33.75,-117.8,2.866
5.8324,17.0,6.457960644007156,36.9,-121.29,3.742
5.6651,31.0,5.416842105263158,37.43,-121.88,2.041
3.3804,38.0,5.830097087378641,33.9,-118.25,1.058
7.2707,8.0,6.771929824561403,37.33,-121.77,3.553
3.0208,34.0,4.5,32.75,-117.06,1.292
1.75,31.0,3.257575757575758,37.63,-121.0,0.738
4.3452,49.0,5.642307692307693,34.15,-118.09,2.601
4.7,36.0,6.0201005025125625,34.21,-118.51,2.236
4.6518,24.0,6.5764272559852675,33.46,-117.67,2.778
3.462,7.0,5.4436701509872245,37.7,-121.06,1.519
2.7797,15.0,5.343520782396088,38.66,-121.33,1.055
4.5909,16.0,5.475877192982456,33.63,-117.71,2.418
2.1607,35.0,4.144486692015209,33.94,-118.23,0.976
6.3522,17.0,7.430340557275541,34.18,-118.92,2.593
3.3333,52.0,5.286415711947627,37.73,-122.42,2.923
2.7188,43.0,5.188755020080321,38.75,-121.27,0.853
2.5388,15.0,3.8871733966745845,32.85,-116.93,1.19
4.8611,35.0,7.15748031496063,37.09,-122.02,2.4
4.0435,9.0,6.922459893048129,38.76,-122.51,1.326
2.0658,30.0,5.28,36.72,-119.87,0.679
5.2534,31.0,5.425383542538354,37.31,-121.96,2.909
1.1859,52.0,2.922023182297155,37.87,-122.26,2.417
7.1298,16.0,7.837719298245614,32.82,-117.08,2.786
1.8357,24.0,3.8771384136858478,32.8,-116.96,1.042
4.8274,21.0,5.832214765100671,32.57,-117.12,1.741
7.8588,34.0,7.176678445229682,34.17,-118.07,4.548
2.1691,31.0,5.322115384615385,36.68,-119.8,0.667
3.3067,17.0,4.849181360201511,32.83,-117.01,1.219
4.3429,9.0,6.17828418230563,33.26,-117.26,1.739
1.875,44.0,4.666666666666667,33.99,-118.24,0.986
4.1029,19.0,4.032994923857868,33.65,-117.91,2.134
2.0577,12.0,6.372727272727273,33.79,-116.89,0.567
6.1082,15.0,6.901865369018654,34.43,-118.51,2.537
4.3438,36.0,5.829545454545454,33.8,-118.13,2.336
4.3269,35.0,6.648809523809524,33.82,-117.95,2.247
2.1406,41.0,3.67027027027027,33.95,-118.2,1.653
2.0893,46.0,4.381818181818182,33.92,-118.25,0.965
4.03,15.0,6.053370786516854,38.77,-120.58,1.412
3.9331,32.0,4.944099378881988,34.17,-119.18,1.876
2.7434,37.0,4.801204819277109,33.89,-118.22,0.952
2.6181,24.0,4.86144578313253,37.78,-121.43,1.635
4.175,34.0,5.234200743494424,37.95,-122.05,1.694
5.6677,26.0,5.944162436548224,33.86,-118.02,2.207
2.0417,24.0,6.979910714285714,39.08,-122.86,0.788
2.5212,21.0,5.897923875432526,33.82,-116.52,1.452
4.5568,11.0,4.934210526315789,38.34,-121.97,1.272
2.2827,48.0,5.049586776859504,35.36,-119.02,0.7
5.9399,10.0,6.0364238410596025,37.3,-121.79,2.419
2.8462,35.0,3.454761904761905,33.94,-118.35,1.491
3.0902,26.0,4.168042010502625,33.77,-117.91,1.904
3.7333,36.0,6.300254452926208,38.0,-122.05,1.364
2.6488,21.0,5.837378640776699,40.5,-122.28,0.831
2.4,25.0,3.520225776105362,33.79,-118.16,1.537
3.4167,31.0,7.023255813953488,37.67,-121.06,1.969
5.0704,15.0,5.629955947136564,34.02,-117.9,2.262
3.6071,7.0,4.887774594078319,33.9,-117.49,1.591
4.7831,24.0,5.303875968992248,34.22,-119.03,2.142
2.8182,22.0,5.302040816326531,39.76,-121.63,1.097
4.8214,29.0,5.4186046511627906,33.95,-117.5,1.434
2.5208,30.0,4.3364928909952605,33.92,-118.15,1.828
3.5586,33.0,5.580882352941177,32.8,-116.92,1.604
2.3583,21.0,5.206896551724138,38.77,-120.58,1.087
2.3409,38.0,4.718631178707224,34.08,-118.19,1.155
5.2503,49.0,5.738775510204082,34.1,-118.11,2.929
2.662,13.0,7.1078838174273855,37.57,-119.82,0.924
1.3438,48.0,3.8484848484848486,37.96,-121.29,1.031
4.7612,18.0,4.9625,34.01,-118.38,3.041
3.141,21.0,5.481751824817518,38.73,-121.36,2.201
5.2077,7.0,5.4766355140186915,33.77,-118.02,1.813
4.9306,52.0,6.184426229508197,37.82,-122.24,3.134
2.9853,28.0,3.242857142857143,37.33,-121.91,1.875
3.6354,17.0,5.457380457380458,36.84,-121.38,2.212
3.1597,37.0,4.237647058823529,34.13,-117.9,1.33
2.2478,31.0,5.123809523809523,40.8,-124.13,0.811
3.4698,38.0,5.339285714285714,34.16,-118.46,2.654
2.65,28.0,4.262987012987013,33.88,-118.36,2.608
6.0992,24.0,6.0636363636363635,34.4,-119.91,2.688
6.7385,18.0,6.846153846153846,37.23,-121.8,2.724
3.9224,39.0,5.332727272727273,34.05,-117.78,1.313
5.397,44.0,6.234299516908212,37.47,-122.16,3.417
3.625,52.0,3.973568281938326,37.79,-122.25,1.25
4.0519,7.0,5.927762039660057,38.75,-121.31,1.292
2.4943,29.0,5.0828402366863905,34.05,-117.18,1.223
4.2969,30.0,5.864035087719298,34.11,-117.63,1.656
4.4609,15.0,6.129496402877698,34.12,-117.77,2.3
3.225,35.0,6.570093457943925,38.04,-121.19,1.771
1.7917,34.0,4.398496240601504,35.13,-118.44,0.8
2.567,18.0,5.022556390977444,39.79,-121.6,1.029
1.6094,27.0,4.887323943661972,36.66,-119.6,0.552
3.1061,19.0,5.490066225165563,39.76,-121.58,1.102
2.8311,41.0,4.377260981912145,33.98,-118.05,1.553
5.2396,26.0,5.737057220708447,37.52,-121.96,2.239
3.332,16.0,5.815789473684211,37.02,-119.57,1.118
1.5844,31.0,3.6061269146608317,33.78,-118.19,1.625
5.6765,25.0,6.279742765273312,33.67,-117.97,2.651
4.9444,16.0,5.533980582524272,34.11,-117.39,1.327
2.3175,26.0,3.8136061946902653,33.97,-118.18,1.545
5.2285,24.0,5.932710280373832,36.66,-121.64,2.481
3.6331,26.0,4.917874396135265,37.07,-120.87,0.886
2.9243,35.0,5.745819397993311,39.46,-123.8,1.316
2.6397,32.0,4.678321678321678,36.34,-119.66,0.597
3.4643,36.0,4.970149253731344,37.71,-122.16,1.75
7.5557,36.0,7.743396226415094,32.73,-117.23,4.414
4.8497,19.0,5.730994152046784,38.5,-121.52,1.844
5.3737,26.0,6.211678832116788,33.71,-117.97,2.529
5.9346,27.0,6.707762557077626,37.94,-121.95,2.536
4.275,49.0,6.072356215213358,38.24,-122.65,2.276
4.2589,20.0,5.06140350877193,37.29,-121.83,1.91
5.9493,36.0,5.7315175097276265,33.85,-118.1,2.28
3.5335,21.0,3.55,34.04,-118.47,2.688
1.2852,51.0,3.7590361445783134,37.83,-122.26,1.5
3.6375,19.0,5.98639455782313,33.21,-117.22,1.988
3.0606,16.0,5.2760607647983235,33.98,-117.42,1.195
3.6343,28.0,6.861003861003861,34.96,-117.08,0.798
1.9464,52.0,5.226415094339623,37.74,-122.41,2.49
2.3804,37.0,6.238970588235294,34.64,-120.46,1.48
3.7188,21.0,4.147378832838774,37.3,-121.95,2.93
3.4643,42.0,4.763754045307444,37.69,-122.11,1.609
1.375,25.0,3.857142857142857,32.67,-115.49,0.701
4.6635,35.0,5.193333333333333,34.25,-118.27,2.301
3.4545,27.0,5.2889908256880735,33.94,-116.98,0.898
2.3886,16.0,5.254716981132075,39.37,-121.24,0.894
3.7863,34.0,5.575129533678757,36.95,-121.79,1.922
6.0,40.0,5.990196078431373,37.53,-122.3,3.842
2.1538,44.0,4.368852459016393,37.73,-122.19,0.797
6.1463,6.0,7.181262729124236,37.3,-121.76,3.355
4.9102,37.0,5.070621468926554,34.2,-118.52,2.072
2.1908,32.0,5.811594202898551,36.57,-119.67,1.1
4.3472,30.0,5.136448598130841,36.6,-121.83,1.85
4.0234,52.0,4.9605263157894735,37.71,-122.43,2.665
3.4118,25.0,4.998175182481752,34.05,-118.14,3.411
2.6716,34.0,3.9588477366255144,34.08,-118.13,2.271
3.4896,17.0,6.084507042253521,38.24,-122.61,1.859
4.3036,32.0,5.375621890547263,33.8,-117.98,1.914
1.528,43.0,4.651515151515151,33.96,-118.31,1.318
2.1029,43.0,4.112469437652812,34.04,-118.19,1.533
3.4706,23.0,5.555555555555555,38.89,-121.3,0.993
5.3015,40.0,6.696296296296296,37.71,-122.07,2.549
1.7696,18.0,3.7222222222222223,32.75,-117.11,1.031
3.5481,52.0,5.4880636604774535,34.06,-118.34,3.96
3.0875,26.0,4.725543478260869,34.44,-119.83,1.984
3.7396,30.0,4.628301886792453,37.36,-121.88,2.107
3.1369,14.0,4.974666666666667,38.0,-121.33,1.196
2.9688,42.0,4.162544169611308,33.99,-117.36,0.929
4.2219,24.0,4.5394736842105265,33.75,-117.93,1.628
4.0833,35.0,4.7898550724637685,37.69,-122.46,2.667
6.6331,36.0,6.228699551569507,37.29,-121.9,2.833
3.5954,13.0,5.387195121951219,34.04,-117.7,1.63
0.8641,37.0,4.074712643678161,37.93,-122.37,0.842
3.0529,25.0,5.057142857142857,34.02,-118.12,2.658
1.9127,15.0,2.843642611683849,33.88,-117.89,1.75
5.4781,27.0,6.382413087934561,38.01,-122.53,3.109
3.625,22.0,5.161616161616162,37.92,-120.4,0.994
4.5918,36.0,5.292483660130719,34.06,-118.32,3.37
4.1148,52.0,4.803076923076923,37.79,-122.48,4.578
1.1765,36.0,5.327044025157233,37.74,-122.19,0.871
3.1189,43.0,5.055865921787709,33.9,-118.21,1.188
4.793,44.0,4.854910714285714,34.01,-118.47,4.708
3.2188,38.0,5.571942446043166,32.76,-117.06,1.505
2.2538,36.0,3.5,33.77,-118.17,1.813
5.1496,27.0,5.224299065420561,34.15,-118.42,3.65
3.3333,30.0,4.670967741935484,36.62,-121.91,2.479
2.375,46.0,5.5,37.63,-122.42,2.75
2.066,28.0,5.196750902527076,34.07,-117.4,0.881
1.5227,39.0,4.205882352941177,36.75,-119.77,0.469
1.9063,21.0,4.463235294117647,36.98,-122.02,1.667
2.6903,34.0,5.729216152019003,35.37,-118.93,0.628
1.6178,21.0,3.487562189054726,33.77,-118.19,1.375
2.1403,30.0,2.8998272884283245,34.09,-118.33,2.0
2.9643,38.0,4.331730769230769,33.91,-118.15,1.474
5.1524,36.0,4.984703632887189,37.42,-122.12,3.731
5.6402,17.0,6.262458471760797,32.81,-117.05,2.286
5.9191,36.0,6.812807881773399,38.01,-121.33,1.519
4.35,28.0,4.615384615384615,36.72,-119.83,0.675
7.1687,22.0,7.615720524017467,34.46,-119.81,3.844
1.9405,43.0,3.148846960167715,34.04,-118.21,1.525
2.293,28.0,4.574438202247191,36.78,-119.75,0.717
1.3274,21.0,2.828689370485036,33.78,-118.19,2.188
2.2094,20.0,2.1652490886998783,34.06,-118.3,0.75
4.1458,52.0,5.9602272727272725,37.76,-122.23,2.485
1.5163,43.0,3.314002828854314,34.04,-118.22,1.15
4.2429,3.0,7.3166571915861285,34.04,-117.46,1.473
3.994,30.0,5.083832335329341,38.01,-121.3,0.955
6.9741,16.0,6.7676240208877285,33.64,-117.69,2.62
5.2606,43.0,5.634615384615385,33.82,-118.2,1.989
6.0842,18.0,7.675,38.26,-121.99,2.611
1.4413,41.0,2.547008547008547,34.05,-118.28,1.589
6.6329,25.0,6.563380281690141,37.36,-122.01,3.49
2.9926,9.0,5.599353796445881,35.65,-120.64,1.582
3.25,16.0,4.935483870967742,39.37,-123.75,1.514
2.7759,30.0,4.167619047619048,33.83,-118.08,1.368
3.6036,14.0,4.577677224736048,38.34,-121.96,1.435
3.1765,32.0,5.41147132169576,34.15,-117.28,1.35
5.4694,25.0,5.360441075120606,37.66,-122.53,2.724
5.2338,38.0,5.748,33.92,-118.41,3.58
2.1,51.0,3.1818181818181817,37.79,-122.25,0.75
2.1859,38.0,4.472222222222222,33.89,-118.16,1.438
0.8075,52.0,2.490322580645161,37.81,-122.28,1.375
2.8797,33.0,3.5779220779220777,34.01,-118.41,2.853
3.1375,11.0,4.716374269005848,36.86,-121.45,1.462
3.0206,20.0,3.2512716174974567,34.14,-118.24,2.195
4.95,36.0,5.738505747126437,37.75,-122.45,3.226
3.375,37.0,4.054245283018868,33.89,-118.36,2.28
3.25,27.0,5.252559726962457,38.31,-122.49,1.955
2.1743,30.0,3.364394993045897,33.97,-118.16,1.76
4.125,30.0,5.384615384615385,38.92,-122.65,1.125
3.2569,15.0,5.444444444444445,36.84,-119.77,1.244
3.6389,34.0,3.868544600938967,34.13,-118.15,2.15
4.5208,33.0,5.502808988764045,37.66,-120.98,1.142
4.4387,20.0,5.563876651982379,37.94,-122.29,1.9
1.975,52.0,2.8,36.73,-119.79,0.475
6.0192,33.0,7.046228710462287,34.16,-118.63,3.477
3.4318,31.0,5.199186991869919,32.83,-117.22,2.004
4.0417,31.0,5.421841541755889,38.67,-121.32,1.145
4.7393,23.0,4.960328317373461,33.84,-118.29,2.379
3.2708,43.0,5.330409356725146,33.95,-118.31,1.31
1.8191,36.0,4.227665706051873,33.93,-118.27,0.927
2.3266,43.0,4.478823529411764,38.58,-121.47,1.375
2.1,17.0,4.335740072202166,39.51,-122.22,0.669
3.3632,33.0,4.553003533568905,37.6,-122.38,2.651
3.5625,27.0,4.0551378446115285,37.36,-121.95,2.086
2.4432,24.0,3.399168399168399,33.96,-118.16,1.875
1.23,47.0,5.36734693877551,34.03,-118.31,1.384
2.5741,29.0,4.932160804020101,36.71,-119.56,0.73
2.2402,25.0,5.0051085568326945,38.7,-121.38,0.895
2.25,45.0,4.556962025316456,33.94,-118.26,0.934
2.3125,37.0,3.897727272727273,34.06,-118.19,1.161
2.3929,15.0,4.493796526054591,38.46,-122.68,1.413
5.3441,36.0,5.633484162895928,33.79,-118.13,4.806
4.8051,21.0,5.857142857142857,39.0,-121.04,1.743
2.2727,40.0,4.995412844036697,35.42,-119.02,0.672
3.5521,8.0,5.292527821939586,33.6,-117.71,2.298
4.0385,33.0,5.027863777089784,37.36,-121.82,1.676
4.0208,17.0,4.694915254237288,34.16,-118.42,3.417
3.0119,27.0,4.973744292237443,34.21,-119.05,2.182
4.0647,23.0,4.717112922002328,33.43,-117.62,2.406
4.2292,33.0,5.841911764705882,34.99,-117.68,0.644
1.4952,42.0,5.00990099009901,39.88,-123.71,0.698
1.119,9.0,3.5692307692307694,33.83,-117.91,1.75
3.125,39.0,3.745614035087719,37.81,-122.25,2.375
1.7951,18.0,3.9053356282271947,32.77,-117.06,1.618
1.3286,17.0,5.272965879265092,33.9,-116.81,0.818
1.6429,46.0,3.8341625207296848,34.03,-118.33,1.25
2.8021,33.0,4.794561933534744,33.84,-117.89,1.951
5.0509,5.0,5.333333333333333,37.26,-121.84,1.848
2.7813,30.0,4.38622754491018,38.63,-121.39,1.189
4.6852,52.0,5.509687034277198,33.77,-118.13,3.952
5.0796,36.0,6.025125628140704,37.38,-122.08,3.734
5.6409,3.0,7.837745516652434,33.97,-117.21,1.977
2.375,39.0,4.55607476635514,33.86,-118.18,1.608
2.2868,17.0,5.6,41.81,-124.15,1.031
1.0685,46.0,3.6322314049586777,38.61,-121.45,0.7
0.8668,52.0,2.4431818181818183,37.8,-122.28,1.375
2.6288,23.0,6.421906693711968,35.75,-118.44,0.96
2.5882,33.0,4.376146788990826,33.91,-118.26,0.928
5.5433,29.0,6.226700251889169,34.26,-118.51,3.325
5.1788,52.0,4.786792452830189,37.77,-122.44,4.769
2.875,16.0,4.808344198174707,32.82,-116.77,2.229
2.0329,52.0,3.5843373493975905,37.76,-122.42,2.25
2.425,17.0,5.48575712143928,39.4,-121.46,0.962
3.7857,27.0,6.371335504885994,37.68,-121.03,1.105
7.1273,21.0,5.856132075471698,37.36,-122.01,3.463
3.6759,44.0,5.429447852760736,32.7,-117.18,3.688
6.6321,36.0,5.7346437346437344,33.89,-118.4,4.815
2.1378,39.0,3.7617834394904457,33.77,-118.17,1.804
3.7066,32.0,4.279627163781624,34.09,-118.08,2.068
2.4708,22.0,5.645328719723183,41.13,-124.06,1.194
2.6292,32.0,4.581005586592179,34.13,-117.9,1.361
3.4018,16.0,4.619217081850533,34.26,-119.22,1.452
3.0278,35.0,4.053571428571429,37.53,-122.29,3.106
3.0789,14.0,6.845864661654136,38.68,-120.63,1.317
1.6944,45.0,4.948717948717949,37.99,-121.29,0.752
3.0221,38.0,4.497584541062802,38.1,-122.22,0.933
3.4198,27.0,3.44804318488529,37.41,-122.11,3.519
6.7474,16.0,6.27653997378768,37.55,-122.27,3.382
4.1731,36.0,5.491803278688525,34.05,-117.93,2.051
3.6389,4.0,4.237903225806452,38.27,-122.3,1.302
3.5333,15.0,3.559498956158664,33.9,-117.88,1.144
3.3162,27.0,5.238235294117647,33.78,-116.47,1.136
2.425,46.0,4.927710843373494,36.33,-119.31,0.849
3.3724,15.0,5.4078711985688726,33.03,-117.08,1.379
2.5625,23.0,5.498901098901099,39.72,-122.04,0.7
2.8793,36.0,4.941558441558442,33.91,-118.2,1.181
6.4271,34.0,7.218390804597701,37.98,-122.49,4.517
5.2508,12.0,7.138248847926267,35.5,-120.71,2.929
1.8396,44.0,4.775628626692456,34.13,-117.28,0.771
3.7437,36.0,3.7383177570093458,34.1,-118.21,2.417
2.1304,25.0,5.448559670781893,36.72,-119.74,0.585
3.1382,21.0,4.907670454545454,38.67,-121.32,0.916
2.5301,24.0,3.452970297029703,33.64,-117.93,1.929
3.4286,34.0,5.886831275720165,35.34,-119.02,0.714
5.2548,35.0,6.018115942028985,33.85,-117.99,1.926
3.3621,36.0,5.310064935064935,33.96,-118.09,1.697
2.2653,40.0,3.54739652870494,34.07,-118.31,4.45
1.9464,32.0,3.0753424657534247,33.97,-118.16,1.906
2.1442,35.0,3.4133858267716537,34.02,-118.16,1.492
2.1806,52.0,5.193846153846154,37.84,-122.27,0.997
3.0833,25.0,4.2729468599033815,33.89,-118.35,2.327
3.7813,21.0,4.615176151761518,32.81,-117.22,3.625
6.7042,18.0,6.197241379310345,37.53,-122.33,4.13
3.2232,35.0,5.365038560411311,34.17,-117.29,0.883
3.8295,28.0,5.75,38.65,-121.44,1.222
2.152,35.0,3.379120879120879,33.99,-118.18,1.708
5.197,36.0,5.890173410404624,33.86,-117.95,1.957
2.4444,20.0,6.333333333333333,37.88,-122.22,4.75
2.5947,23.0,3.4986876640419946,34.42,-119.67,2.326
4.8125,16.0,5.439461883408072,34.12,-117.79,2.245
6.0712,22.0,5.658008658008658,37.23,-121.91,2.718
3.5125,44.0,4.602605863192182,33.94,-118.2,1.693
3.6953,23.0,4.119850187265918,33.82,-117.83,1.5
2.0057,52.0,5.061728395061729,37.96,-120.23,0.682
2.9375,50.0,7.008310249307479,38.42,-122.96,1.229
2.7014,43.0,5.113095238095238,32.75,-117.05,1.337
4.325,52.0,5.569131832797428,34.17,-118.29,2.926
2.895,18.0,4.30958904109589,33.91,-118.08,1.469
4.8917,45.0,5.918088737201365,33.83,-118.12,2.228
0.8926,10.0,6.0,34.14,-117.46,1.161
1.2969,24.0,2.4864341085271318,34.04,-118.28,1.602
5.0762,11.0,5.91554054054054,35.54,-117.84,0.98
3.1731,46.0,3.9901639344262296,33.99,-118.34,1.403
5.1478,17.0,5.103448275862069,32.57,-117.09,1.389
3.9519,17.0,4.510128913443831,38.0,-122.51,2.742
3.6625,32.0,4.766414141414141,34.05,-118.12,2.476
2.2179,33.0,5.120689655172414,37.36,-120.58,0.675
3.1827,43.0,5.515527950310559,34.04,-118.37,2.028
3.4821,16.0,5.008988764044944,37.75,-121.44,1.706
4.0326,34.0,5.22258064516129,37.63,-122.08,1.647
2.0172,52.0,2.540983606557377,36.96,-122.02,1.125
2.7143,16.0,6.385300668151448,39.88,-121.75,0.953
5.2292,52.0,6.293457943925234,34.11,-118.14,4.445
2.2969,20.0,4.873913043478261,33.04,-115.62,0.62
4.2006,24.0,5.972222222222222,36.98,-121.94,2.907
3.3545,24.0,4.25402144772118,34.17,-118.4,2.215
2.4662,15.0,5.85273492286115,33.83,-117.29,1.183
2.8892,42.0,4.681578947368421,33.95,-118.35,1.598
3.0042,18.0,5.201453790238837,34.06,-117.25,1.065
4.9904,5.0,7.843010752688172,34.6,-118.16,1.541
1.525,34.0,2.8176470588235296,34.08,-118.29,2.1
2.5978,52.0,2.6491228070175437,34.42,-119.69,2.583
2.3382,38.0,3.703767123287671,34.02,-118.47,2.975
2.4286,23.0,4.14,36.18,-119.63,1.0
6.4441,26.0,6.017057569296376,33.69,-117.93,2.61
6.868,13.0,7.075,37.47,-121.91,3.373
5.9582,38.0,6.4534412955465585,34.16,-118.04,3.507
2.3289,17.0,5.772058823529412,40.61,-122.45,0.582
1.8689,25.0,4.360169491525424,38.52,-121.41,0.668
3.025,22.0,4.006802721088436,33.85,-117.91,1.8
5.6631,4.0,6.1311964219157655,32.65,-116.97,2.334
3.6083,16.0,5.720486111111111,38.04,-121.34,1.464
4.7031,34.0,5.5019607843137255,37.74,-122.41,2.552
1.4889,19.0,4.48074369189907,38.55,-121.45,0.776
2.1746,20.0,4.711111111111111,39.74,-122.01,0.587
5.7192,14.0,5.678062678062678,32.68,-117.02,2.674
3.7826,5.0,4.363207547169812,33.79,-118.15,1.963
3.1047,32.0,4.5,38.4,-122.68,1.414
3.0972,33.0,3.7818181818181817,34.02,-118.18,1.25
5.5922,21.0,6.16728624535316,32.99,-117.27,3.821
2.7031,36.0,4.512269938650307,37.32,-121.87,1.758
3.2891,42.0,4.377551020408164,37.57,-122.32,2.379
6.0252,15.0,7.958217270194986,38.34,-121.96,1.517
6.3703,32.0,6.0,34.16,-118.41,4.658
4.0313,36.0,6.330275229357798,37.75,-122.14,1.955
5.0091,33.0,5.883771929824562,33.77,-118.02,2.115
3.75,32.0,5.84070796460177,33.74,-117.89,1.59
4.0154,12.0,4.710490463215259,37.98,-122.07,1.861
2.85,22.0,4.743354720439964,37.95,-122.05,1.446
4.5455,25.0,5.511326860841424,34.68,-118.14,1.265
4.7986,52.0,6.5038167938931295,34.19,-118.3,3.261
3.5547,25.0,6.172413793103448,37.49,-120.82,1.224
4.1282,7.0,5.144516129032258,33.11,-117.31,1.881
3.3086,7.0,5.181032290872108,34.57,-118.1,1.381
4.3317,43.0,4.729903536977492,33.79,-118.12,2.324
3.4028,52.0,4.429184549356223,37.76,-122.41,2.333
6.6345,52.0,5.603092783505154,37.34,-121.87,3.09
4.3812,32.0,5.176360225140713,34.11,-118.21,2.282
4.4259,6.0,4.114130434782608,37.56,-122.01,1.58
4.2985,12.0,5.720577617328519,33.96,-117.5,1.392
5.1695,2.0,7.299228583028826,33.89,-117.52,2.208
2.375,42.0,4.927884615384615,38.42,-122.74,1.41
5.4663,36.0,5.39647577092511,33.99,-118.4,3.267
4.4,25.0,7.23021582733813,37.7,-120.94,1.741
6.2924,27.0,6.246520874751491,33.93,-117.98,2.325
1.7868,20.0,4.563609467455621,35.59,-119.33,0.541
3.4792,33.0,6.744394618834081,35.65,-118.87,0.946
6.0308,38.0,5.857777777777778,33.82,-118.38,4.167
6.2935,26.0,7.4983108108108105,34.21,-118.87,2.58
3.3869,40.0,3.622950819672131,33.99,-118.19,1.573
6.5162,27.0,7.1246105919003115,34.19,-118.85,3.494
1.6833,15.0,5.351851851851852,38.99,-122.83,1.139
4.2026,24.0,5.617543859649123,34.59,-120.14,2.598
5.021,23.0,5.4485981308411215,33.75,-117.81,2.522
5.9572,17.0,5.670384138785626,37.55,-122.26,4.438
4.275,26.0,6.028117359413203,33.77,-117.83,2.854
3.4821,33.0,5.126614987080103,33.8,-117.96,2.313
3.2396,52.0,4.02156862745098,37.78,-122.46,3.75
5.0431,16.0,6.296296296296297,34.02,-117.62,1.641
3.1458,41.0,4.481675392670157,37.74,-122.15,1.306
4.4063,20.0,5.900560224089636,38.03,-121.34,1.308
5.3028,35.0,6.026128266033254,34.19,-118.51,2.292
2.7083,46.0,4.129251700680272,34.09,-117.65,1.163
4.125,37.0,7.285714285714286,39.12,-121.52,0.72
3.4474,28.0,4.4487394957983195,33.72,-118.3,2.534
3.7734,48.0,5.300829875518672,37.75,-122.48,3.147
4.5982,44.0,5.506849315068493,34.01,-118.41,3.335
4.3875,17.0,5.504983388704319,37.6,-122.04,2.385
5.1663,25.0,6.186153846153847,37.25,-121.82,2.412
3.1964,16.0,4.312594840667678,37.3,-121.83,1.858
4.6445,17.0,6.045618247298919,34.15,-117.23,1.372
1.8385,14.0,5.237924865831842,36.33,-119.63,0.675
5.4609,28.0,6.80359820089955,37.27,-121.9,2.636
4.0256,28.0,5.967880085653105,33.94,-117.49,1.271
2.3068,12.0,4.145092460881934,32.72,-117.01,1.323
3.5878,31.0,4.497375328083989,34.14,-118.02,2.228
3.1618,17.0,5.166979362101313,34.29,-119.14,1.542
2.9271,48.0,5.046594982078853,34.63,-120.46,1.466
5.0551,52.0,5.148936170212766,37.89,-122.29,2.322
1.6725,47.0,2.063858695652174,34.06,-118.31,1.875
1.9167,42.0,3.193916349809886,34.03,-118.29,1.364
4.1064,16.0,5.0231548480463095,33.86,-117.78,2.461
3.2422,33.0,4.672199170124482,32.74,-117.11,1.231
2.5769,30.0,6.3175675675675675,32.69,-115.59,0.944
1.3444,47.0,3.793307086614173,34.03,-118.34,1.25
2.4028,19.0,4.3478260869565215,34.1,-117.39,1.125
4.4375,5.0,6.031547320981472,33.09,-117.1,3.53
2.0161,52.0,4.307324840764331,37.77,-122.44,3.643
6.4559,16.0,7.641160949868074,34.15,-117.64,3.929
2.4722,23.0,5.430703624733476,38.61,-121.28,1.033
3.48,26.0,5.610619469026549,37.31,-120.46,0.953
4.3587,29.0,5.594298245614035,38.44,-122.67,1.964
2.2206,34.0,5.433962264150943,36.62,-119.5,0.634
2.5,34.0,3.6064,33.74,-117.86,1.625
3.1603,52.0,4.429193899782135,37.8,-122.23,2.695
5.3989,52.0,7.272058823529412,37.89,-122.27,3.356
1.3889,25.0,4.552529182879377,36.21,-119.36,0.502
2.6292,47.0,3.693140794223827,37.8,-122.24,1.827
2.52,28.0,3.7859649122807015,34.05,-118.21,1.319
3.8272,23.0,6.108557844690966,38.62,-121.48,0.966
0.8639,28.0,4.289377289377289,35.38,-118.98,0.494
3.6354,7.0,6.307152875175316,33.66,-116.31,0.98
2.5132,44.0,4.94017094017094,34.06,-118.19,1.631
2.0372,35.0,3.4449838187702264,33.95,-118.21,1.608
0.9274,38.0,4.3428571428571425,38.53,-121.4,0.675
4.7283,30.0,7.295264623955432,38.63,-121.36,1.645
0.7007,30.0,3.64,33.85,-118.18,1.344
2.8089,30.0,4.4,32.68,-117.09,1.206
2.5903,28.0,3.4643962848297214,34.15,-118.13,1.25
4.625,15.0,7.27,34.72,-118.14,1.181
3.8488,7.0,6.446636771300448,38.12,-120.76,1.306
5.1333,4.0,7.107561665992721,34.12,-117.54,1.818
2.5865,14.0,6.693363844393593,38.6,-120.76,1.338
1.9952,36.0,4.708502024291498,33.9,-118.19,1.129
2.3049,25.0,3.641843971631206,34.06,-117.7,1.5
3.375,52.0,4.011904761904762,37.79,-122.24,1.161
2.598,21.0,5.045602605863192,34.02,-117.05,1.067
4.7875,7.0,7.365044247787611,34.66,-120.45,1.983
3.0,37.0,4.890625,38.68,-121.17,1.219
2.9891,26.0,4.651394422310757,33.82,-117.97,2.052
6.3303,14.0,6.028358208955224,33.92,-117.87,3.03
6.1401,23.0,6.305799648506151,33.61,-117.67,2.432
3.5655,38.0,5.153846153846154,34.08,-117.41,0.956
4.0385,52.0,5.053619302949062,34.17,-118.04,2.657
7.4947,4.0,7.311042590094431,33.89,-117.74,3.663
1.7395,19.0,2.934560327198364,34.06,-118.24,1.625
1.8068,52.0,2.6598639455782314,37.79,-122.42,2.25
2.2344,34.0,3.2041420118343193,34.06,-118.22,1.531
5.0519,38.0,5.524916943521594,37.71,-122.08,2.27
4.6098,24.0,5.4555837563451774,37.71,-122.43,2.904
2.8841,46.0,4.851015801354402,34.05,-118.35,2.908
4.5321,14.0,5.643300798580301,38.07,-122.16,1.903
5.347,22.0,6.751091703056769,37.72,-121.92,2.195
4.4728,17.0,6.042857142857143,33.73,-117.92,2.058
1.9018,39.0,4.127906976744186,34.03,-118.33,1.375
3.3854,31.0,4.11669658886894,32.76,-117.11,2.044
1.9479,26.0,4.267326732673268,37.76,-122.19,0.858
2.7311,32.0,3.9369202226345084,34.0,-118.1,1.693
5.2586,17.0,6.945035460992908,38.69,-121.26,1.37
4.3661,37.0,5.372141372141372,33.85,-118.12,2.199
3.9583,52.0,8.169811320754716,34.23,-118.12,1.625
3.9766,47.0,6.277777777777778,38.45,-122.7,1.906
6.884,50.0,7.1035598705501615,34.18,-118.28,3.656
3.5388,30.0,5.050713153724248,32.71,-117.02,1.185
2.9392,46.0,3.8774038461538463,34.13,-118.27,2.303
4.0909,38.0,5.882352941176471,38.69,-121.39,1.083
2.4414,21.0,4.795148247978437,36.86,-120.51,0.719
5.8652,20.0,7.116022099447513,34.18,-118.9,3.026
5.3478,8.0,6.210344827586207,36.83,-119.73,1.388
1.7365,24.0,2.6298234139960757,34.07,-118.29,1.125
3.5331,30.0,5.539115646258503,37.6,-120.94,1.029
2.7386,16.0,3.367375886524823,32.77,-117.18,0.875
1.6591,52.0,2.5,32.73,-117.17,1.125
2.1151,43.0,4.24,33.98,-117.37,0.967
2.3542,43.0,4.921428571428572,38.53,-121.48,1.039
3.4234,46.0,5.494047619047619,33.79,-117.85,2.0
4.0658,33.0,6.095717884130982,32.79,-116.99,1.651
3.1528,23.0,5.652985074626866,34.88,-116.99,0.69
4.1875,16.0,4.22457627118644,37.4,-122.11,2.664
4.4196,18.0,5.451612903225806,35.38,-119.12,1.21
3.1875,9.0,3.788808664259928,34.15,-118.13,1.731
1.6903,40.0,2.4575936883629192,34.1,-118.31,3.5
3.2292,52.0,6.5636363636363635,37.77,-122.41,2.75
4.8984,31.0,4.492690058479532,34.18,-118.49,3.117
2.7083,36.0,4.6050955414012735,33.91,-118.24,1.036
2.6875,34.0,5.24,35.35,-119.03,0.737
1.8829,28.0,2.1992417860151643,34.07,-118.3,3.0
3.5603,52.0,4.904306220095694,34.09,-118.25,2.1
2.5625,30.0,6.504424778761062,35.76,-119.14,1.563
1.6343,38.0,3.670157068062827,38.63,-121.44,0.71
3.099,42.0,4.403314917127072,34.01,-118.42,3.354
4.7472,13.0,5.7862407862407865,38.19,-122.29,1.486
6.0553,29.0,6.218274111675127,33.8,-118.08,3.694
6.6288,7.0,6.802554027504912,34.04,-117.87,3.397
3.7958,33.0,5.696796338672769,34.09,-117.72,1.525
4.3125,52.0,6.645333333333333,37.78,-122.19,1.644
4.4474,46.0,4.702127659574468,33.93,-118.37,2.469
3.0682,52.0,3.732843137254902,33.99,-118.47,4.125
4.0972,30.0,5.687170474516696,38.52,-121.51,1.814
5.0176,19.0,6.061538461538461,37.77,-121.48,2.742
7.3731,16.0,7.235955056179775,33.68,-117.97,3.908
1.128,46.0,4.295454545454546,38.56,-121.5,1.231
1.4958,31.0,4.5,39.09,-121.55,0.534
2.1058,41.0,4.481632653061224,34.05,-118.19,1.243
3.7454,33.0,5.139689578713969,34.02,-117.74,1.164
4.3351,21.0,4.211992136304063,37.4,-122.06,2.674
3.3839,52.0,4.364556962025317,37.8,-122.41,4.0
2.2292,28.0,4.476829268292683,38.62,-121.4,1.132
2.4695,26.0,4.801687763713081,39.08,-121.54,0.58
3.6708,8.0,4.815013404825737,37.64,-122.11,1.979
2.3667,39.0,3.572463768115942,34.15,-118.33,0.175
3.3897,37.0,4.827868852459017,34.19,-118.32,2.227
7.2909,14.0,6.176136363636363,36.82,-119.83,1.556
2.3958,14.0,7.911111111111111,40.76,-122.89,1.021
4.8403,28.0,5.328918322295806,37.55,-121.99,2.686
3.6033,39.0,4.5701754385964914,33.98,-118.08,1.578
2.625,50.0,4.74223602484472,32.74,-117.13,2.032
6.1632,32.0,6.4681372549019605,37.92,-122.5,3.492
4.4286,6.0,4.203166226912929,33.7,-117.79,2.395
4.1071,37.0,6.272842639593908,33.76,-117.87,3.113
4.4583,31.0,5.982222222222222,32.8,-117.02,1.7
1.875,29.0,4.286681715575621,37.96,-122.35,0.972
2.0673,44.0,5.336842105263158,33.97,-118.3,0.998
2.1472,19.0,4.927645788336933,38.64,-121.38,1.434
2.325,35.0,5.171428571428572,35.42,-119.05,0.632
5.0371,25.0,6.385656292286874,38.5,-121.51,1.802
7.2559,20.0,7.364179104477612,32.82,-117.24,3.923
3.2413,31.0,5.062374245472837,34.06,-117.97,1.555
5.2016,27.0,5.577464788732394,34.19,-118.65,2.43
2.6591,26.0,7.22457627118644,37.59,-120.92,1.805
2.3958,37.0,4.136585365853659,37.68,-122.08,1.908
2.8466,29.0,4.928571428571429,38.0,-121.82,1.134
5.4218,16.0,6.0710227272727275,37.23,-121.76,2.339
6.6783,16.0,6.456876456876457,32.77,-116.92,2.75
1.9375,42.0,4.827956989247312,37.93,-122.36,0.87
5.5061,17.0,6.923128792987188,34.46,-118.5,2.394
4.1719,5.0,4.7025316455696204,38.02,-121.36,2.061
4.3333,29.0,6.023255813953488,38.0,-122.31,1.708
4.25,27.0,5.17825311942959,33.76,-118.02,2.148
2.5521,36.0,5.0,33.9,-118.25,1.131
3.7917,5.0,4.770742358078603,34.1,-117.53,1.03
2.3929,46.0,4.454081632653061,34.01,-118.14,1.568
2.2146,31.0,3.9568034557235423,33.11,-117.08,1.167
1.8495,23.0,2.1724941724941726,34.08,-118.29,2.125
2.987,46.0,4.166051660516605,34.12,-118.19,1.769
2.7143,31.0,3.46112600536193,33.64,-117.93,1.854
2.125,37.0,4.919431279620853,37.8,-121.22,0.919
4.0,32.0,5.5,33.92,-117.95,1.782
1.6851,46.0,4.948660714285714,34.02,-118.31,1.088
3.65,18.0,4.421733505821475,33.84,-117.95,1.714
6.1359,28.0,6.090909090909091,33.82,-118.36,3.3
4.566,18.0,7.236323851203501,33.99,-117.43,1.169
3.9243,44.0,4.2764423076923075,37.42,-122.15,4.048
4.3657,17.0,6.555806087936866,38.44,-122.66,2.159
1.8661,38.0,3.477401129943503,33.97,-118.25,1.066
4.3162,14.0,6.048109965635739,35.45,-119.03,0.871
5.8336,36.0,7.46,38.6,-121.37,2.833
2.0034,51.0,4.904605263157895,38.03,-121.9,0.877
2.3611,52.0,2.36,34.07,-118.04,1.313
3.0208,12.0,6.1,33.94,-116.71,0.663
4.875,1.0,5.533333333333333,35.08,-117.95,1.417
2.3357,48.0,4.064935064935065,37.67,-122.09,1.75
4.8295,44.0,6.0583941605839415,33.95,-118.31,1.496
2.7538,41.0,4.376731301939058,37.64,-120.99,0.996
2.182,37.0,4.232970027247957,33.94,-118.34,1.475
1.8245,22.0,4.401079136690647,39.76,-121.6,0.855
4.2721,18.0,5.795148247978437,33.87,-117.6,1.503
2.6,42.0,4.98813056379822,34.04,-118.34,1.714
3.7736,32.0,4.343283582089552,34.07,-117.96,1.584
3.9408,49.0,4.444794952681388,33.97,-118.21,1.706
5.5767,36.0,5.993055555555555,33.83,-118.11,2.181
3.2759,18.0,5.340673575129534,38.01,-122.31,1.95
2.8125,18.0,4.9625,33.63,-116.92,1.438
1.6435,34.0,4.289179104477612,38.55,-121.74,1.485
2.4968,46.0,4.374622356495468,37.35,-121.86,1.741
1.8315,28.0,4.510204081632653,37.67,-120.99,0.905
3.125,33.0,7.238095238095238,39.15,-122.2,1.08
1.725,43.0,4.631578947368421,38.59,-121.5,0.675
2.8097,33.0,5.260416666666667,32.77,-117.05,1.583
2.4531,52.0,3.6198630136986303,37.75,-122.41,2.29
2.6678,34.0,5.076219512195122,32.77,-117.01,1.642
2.1432,33.0,3.808270676691729,33.86,-117.94,1.975
4.5,11.0,6.191111111111111,33.36,-117.24,2.226
4.2357,11.0,4.863945578231292,33.14,-117.08,1.609
3.8864,29.0,5.16,33.85,-118.01,2.093
5.1762,16.0,6.371389270976616,34.01,-117.86,2.644
2.2241,21.0,5.218236173393124,33.91,-117.47,1.273
1.0179,42.0,3.6607142857142856,38.94,-121.1,1.25
5.791,36.0,5.004048582995951,37.39,-122.0,2.394
1.681,31.0,3.9197080291970803,37.94,-122.34,1.455
2.0156,33.0,3.4304857621440537,33.78,-118.16,1.527
4.5913,16.0,6.338593974175036,38.62,-122.85,2.446
0.8691,18.0,4.036764705882353,38.78,-121.24,1.365
3.1523,14.0,5.226685796269727,37.53,-120.84,1.418
1.7083,11.0,7.976744186046512,38.95,-122.63,0.773
4.2813,24.0,4.339869281045751,33.76,-117.96,1.895
4.9844,29.0,6.002247191011236,34.11,-117.83,2.03
4.0185,22.0,4.910979228486647,33.83,-117.97,2.009
7.7865,34.0,6.303258145363409,37.34,-122.05,4.239
6.912,29.0,6.615629984051036,37.49,-122.28,4.572
2.7734,34.0,3.0472103004291844,33.94,-118.21,1.411
3.7083,17.0,5.89727463312369,36.98,-121.97,2.524
2.6445,39.0,5.113175675675675,36.52,-119.35,0.62
2.4886,8.0,4.379310344827586,34.05,-118.2,1.375
4.1181,36.0,4.905027932960894,34.21,-118.57,1.904
3.7105,22.0,4.083606557377049,34.16,-118.45,2.726
5.2325,16.0,6.492668621700879,33.63,-117.7,2.868
7.9338,4.0,7.9296,33.54,-117.7,3.547
3.6625,45.0,4.850877192982456,34.19,-118.41,1.907
2.0243,18.0,4.5293132328308205,34.51,-117.31,0.823
3.558,42.0,4.804347826086956,33.9,-118.08,1.611
2.5179,36.0,5.051612903225807,40.69,-124.27,0.79
3.6341,40.0,5.097041420118344,34.13,-118.06,3.915
4.2353,31.0,4.200743494423792,34.27,-118.43,1.568
5.2299,36.0,5.603535353535354,33.82,-118.09,2.398
6.0634,15.0,5.935275080906149,33.68,-117.78,2.343
2.5735,20.0,4.742203742203742,34.05,-117.71,1.305
5.5875,3.0,6.875930521091812,34.07,-117.14,1.62
2.8446,18.0,5.131212723658051,40.72,-124.14,1.005
3.2024,40.0,5.373068432671082,33.93,-118.3,1.28
5.8325,18.0,6.351875808538163,36.96,-121.88,3.088
7.3769,16.0,7.68299711815562,33.71,-117.81,3.024
2.7,29.0,6.986301369863014,35.55,-119.36,1.25
1.4419,39.0,4.55425219941349,36.73,-119.76,0.455
4.9904,15.0,6.9077809798270895,36.85,-119.64,1.573
3.765,30.0,4.181126331811264,32.77,-117.19,2.38
2.5898,35.0,4.636879432624114,33.75,-116.96,0.763
1.3362,18.0,4.822299651567945,32.57,-117.06,0.95
4.7717,19.0,6.008498583569405,32.86,-116.98,1.532
3.1326,17.0,3.833457804331591,37.54,-121.98,2.208
3.2875,6.0,8.00625,38.04,-120.3,1.113
3.5179,12.0,5.021396396396397,33.04,-117.28,2.527
2.375,4.0,4.504854368932039,38.0,-121.29,1.245
3.2964,52.0,4.263502454991817,37.76,-122.41,2.65
5.5336,6.0,4.905335628227195,37.32,-121.79,2.419
3.5161,24.0,4.501440922190202,33.63,-117.92,2.364
2.4333,25.0,4.168292682926829,33.9,-118.18,1.55
2.2269,17.0,5.020435967302452,38.74,-120.83,1.283
4.3598,5.0,4.694033935413246,32.89,-117.16,1.891
2.4912,29.0,3.7248,37.81,-122.25,2.578
2.5664,52.0,4.3585365853658535,34.16,-118.13,2.15
3.6673,22.0,3.5308510638297874,34.04,-118.45,2.833
4.3513,12.0,6.184840425531915,33.07,-117.14,1.996
2.7411,52.0,4.63677130044843,37.35,-121.9,2.271
2.625,16.0,6.4,37.0,-122.0,1.375
6.9772,17.0,7.2582236842105265,37.12,-122.0,3.833
3.9417,42.0,5.074850299401198,37.94,-122.33,1.391
5.5601,4.0,7.220008478168715,37.97,-121.78,2.137
1.4722,27.0,3.9831460674157304,34.06,-117.71,0.913
4.2685,38.0,5.835051546391752,34.26,-118.31,1.896
3.0,51.0,3.744475138121547,37.32,-121.93,1.847
2.7826,21.0,4.232018561484919,32.77,-117.04,1.438
1.4125,52.0,4.381443298969073,35.37,-118.97,0.425
4.925,22.0,6.730831973898858,36.76,-119.63,1.547
1.6116,52.0,3.70625,38.59,-121.48,0.705
4.65,15.0,3.425806451612903,37.2,-121.7,3.857
3.016,35.0,5.328712871287129,38.02,-121.96,0.953
2.5625,23.0,4.589090909090909,32.56,-116.97,1.533
5.015,37.0,5.578313253012048,34.2,-118.58,2.209
3.2333,48.0,5.045296167247387,34.11,-118.29,4.364
2.7477,52.0,4.333333333333333,37.81,-122.24,2.438
2.7461,17.0,5.4261904761904765,36.15,-120.38,0.7
2.4286,33.0,5.674285714285714,37.34,-120.3,1.036
7.5,45.0,6.233128834355829,33.78,-118.13,4.345
3.0,16.0,5.1470160116448325,33.38,-117.25,1.467
1.8633,17.0,4.514851485148514,34.94,-120.47,1.094
4.6211,34.0,5.525531914893617,34.09,-118.04,2.489
2.5875,22.0,4.762295081967213,34.11,-117.23,0.813
2.4864,41.0,4.88785046728972,36.6,-121.85,1.404
2.7284,21.0,3.2351885098743267,33.96,-118.36,1.469
2.2527,18.0,4.528712871287128,36.95,-120.05,0.652
5.7951,24.0,6.63575042158516,33.89,-117.84,2.269
3.7011,34.0,4.637931034482759,34.1,-117.43,0.995
2.5806,47.0,4.739057239057239,34.05,-118.35,2.341
4.4271,44.0,5.51417004048583,33.88,-118.36,3.362
6.0302,52.0,5.8203125,37.81,-122.24,2.873
3.6681,34.0,5.326760563380281,36.79,-119.71,0.82
3.0651,24.0,5.468386023294509,34.07,-117.17,1.08
4.7566,18.0,5.958695652173913,37.99,-121.83,1.425
3.201,44.0,4.366720516962843,34.07,-118.37,2.875
3.7328,38.0,4.535014005602241,33.99,-118.05,1.824
5.1377,34.0,6.113924050632911,33.89,-118.0,2.133
3.7589,26.0,5.5537459283387625,34.97,-120.44,1.137
2.7697,38.0,5.473684210526316,38.52,-121.44,0.766
1.8618,52.0,4.157718120805369,34.36,-119.06,1.833
5.5718,20.0,6.458410351201478,38.35,-122.32,1.852
1.9727,21.0,5.366883116883117,38.9,-120.0,1.141
4.8958,49.0,3.7540106951871657,34.05,-118.38,3.336
2.7266,17.0,4.038391224862888,34.09,-117.67,1.01
5.0175,4.0,5.424050632911392,34.04,-117.5,1.434
4.775,14.0,6.235915492957746,32.72,-116.99,1.433
2.5083,52.0,5.373563218390805,35.39,-118.99,0.701
2.7361,52.0,6.225,33.34,-118.32,4.5
2.4414,52.0,2.900293255131965,37.78,-122.42,2.75
2.2273,43.0,4.86697247706422,34.03,-118.35,1.233
2.4167,28.0,6.4935064935064934,34.42,-118.75,1.917
4.0393,14.0,5.039328788673309,34.15,-117.93,1.568
3.9271,43.0,5.296187683284457,38.58,-121.44,1.471
6.1187,36.0,6.406976744186046,33.83,-118.35,3.42
2.3304,32.0,3.3106060606060606,34.02,-118.25,1.199
3.694,36.0,4.831360946745562,37.6,-122.02,1.596
3.5735,16.0,5.080419580419581,39.79,-121.97,0.896
3.6389,45.0,5.830508474576271,33.07,-117.12,1.866
2.7377,29.0,6.276716206652512,34.7,-120.59,0.283
4.6554,11.0,5.975945017182131,34.62,-120.08,2.723
1.3177,30.0,4.268135904499541,38.58,-121.54,0.743
4.6484,17.0,6.9140625,38.65,-121.26,2.706
3.3006,17.0,3.926091825307951,33.83,-117.98,1.858
0.9889,40.0,3.611111111111111,33.93,-118.25,0.875
3.0766,52.0,4.277142857142858,37.77,-122.44,4.389
4.1933,6.0,6.674351585014409,34.48,-117.26,1.631
2.59,21.0,5.840764331210191,36.71,-119.52,0.693
2.875,41.0,4.472049689440993,34.21,-118.44,1.686
2.0391,38.0,4.691460055096419,34.12,-117.33,0.704
2.6998,25.0,3.7767052767052767,37.9,-122.06,2.161
3.1042,19.0,3.3897435897435897,37.28,-121.83,1.831
5.62,36.0,6.228571428571429,33.81,-118.1,2.396
3.48,52.0,4.757281553398058,37.83,-122.26,1.914
2.5428,45.0,3.903052064631957,34.08,-118.26,1.678
4.5721,22.0,4.563139931740614,37.33,-122.04,3.512
2.1287,17.0,4.0633608815427,38.95,-121.1,0.553
2.9934,14.0,5.315656565656566,34.41,-117.28,1.182
3.8295,13.0,6.186046511627907,32.72,-116.99,1.496
4.0268,36.0,5.0847784200385355,37.7,-122.18,2.055
3.871,27.0,5.404301075268817,34.02,-117.94,1.629
4.8021,45.0,5.927536231884058,37.74,-121.42,1.335
1.6078,28.0,4.2514792899408285,37.66,-121.02,1.25
3.3397,28.0,4.530685920577618,33.72,-118.3,2.678
3.3125,19.0,5.126721763085399,35.5,-120.66,1.639
3.1696,17.0,4.07,37.5,-122.04,1.563
4.4875,32.0,5.160839160839161,34.26,-118.32,2.227
5.5111,9.0,6.536656891495602,38.77,-120.93,1.963
6.9584,16.0,6.310714285714286,37.4,-121.87,3.516
2.8924,52.0,5.355353075170843,36.67,-121.65,1.696
2.5417,50.0,6.473087818696884,40.78,-124.16,0.854
2.5681,35.0,5.050650557620818,38.27,-121.94,0.813
3.3292,31.0,4.682203389830509,33.94,-118.12,2.713
3.6591,52.0,5.673076923076923,37.96,-121.3,1.051
4.3083,36.0,6.277292576419214,34.17,-118.09,2.693
2.3963,16.0,5.2531380753138075,39.16,-121.65,1.148
2.5,23.0,5.724452554744525,36.32,-119.33,0.855
2.8438,34.0,4.620967741935484,33.82,-118.21,1.393
1.615,42.0,4.824,33.96,-118.28,1.013
1.3444,32.0,3.5286458333333335,36.3,-119.2,0.456
3.5195,26.0,6.090909090909091,33.77,-117.84,2.491
4.7639,49.0,5.304964539007092,37.71,-122.45,2.515
1.1326,42.0,4.890784982935154,33.93,-118.26,1.048
3.2642,31.0,4.397260273972603,37.46,-122.13,1.856
5.5942,5.0,6.715203426124197,38.13,-121.32,1.869
4.6547,52.0,4.5673400673400675,37.74,-122.42,3.257
3.625,17.0,5.789333333333333,37.23,-119.91,0.944
3.9549,36.0,4.237894736842105,33.96,-118.1,1.921
5.3602,36.0,8.258064516129032,37.75,-122.13,3.3
4.9167,16.0,4.558109833971903,34.13,-118.14,2.511
4.7241,46.0,5.375757575757576,34.17,-118.1,2.796
1.6505,50.0,3.8387650085763294,34.01,-118.29,1.25
3.5652,16.0,6.192,39.05,-122.92,1.19
5.0194,38.0,5.961206896551724,33.97,-117.4,1.489
5.6902,5.0,6.266900790166813,38.69,-121.17,2.432
3.1146,36.0,4.091047040971168,34.15,-118.39,3.735
3.5938,14.0,6.702479338842975,39.26,-121.18,1.403
4.5875,32.0,6.712418300653595,38.33,-122.77,2.907
4.7143,26.0,5.940988835725678,32.78,-117.07,2.683
3.5189,17.0,5.498201438848921,40.55,-122.06,1.01
2.761,42.0,3.1387900355871885,34.03,-118.17,1.2
4.0221,20.0,6.441025641025641,36.3,-119.31,0.863
3.81,29.0,4.4734411085450345,34.1,-118.1,2.346
4.2898,40.0,5.224867724867725,34.09,-118.06,2.516
2.5643,37.0,4.763975155279503,38.62,-121.45,0.598
4.2667,32.0,3.6330150068212825,37.46,-122.16,4.102
4.0521,12.0,3.9623655913978495,32.93,-117.14,1.667
2.625,19.0,4.870307167235495,36.3,-119.2,0.57
2.5598,16.0,5.117808219178082,37.07,-120.83,1.202
2.9571,18.0,4.968790637191157,33.77,-118.3,3.462
2.3333,11.0,2.4347826086956523,37.49,-122.23,2.417
4.625,21.0,6.507640067911715,32.76,-116.99,2.735
4.7,37.0,6.118032786885246,37.61,-122.42,3.413
3.2806,45.0,4.30544747081712,37.32,-121.88,1.642
5.0255,45.0,6.487394957983193,37.93,-122.07,2.26
1.6286,42.0,4.338422391857506,35.42,-119.03,0.546
1.7788,25.0,5.54054054054054,39.81,-123.24,0.579
5.9356,14.0,6.688195991091314,37.11,-121.65,3.217
2.0879,38.0,3.896210873146623,34.03,-118.36,1.207
5.4024,47.0,4.906716417910448,34.25,-118.64,2.53
6.005,30.0,6.657794676806084,37.7,-122.09,2.639
2.1549,22.0,5.0224586288416075,33.81,-117.26,1.465
2.3015,39.0,3.487012987012987,34.04,-118.19,1.317
4.1146,41.0,4.938997821350762,37.68,-122.4,2.722
4.6563,7.0,3.933530280649926,33.87,-117.87,1.624
3.0773,15.0,3.9102902374670183,34.43,-119.82,1.125
4.7813,21.0,5.248995983935743,37.63,-122.04,2.419
2.5893,33.0,3.8908045977011496,33.91,-118.23,0.889
4.3594,17.0,4.721407624633431,33.85,-118.39,3.49
2.7432,35.0,5.2044088176352705,38.62,-122.86,1.74
2.3942,38.0,3.075,33.85,-118.3,2.0
3.5833,45.0,4.408333333333333,33.93,-118.28,0.906
3.5,52.0,5.195876288659794,37.42,-121.06,0.735
3.8355,15.0,6.419753086419753,38.71,-121.4,1.07
3.2619,52.0,4.792052980132451,37.85,-122.26,3.096
1.8977,35.0,5.245901639344262,32.67,-117.07,0.956
3.1583,16.0,5.6223776223776225,38.76,-121.21,2.392
3.9036,37.0,4.968023255813954,33.95,-118.13,3.266
1.55,17.0,5.425149700598802,37.56,-120.93,1.661
1.8967,15.0,5.40877598152425,39.5,-123.34,0.966
3.8026,28.0,5.647940074906367,32.81,-117.23,2.7
3.2303,23.0,5.739478957915832,38.13,-121.3,1.318
4.6667,10.0,6.314168377823409,37.37,-120.6,1.301
2.675,43.0,3.349442379182156,34.42,-119.7,2.479
1.275,19.0,4.2269736842105265,32.8,-114.55,0.561
3.0104,15.0,3.855218855218855,32.87,-117.23,2.042
3.5481,34.0,3.7553956834532376,33.94,-118.13,2.65
2.8622,26.0,4.516501650165017,33.79,-117.92,1.843
1.3527,30.0,2.2475247524752477,35.39,-119.02,0.6
2.4444,36.0,6.154121863799283,34.16,-117.35,0.734
2.0769,17.0,3.941666666666667,33.78,-118.18,1.0
2.3205,29.0,4.636513157894737,34.1,-117.36,0.876
3.0682,14.0,5.4930693069306935,33.73,-116.24,1.041
1.7159,49.0,4.491735537190083,33.99,-118.28,0.95
2.1875,13.0,5.5119760479041915,34.41,-117.25,1.197
2.4219,33.0,4.311244979919679,33.88,-118.31,2.607
4.0052,35.0,5.336898395721925,34.1,-117.92,1.607
4.2071,8.0,5.539936102236422,36.86,-119.78,1.283
3.2171,16.0,4.871980676328502,39.44,-123.79,1.162
1.8417,33.0,3.7804878048780486,32.63,-117.09,1.5
7.4897,43.0,6.255760368663594,33.97,-118.38,3.626
3.9243,34.0,5.601343784994401,34.0,-118.06,2.198
3.875,51.0,4.968197879858657,33.77,-118.14,3.429
3.5,30.0,5.728882833787466,32.74,-117.02,1.447
5.8899,16.0,6.787586206896552,37.99,-122.27,2.432
5.1171,36.0,6.6454545454545455,33.83,-118.11,2.253
5.844,26.0,6.334876543209877,33.82,-118.04,2.739
4.825,29.0,6.577464788732394,38.33,-122.37,1.951
5.4508,14.0,5.964114832535885,36.72,-121.8,1.9
4.7031,43.0,3.8910505836575875,34.01,-118.41,3.025
4.2,38.0,5.316062176165803,33.97,-118.08,1.632
2.3947,40.0,4.442190669371197,34.14,-117.28,0.819
3.9306,19.0,6.293577981651376,38.41,-121.76,0.938
1.2041,50.0,3.862604540023895,38.57,-121.47,1.681
3.1597,27.0,4.623529411764705,33.87,-118.3,2.147
2.4726,15.0,5.180576631259484,39.15,-121.07,1.434
0.8056,48.0,4.382530120481928,37.81,-122.3,0.844
1.2049,17.0,4.3375,32.74,-114.66,0.44
3.1944,50.0,4.997512437810945,34.05,-118.34,2.135
5.49,15.0,6.136400986031225,33.45,-117.65,2.393
2.9083,15.0,4.522388059701493,33.05,-117.27,1.224
2.8667,43.0,4.106813996316759,34.11,-118.25,2.178
4.0417,47.0,5.3418803418803416,36.98,-122.01,2.653
1.9928,42.0,4.077844311377246,34.03,-118.35,1.254
1.4911,19.0,5.495412844036697,41.11,-123.63,0.592
5.7068,9.0,5.861561119293078,37.7,-121.76,2.567
5.0462,34.0,6.370491803278688,34.21,-118.59,2.277
2.9803,30.0,4.8478260869565215,34.21,-118.4,1.915
3.015,36.0,4.088709677419355,34.2,-119.17,1.493
3.1946,5.0,5.618618618618618,34.57,-117.93,1.327
3.5967,15.0,4.257391304347826,33.75,-117.93,1.416
4.6944,30.0,6.030018761726079,34.28,-118.35,2.482
2.7708,33.0,4.564432989690721,36.62,-121.83,1.618
1.9907,17.0,4.341653666146646,35.2,-118.85,0.512
6.0194,44.0,5.735343383584589,37.84,-122.21,2.923
3.0737,45.0,4.96983758700696,37.95,-122.35,1.116
4.0729,38.0,5.271875,34.13,-118.01,2.123
1.6645,35.0,4.144230769230769,34.05,-117.75,0.933
1.0486,31.0,5.974522292993631,41.32,-123.85,0.367
1.4138,36.0,4.345755693581781,38.54,-121.47,0.525
4.4828,26.0,4.9904761904761905,33.88,-118.37,3.407
3.0917,48.0,6.059139784946237,38.87,-121.13,1.281
2.5172,24.0,5.367875647668394,34.03,-117.1,0.96
2.8988,52.0,4.153488372093023,33.8,-118.2,1.949
6.0382,26.0,5.33271375464684,33.84,-118.38,3.553
2.905,37.0,5.044444444444444,38.0,-121.81,0.973
4.6429,36.0,6.089171974522293,33.85,-118.1,2.237
3.8864,52.0,4.997014925373135,37.74,-122.42,2.813
3.1827,41.0,5.261904761904762,38.56,-121.43,1.317
2.3711,20.0,5.397014925373134,39.74,-121.64,1.218
3.5777,32.0,4.604342581423402,34.21,-118.24,2.456
4.2344,33.0,4.930084745762712,34.2,-118.51,2.625
3.1832,9.0,6.288461538461538,33.67,-117.31,1.574
2.1524,36.0,3.653120464441219,34.09,-118.31,1.875
2.9453,26.0,5.411904761904762,38.39,-122.8,1.667
1.8472,36.0,5.46524064171123,35.42,-119.02,0.574
3.942,47.0,5.379069767441861,37.94,-122.34,1.433
4.0238,15.0,3.849056603773585,33.72,-118.04,1.825
4.0417,34.0,5.25748502994012,38.22,-122.63,2.321
2.9205,35.0,4.728758169934641,34.25,-118.43,1.431
5.6485,26.0,7.629787234042553,38.57,-121.36,1.295
6.4858,12.0,5.55779427359491,33.68,-118.0,2.854
3.1713,34.0,4.362916006339145,33.75,-117.89,1.701
3.6417,52.0,4.587131367292225,37.77,-122.24,2.063
3.4306,29.0,5.7388059701492535,33.86,-118.01,1.942
5.2998,30.0,6.646182495344506,33.74,-117.8,2.472
4.625,7.0,6.68348623853211,35.16,-118.51,1.368
3.6902,41.0,5.221311475409836,36.99,-122.01,2.33
4.6667,4.0,6.892030848329049,33.97,-117.29,1.606
5.5924,42.0,5.562146892655368,34.11,-118.08,2.853
1.9375,14.0,4.888888888888889,32.82,-115.37,0.809
6.083,46.0,6.310077519379845,34.15,-118.41,4.24
1.8857,31.0,4.655172413793103,36.08,-119.01,0.555
3.5887,44.0,5.26378896882494,34.19,-118.16,1.535
3.445,8.0,4.784123910939012,34.27,-119.2,2.034
2.5272,5.0,6.080049261083744,34.1,-117.41,0.92
3.2763,29.0,4.482470784641069,34.17,-118.44,2.794
6.1601,26.0,6.395408163265306,33.67,-117.9,2.661
3.2847,17.0,3.381720430107527,34.24,-119.18,1.125
7.5953,38.0,6.05,33.97,-118.4,4.348
3.4297,42.0,4.818791946308725,34.01,-118.1,1.958
1.2841,43.0,4.644230769230769,32.71,-117.14,0.72
1.7714,27.0,2.5325,33.9,-118.29,1.594
3.5179,15.0,6.145833333333333,39.33,-121.4,1.072
3.5644,32.0,4.124361158432709,33.88,-118.31,2.423
1.6369,39.0,4.91131498470948,40.78,-124.17,0.683
2.0817,40.0,4.565683646112601,37.95,-121.25,0.553
3.625,25.0,5.405172413793103,36.82,-119.78,0.895
7.7006,52.0,6.607142857142857,37.97,-122.62,3.167
2.9183,46.0,5.296969696969697,39.41,-123.36,0.769
4.2578,22.0,5.2865013774104685,34.02,-117.95,1.441
2.0214,36.0,3.01437908496732,34.07,-118.26,1.705
1.6607,20.0,4.625,38.64,-121.46,0.67
2.1889,29.0,4.548654244306419,38.63,-121.47,0.693
4.1033,28.0,4.702331961591221,37.27,-121.93,2.81
4.3424,43.0,5.261780104712042,33.82,-118.21,1.625
3.5595,6.0,4.933926302414231,37.81,-121.24,1.61
3.0638,29.0,4.701421800947867,34.07,-117.77,1.136
2.9145,19.0,3.5274725274725274,37.85,-122.47,1.404
3.1667,17.0,4.886904761904762,33.18,-117.29,1.606
3.0119,30.0,4.048387096774194,34.18,-118.41,2.622
2.1781,10.0,5.199257425742574,34.5,-117.2,0.922
4.0156,28.0,4.646987951807229,33.84,-118.03,1.96
2.0224,41.0,4.963470319634703,38.62,-121.42,0.649
4.4583,36.0,5.986636971046771,37.88,-122.53,3.086
3.9777,36.0,4.955375253549696,34.19,-118.22,4.098
5.3637,28.0,6.693486590038314,34.11,-117.74,2.147
1.69,18.0,4.423529411764706,34.14,-116.32,0.542
2.9688,52.0,4.230547550432276,37.77,-122.28,2.208
4.665,23.0,5.84,33.42,-117.6,2.806
2.7917,41.0,4.732258064516129,37.64,-120.96,0.907
3.9792,19.0,5.896103896103896,38.0,-121.31,1.319
1.6552,32.0,4.865853658536586,33.24,-115.51,0.433
4.037,35.0,4.537549407114624,34.08,-118.04,1.733
2.1696,16.0,4.834920634920635,38.27,-122.66,0.75
2.5263,34.0,4.4631956912028725,36.67,-121.63,1.304
5.3911,27.0,5.452586206896552,37.24,-121.92,2.812
3.4741,17.0,5.481149012567325,38.41,-122.07,2.458
2.5667,21.0,5.3745318352059925,38.41,-120.54,0.774
2.7321,28.0,5.043269230769231,36.85,-121.79,1.5
4.4306,14.0,5.355191256830601,38.28,-121.33,1.701
4.1875,38.0,4.220588235294118,33.19,-117.37,1.85
4.125,35.0,6.317204301075269,33.85,-117.96,1.892
3.9073,17.0,6.223577235772358,36.61,-119.44,0.916
5.76,9.0,6.305709023941068,38.0,-122.11,2.126
3.025,41.0,4.010282776349614,34.22,-118.35,1.543
4.6484,2.0,6.406607369758577,37.59,-120.98,1.459
6.1288,18.0,8.154545454545454,34.23,-118.66,3.5
2.4063,31.0,5.6,37.73,-120.91,1.702
3.5461,10.0,5.029411764705882,38.46,-121.44,1.036
4.3906,44.0,5.936675461741425,35.4,-119.0,0.939
4.9904,36.0,6.004366812227074,33.86,-118.11,2.217
3.1607,34.0,4.743732590529248,34.05,-117.27,1.382
3.1106,18.0,4.5796875,34.19,-118.55,1.706
3.275,32.0,5.5767790262172285,34.58,-118.1,1.035
3.875,44.0,5.599537037037037,34.15,-118.02,2.808
3.2813,46.0,4.392523364485982,33.89,-118.16,1.909
1.4803,10.0,3.062350119904077,33.87,-117.93,1.375
1.7727,19.0,4.431952662721893,33.36,-115.73,0.5
2.6985,16.0,4.258389261744966,32.57,-117.06,1.565
5.5882,17.0,7.009193776520509,32.97,-117.05,1.943
2.0742,31.0,4.212014134275618,34.0,-117.4,0.762
1.6303,14.0,4.380653266331659,35.65,-120.69,1.449
3.5469,36.0,4.283625730994152,34.01,-118.09,1.506
7.642,31.0,6.743006993006993,34.24,-118.23,3.964
1.3922,23.0,5.07624633431085,36.7,-119.79,0.495
2.6071,52.0,4.074906367041199,37.86,-122.27,2.5
3.0526,28.0,8.13076923076923,36.16,-121.39,1.469
3.3214,52.0,4.825,37.77,-122.23,1.896
5.7321,18.0,6.814953271028037,37.99,-121.79,1.647
5.0145,21.0,6.3108108108108105,34.23,-119.04,2.466
2.2875,17.0,4.0819165378670785,33.11,-117.11,1.324
4.185,36.0,4.979591836734694,34.22,-118.51,2.092
2.3284,30.0,4.048780487804878,32.81,-117.26,2.906
4.1719,24.0,5.063725490196078,34.15,-117.68,2.135
4.1544,19.0,4.791666666666667,37.4,-122.08,2.77
3.5167,6.0,6.407602956705386,34.45,-117.44,1.309
2.1563,22.0,3.6532033426183843,32.76,-117.13,1.271
4.7917,36.0,5.970223325062035,37.57,-122.3,2.761
1.8242,47.0,4.257990867579909,33.99,-118.26,0.95
6.4092,14.0,6.528901734104046,38.15,-122.62,3.349
5.5951,30.0,5.920567375886525,37.91,-122.52,4.029
4.18,23.0,4.936633663366337,34.27,-118.74,2.15
2.5742,25.0,4.721374045801527,38.03,-121.32,0.984
4.282,46.0,5.53265306122449,34.18,-118.35,2.247
1.965,23.0,6.058608058608058,41.6,-123.41,0.654
3.6071,43.0,5.342741935483871,34.2,-118.33,2.89
2.7543,23.0,3.2066666666666666,34.08,-118.31,2.2
0.8026,23.0,5.369230769230769,37.81,-122.29,1.125
4.4531,16.0,5.901408450704225,38.34,-120.71,1.443
2.6538,31.0,3.357142857142857,34.41,-119.71,2.318
3.6023,25.0,4.813953488372093,37.71,-121.02,1.313
1.5922,44.0,3.962121212121212,38.58,-121.47,1.151
2.8616,47.0,6.4036697247706424,38.29,-121.54,0.925
1.3125,13.0,3.4217252396166136,34.07,-118.45,3.5
4.1951,32.0,5.169977924944813,33.77,-117.89,1.95
3.1597,30.0,6.097777777777778,34.08,-117.62,1.163
2.4167,22.0,3.618361153262519,34.15,-119.18,1.92
5.5684,18.0,6.743099787685775,37.69,-120.98,1.851
5.4544,26.0,6.550819672131148,32.81,-117.02,1.809
6.7867,17.0,6.6292335115864525,37.41,-121.87,2.737
2.325,18.0,3.681899641577061,34.1,-118.35,2.5
2.9345,42.0,4.059113300492611,37.8,-122.25,2.25
4.6641,29.0,6.011965811965812,37.54,-121.95,2.489
1.1111,19.0,5.830917874396135,37.81,-122.28,1.083
3.3565,52.0,4.510948905109489,37.76,-122.43,3.864
2.3281,44.0,4.7952755905511815,37.75,-122.17,0.888
